index,published,keyword,domain,language,valid,title,description,url,image,archive,content,quote,de,en,la,added
2ae65ae5465e50683e6c0efc751073cc,2025-11-05T14:00:00Z,'water management',journals.plos.org,en,0.0,Rivers are messy: Beyond the water bias in research and management,This article reviews current trends in interdisciplinary river research to argue that a “water bias” or tendency consider rivers as synonymous with water can hinder our understanding of rivers and consequently also their management. While water is central in …,https://journals.plos.org/water/article?id=10.1371/journal.pwat.0000447,https://journals.plos.org/water/article/figure/image?id=10.1371/journal.pwat.0000447.g006&size=inline,,"Citation: Demuth B, Parrinello G, Wohl E (2025) Rivers are messy: Beyond the water bias in research and management. PLOS Water 4(11):
 e0000447.
https://doi.org/10.1371/journal.pwat.0000447
Editor… [+40763 chars]",,"Flüsse sind chaotisch: Jenseits der Wasservoreingenommenheit in Forschung und Management. In diesem Artikel werden aktuelle Trends in der interdisziplinären Flussforschung untersucht, um zu argumentieren, dass ein „Wasser-Bias“ oder eine Tendenz, Flüsse als Synonym für Wasser zu betrachten, unser Verständnis von Flüssen und folglich auch deren Bewirtschaftung beeinträchtigen kann. Während Wasser im Mittelpunkt steht …",Rivers are messy: Beyond the water bias in research and management. This article reviews current trends in interdisciplinary river research to argue that a “water bias” or tendency consider rivers as synonymous with water can hinder our understanding of rivers and consequently also their management. While water is central in …,"Flumina sunt nuntius: Trans aquam studium in investigationibus et administratione. Articulus hic recenset trends currentes in investigationibus interdisciplinaris fluvii ad disputandum quod "" pondus aquae "" seu tendentia flumina considerant ut synonyma cum aqua, intellectum fluminum impedire possunt ac per consequens etiam earum administrationem. Dum aqua media est in ...",2025-10-22 14:44:35+00:00
296d50ef6f06da8670f30730fc65d244,2025-11-06T14:32:54Z,'irrigation',www.thehindubusinessline.com,en,0.0,Lokal launches AgriLokal to connect farmers with expert agronomists in local languages,"The platform aims to address key challenges in Indian agriculture — where nearly 80% of farmers have never received formal training — by offering real-time, localised advice on soil health, irrigation, pest control, and modern practices.",https://www.thehindubusinessline.com/economy/agri-business/lokal-launches-agrilokal-to-connect-farmers-with-expert-agronomists-in-local-languages/article70248930.ece,https://bl-i.thgim.com/public/incoming/y4zz0/article70249090.ece/alternates/LANDSCAPE_1200/agrilokal.jpg,,"Lokal, a vernacular digital products platform, announced the launch of AgriLokal, an agritech platform that connects farmers directly with expert agronomists.

A media statement said that Lokal has l… [+2017 chars]",,"Lokal startet AgriLokal, um Landwirte mit erfahrenen Agronomen in den lokalen Sprachen zusammenzubringen. Die Plattform zielt darauf ab, die wichtigsten Herausforderungen in der indischen Landwirtschaft anzugehen – wo fast 80 % der Landwirte nie eine formelle Schulung erhalten haben –, indem sie in Echtzeit lokale Ratschläge zu Bodengesundheit, Bewässerung, Schädlingsbekämpfung und modernen Praktiken bietet.","Lokal launches AgriLokal to connect farmers with expert agronomists in local languages. The platform aims to address key challenges in Indian agriculture — where nearly 80% of farmers have never received formal training — by offering real-time, localised advice on soil health, irrigation, pest control, and modern practices.","Lokal AgriLokal immittit ad coniungere agricolas peritos agronomicorum in linguis localibus. In suggestu tendit ad provocationes praecipuas ad agriculturam Indianam — ubi fere 80% agricolae formalem disciplinam numquam receperunt — offerendo reale tempus, locali consilio in solo sanitate, irrigatione, peste imperium, et exercitia moderna.",2025-10-22 14:44:35+00:00
045cc4359cabbb7fd0807b76663e4a68,2025-11-06T15:44:00Z,'irrigation',www.globenewswire.com,en,0.0,Saudi Arabia PE Pipes Market Size and Share Outlook - Forecast Trends and Growth Analysis Report (2025-2034),"The Saudi Arabia PE pipes market is expanding due to infrastructure projects, urbanization, and investments in water supply, irrigation, and sewage systems. Key drivers include government initiatives like Vision 2030, desalination projects, sustainable water …",https://www.globenewswire.com/news-release/2025/11/06/3182827/28124/en/Saudi-Arabia-PE-Pipes-Market-Size-and-Share-Outlook-Forecast-Trends-and-Growth-Analysis-Report-2025-2034.html,https://ml.globenewswire.com/Resource/Download/908fb457-7f8e-4a08-9081-5565e3dfb3d7,,"Dublin, Nov. 06, 2025 (GLOBE NEWSWIRE) -- The ""Saudi Arabia PE Pipes Market Size and Share Outlook - Forecast Trends and Growth Analysis Report (2025-2034)"" report has been added to ResearchAndMarket… [+10468 chars]",,"Marktgröße und Marktanteil für PE-Rohre in Saudi-Arabien – Prognosetrends und Wachstumsanalysebericht (2025–2034). Der Markt für PE-Rohre in Saudi-Arabien wächst aufgrund von Infrastrukturprojekten, Urbanisierung und Investitionen in Wasserversorgungs-, Bewässerungs- und Abwassersysteme. Zu den wichtigsten Treibern gehören Regierungsinitiativen wie Vision 2030, Entsalzungsprojekte, nachhaltiges Wasser …","Saudi Arabia PE Pipes Market Size and Share Outlook - Forecast Trends and Growth Analysis Report (2025-2034). The Saudi Arabia PE pipes market is expanding due to infrastructure projects, urbanization, and investments in water supply, irrigation, and sewage systems. Key drivers include government initiatives like Vision 2030, desalination projects, sustainable water …","Arabia Saudiana PE Pipes Fori Magnitudo et Outlook Share - Praedictio trends et Incrementum Analysis Report (2025-2034). Arabia PE fistulae Saudianae propter infrastructuras incepta, urbanizationes et faenuses in aquarum copia, irrigationes et purgamentorum systemata dilatatur. Claves coegi includendi incepta imperii sicut visio 2030, consilia desalinatio, aqua sustinebilis ...",2025-10-22 14:44:35+00:00
73deca63757b84699eece01a63565a71,2025-11-06T16:01:00Z,'irrigation',www.syllad.com,en,0.0,"Singhal’s firm snagged Sonapur land for Rs 1.34 crore, claims opposition leader, wielding company balance sheet","A fiery political clash has erupted in Assam, casting a shadow over the sacred cremation site of cultural icon Zubeen Garg, as Opposition Leader Debabrata Saikia on Thursday accused Health and Irrigation Minister Ashok Singhal of illegal land dealings in the …",https://www.syllad.com/singhals-firm-snagged-sonapur-land-for-rs-1-34-crore-claims-opposition-leader-wielding-company-balance-sheet/,https://www.syllad.com/wp-content/uploads/2025/09/Zubeen-Garg-2.jpg,,"Syllad | The Rising MeghalayaNovember 6, 2025
A fiery political clash has erupted in Assam, casting a shadow over the sacred cremation site of cultural icon Zubeen Garg, as Opposition Leader Debabra… [+3033 chars]",,"Singhals Firma hat sich Land in Sonapur für 1,34 Mrd. Rupien gesichert, behauptet der Oppositionsführer unter Berufung auf die Bilanz des Unternehmens. In Assam ist ein heftiger politischer Konflikt ausgebrochen, der einen Schatten auf die heilige Einäscherungsstätte der Kulturikone Zubeen Garg wirft, als Oppositionsführerin Debabrata Saikia am Donnerstag den Gesundheits- und Bewässerungsminister Ashok Singhal des illegalen Landhandels in der … beschuldigte.","Singhal’s firm snagged Sonapur land for Rs 1.34 crore, claims opposition leader, wielding company balance sheet. A fiery political clash has erupted in Assam, casting a shadow over the sacred cremation site of cultural icon Zubeen Garg, as Opposition Leader Debabrata Saikia on Thursday accused Health and Irrigation Minister Ashok Singhal of illegal land dealings in the …","Singhal's terra solida snagged Sonapur pro Rs 1.34 crore, ducem oppositionem petit, machinam librariam exercens. Concursus politicus igneus erupit in Assam, obumbrans sacrum cremationis situm iconis culturalis Zubeen Garg, ut Dux Oppositio Debabrata Saikia die Iovis accusavit Salutem et Irrigationem Minister Ashok Singhal de commercio terrae illegalis in ...",2025-10-22 14:44:35+00:00
479e83dd92921573328721669b187f30,2025-11-06T22:07:14Z,'drought climate change',www.cbc.ca,en,0.0,Nova Scotia sets up committee to tackle drought issues,The environment and climate change minister told a conference of municipal leaders that the province has just launched an internal committee involving multiple departments to address drought issues.,https://www.cbc.ca/news/canada/nova-scotia/nova-scotia-sets-up-committee-to-tackle-drought-issues-9.6969843,"https://i.cbc.ca/ais/518a73a8-7b11-4759-a439-aab79849f379,1761661782990/full/max/0/default.jpg?im=Crop%2Crect%3D%280%2C1%2C4000%2C2250%29%3BResize%3D620",,"While many Nova Scotians continue to deal with dry wells following a historic drought, the province says it is working on solutions that will help residents now and in the future.
For months, munici… [+2427 chars]",,"Nova Scotia richtet ein Komitee zur Bewältigung von Dürreproblemen ein. Der Minister für Umwelt und Klimawandel teilte einer Konferenz von Gemeindevorstehern mit, dass die Provinz gerade einen internen Ausschuss mit mehreren Abteilungen ins Leben gerufen habe, um sich mit Dürreproblemen zu befassen.",Nova Scotia sets up committee to tackle drought issues. The environment and climate change minister told a conference of municipal leaders that the province has just launched an internal committee involving multiple departments to address drought issues.,Nova Scotia consilium statuit ut quaestiones siccitatis occupandi. In ambitu et mutatione climatis minister colloquio ducum municipalium narravit provinciam modo commissura internum emisisse multarum Dicasteriorum quaestiones ad siccitatem electronicam pertinentibus.,2025-10-22 14:44:35+00:00
eca50f89cbc6501714b4bff13c649d48,2025-11-07T05:31:34Z,'water management',finance.yahoo.com,en,0.0,WMS Q3 Deep Dive: Margin Expansion and Product Mix Drive Outperformance Amid Uncertain Demand,"Water management company Advanced Drainage Systems (NYSE:WMS) reported Q3 CY2025 results beating Wall Street’s revenue expectations, with sales up 8.7% year ...",https://finance.yahoo.com/news/wms-q3-deep-dive-margin-053134894.html,https://s.yimg.com/ny/api/res/1.2/Tk4VDx3PMWGojvu9x9j5QA--/YXBwaWQ9aGlnaGxhbmRlcjt3PTEyMDA7aD02MDA-/https://media.zenfs.com/en/stockstory_922/c948b2c2cda3f21beb96e0414a6a3e45,,"Water management company Advanced Drainage Systems (NYSE:WMS) reported Q3 CY2025 results beating Wall Streets revenue expectations , with sales up 8.7% year on year to $850.4 million. The company exp… [+6916 chars]",,"WMS Q3 Deep Dive: Margenerweiterung und Produktmix sorgen für Outperformance bei unsicherer Nachfrage. Das Wassermanagementunternehmen Advanced Drainage Systems (NYSE:WMS) meldete Ergebnisse für das dritte Quartal 2025, die die Umsatzerwartungen der Wall Street übertrafen, mit einem Umsatzanstieg von 8,7 % im Jahr ...","WMS Q3 Deep Dive: Margin Expansion and Product Mix Drive Outperformance Amid Uncertain Demand. Water management company Advanced Drainage Systems (NYSE:WMS) reported Q3 CY2025 results beating Wall Street’s revenue expectations, with sales up 8.7% year ...","WMS Q3 Deep Dive: Margin Expansion et Product Mix Coegi Outperformance Inter Incerta Demand. Societas administrationis aquae Advanced Drainage Systems (NYSE:WMS) retulit Q3 CY2025 proventus expectationes reditus Wall Street verberantes, cum venditionibus usque 8.7% anno ...",2025-10-22 14:44:35+00:00
b72c11580fe1e427199aa235692bc4ee,2025-11-07T12:51:41Z,'irrigation',www.syllad.com,en,0.0,"AATSU accuses minister Ashok Singhal of illegal land grab in Sonapur, alleges deep bias against Assam’s tribal communities","The All Assam Tribal Students’ Union (AATSU) has strongly condemned what it termed as the “illegal land acquisition” in Sonapur’s tribal belt, allegedly linked to Assam Health and Irrigation Minister Ashok Singhal. The organisation said the move reflects the …",https://www.syllad.com/aatsu-accuses-minister-ashok-singhal-of-illegal-land-grab-in-sonapur-alleges-deep-bias-against-assams-tribal-communities/,https://www.syllad.com/wp-content/uploads/2025/11/AATSU.jpg,,"Syllad | The Rising MeghalayaNovember 7, 2025

The All Assam Tribal Students Union (AATSU) has strongly condemned what it termed as the illegal land acquisition in Sonapurs tribal belt, allegedly lin… [+2902 chars]",,"AATSU beschuldigt Minister Ashok Singhal des illegalen Landraubs in Sonapur und wirft tiefe Voreingenommenheit gegenüber den Stammesgemeinschaften Assams vor. Die All Assam Tribal Students‘ Union (AATSU) hat den sogenannten „illegalen Landerwerb“ im Stammesgürtel von Sonapur scharf verurteilt, der angeblich mit dem Gesundheits- und Bewässerungsminister von Assam, Ashok Singhal, in Verbindung steht. Die Organisation sagte, der Schritt spiegele die … wider.","AATSU accuses minister Ashok Singhal of illegal land grab in Sonapur, alleges deep bias against Assam’s tribal communities. The All Assam Tribal Students’ Union (AATSU) has strongly condemned what it termed as the “illegal land acquisition” in Sonapur’s tribal belt, allegedly linked to Assam Health and Irrigation Minister Ashok Singhal. The organisation said the move reflects the …","AATSU ministrum Ashok Singhal accusat de terra illegalis in Sonapur capto, altas bias contra Assam in communitatibus tribus allegat. Omnes Assam Tribal Studentium Unionis (AATSU) vehementer damnaverunt quod ""acquisitio terrae illegalis"" in cingulo Sonapur tribal, Assam Health et Irrigationis Ministro Ashok Singhal coniunctum assertum est. Organizationis dictae moventur reflectit...",2025-10-22 14:44:35+00:00
ac2280ee1989c4027614247c08c08150,2025-11-07T14:10:52Z,'water management',finance.yahoo.com,en,0.0,WTS Q3 Deep Dive: Tariffs and Acquisitions Shape Outlook Amid Record Sales,"Water management manufacturer Watts Water (NYSE:WTS) beat Wall Street’s revenue expectations in Q3 CY2025, with sales up 12.5% year on year to $611.7 million...",https://finance.yahoo.com/news/wts-q3-deep-dive-tariffs-141052109.html,https://s.yimg.com/ny/api/res/1.2/AOQa_3NcaGP6RCASDQi0Hw--/YXBwaWQ9aGlnaGxhbmRlcjt3PTEyMDA7aD02MDA-/https://media.zenfs.com/en/stockstory_922/001378d0e2e66dfa32ba222e0312777b,,"Water management manufacturer Watts Water (NYSE:WTS) beat Wall Streets revenue expectations in Q3 CY2025, with sales up 12.5% year on year to $611.7 million. Its non-GAAP profit of $2.50 per share wa… [+6778 chars]",,"WTS Q3 Deep Dive: Zölle und Übernahmen prägen die Aussichten bei Rekordverkäufen. Der Wassermanagementhersteller Watts Water (NYSE:WTS) übertraf im dritten Quartal des Geschäftsjahres 2025 die Umsatzerwartungen der Wall Street mit einem Umsatzanstieg von 12,5 % gegenüber dem Vorjahr auf 611,7 Millionen US-Dollar...","WTS Q3 Deep Dive: Tariffs and Acquisitions Shape Outlook Amid Record Sales. Water management manufacturer Watts Water (NYSE:WTS) beat Wall Street’s revenue expectations in Q3 CY2025, with sales up 12.5% year on year to $611.7 million...","WTS Q3 Profundum Dive: Tariffs et Acquisitiones Figura Outlook inter Record Sales. Aquarum administratio fabrica Watts Water (NYSE:WTS) exspectationes reditus Wall Street in Q3 CY2025 beat, cum venditionibus usque ad annum 12.5% ​​in anno ad $611.7 decies centena millia...",2025-10-22 14:44:35+00:00
ed64db2829eab3bda4c852a3a43e706d,2025-11-01T00:00:45Z,'dry soil',gizmodo.com,en,0.1,A Monstrously Alluring Secret Comes to Light in This Eerie Short Story,"October's Lightspeed short story is 'Drosera regina' by A.L. Goldfuss, and it's perfect Halloween reading.",https://gizmodo.com/a-woman-hides-a-monstrously-alluring-secret-in-this-eerie-short-story-2000680209,https://gizmodo.com/app/uploads/2025/10/OCT2025_Lightspeed_io9-1200x675.jpg,,"io9 is proud to present fiction from Lightspeed Magazine. Once a month, we feature a story from Lightspeeds current issue. This months selection is Drosera regina by A.L. Goldfuss. Enjoy!
Drosera re… [+36812 chars]",,In dieser unheimlichen Kurzgeschichte kommt ein ungeheuer verlockendes Geheimnis ans Licht. Die Lightspeed-Kurzgeschichte im Oktober ist „Drosera regina“ von A.L. Goldfuss und die perfekte Halloween-Lektüre.,"A Monstrously Alluring Secret Comes to Light in This Eerie Short Story. October's Lightspeed short story is 'Drosera regina' by A.L. Goldfuss, and it's perfect Halloween reading.","Monstrum alludens, Secret venit in lucem in hac superstitio Brevis narratio. October's Lightspeed brevis narratio est 'Drosera regina' ab A.L. Goldfuss, et perfecta est lectio Halloween.",2025-10-22 14:44:35+00:00
efebe00cb7cc63827600d653493726e2,2025-11-01T02:00:00Z,'water management',www.yahoo.com,en,0.1,Officials sparks concern after releasing winter forecast with worrisome predictions: 'Expected to continue',"""Headed for what may be a thirsty fall and winter.""",https://www.yahoo.com/news/articles/officials-sparks-concern-releasing-winter-020000981.html,https://s.yimg.com/ny/api/res/1.2/7MwGFMDYX34XIKqtqiAisw--/YXBwaWQ9aGlnaGxhbmRlcjt3PTEyMDA7aD02NzU7Y2Y9d2VicA--/https://media.zenfs.com/en/the_cool_down_737/8b9f19a8bb34c74d026e14c25298818c,,"The National Oceanic and Atmospheric Administration recently issued its weather predictions for the upcoming season, and it looks like many regions of the United States are likely to experience warme… [+4612 chars]",,"Beamte wecken Besorgnis, nachdem sie die Winterprognose mit besorgniserregenden Vorhersagen veröffentlicht haben: „Es wird erwartet, dass es so weitergeht.“ „Auf dem Weg zu einem möglicherweise durstigen Herbst und Winter.“","Officials sparks concern after releasing winter forecast with worrisome predictions: 'Expected to continue'. ""Headed for what may be a thirsty fall and winter.""","Magistratus scintillas curant post dimissionem hiemalis praenuntiationibus sollicitae praenuntiationibus: 'Expectatur pergere'. "" Petens, quid sitiens casura sitienti.""",2025-10-22 14:44:35+00:00
690f1f4e06250fadd4911a67fe5fd5db,2025-11-01T04:00:00Z,'dry soil',www.thehindubusinessline.com,en,0.1,Beyond chemicals: Why biofertilisers are becoming the cornerstone of climate-smart agriculture,Adaptation of modern formulation technologies is the most critical next step to resolving the dichotomy between biological effectiveness and commercial availability,https://www.thehindubusinessline.com/economy/agri-business/beyond-chemicals-why-biofertilisers-are-becoming-the-cornerstone-of-climate-smart-agriculture/article70226205.ece,https://bl-i.thgim.com/public/incoming/76qa3c/article70228463.ece/alternates/LANDSCAPE_1200/TCRAJ_6-12-2011_18-10-17_06_12_2011_TUT_09STANDALONE.JPG,,"Modern agriculture continues to depend on synthetic petrochemical fertilisers, a legacy of the green revolution. This dependence has had profound environmental and economic consequences. The producti… [+5997 chars]",,Jenseits von Chemikalien: Warum Biodünger zum Grundpfeiler einer klimafreundlichen Landwirtschaft werden. Die Anpassung moderner Formulierungstechnologien ist der wichtigste nächste Schritt zur Lösung des Widerspruchs zwischen biologischer Wirksamkeit und kommerzieller Verfügbarkeit,Beyond chemicals: Why biofertilisers are becoming the cornerstone of climate-smart agriculture. Adaptation of modern formulation technologies is the most critical next step to resolving the dichotomy between biological effectiveness and commercial availability,Ultra chemicals: Cur biofertilisers efficiuntur angularis lapidis climatis-doloris agriculturae. Accommodatio modernae formulationis technologiae maxime criticus proximus gradus est ad dichotomiam solvendam inter efficaciam biologicam et ad promptibilitatem commercialem.,2025-10-22 14:44:35+00:00
1823f7ae47d7d70c90826278fa48a1a0,2025-11-01T13:00:00Z,'dry soil',www.cbc.ca,en,0.1,Kamloops working to remove invasive Russian olive trees — but it could take decades,"Russian olive trees may be pretty, but they’re also a problem. In Kamloops, the city is taking an innovative approach to getting rid of them, by introducing a kind of mites.",https://www.cbc.ca/news/canada/british-columbia/kamloops-invasive-russian-olive-trees-9.6955562,"https://i.cbc.ca/ais/9b4a723f-43a5-44ba-b903-fdab6cbdf22a,1761599015324/full/max/0/default.jpg?im=Crop%2Crect%3D%280%2C378%2C4032%2C2268%29%3BResize%3D620",http://web.archive.org/web/20251112121927/https://www.cbc.ca/news/canada/british-columbia/kamloops-invasive-russian-olive-trees-9.6955562,"Russian olive trees sometimes known as silver berry or oleaster   are small, ornamental plants with silvery leaves and black bark, and small yellow flowers and silver fruit that look like miniature o… [+3353 chars]",,"Kamloops arbeitet daran, invasive russische Olivenbäume zu entfernen – aber es könnte Jahrzehnte dauern. Russische Olivenbäume mögen hübsch sein, aber sie sind auch ein Problem. In Kamloops verfolgt die Stadt einen innovativen Ansatz, um sie loszuwerden, indem sie eine Art Milben einführt.","Kamloops working to remove invasive Russian olive trees — but it could take decades. Russian olive trees may be pretty, but they’re also a problem. In Kamloops, the city is taking an innovative approach to getting rid of them, by introducing a kind of mites.","Kamloops opus est ut arbores olivae Russicae incursiones removerent — sed decennia accipere potuit. Olivae Russicae pulchrae esse possunt, sed etiam quaestio es. In Kamloops, urbs est aditus amet ad tollendum, quaedam minuta inducendo.",2025-10-22 14:44:35+00:00
21b1f5f5aafb7c7b90775bdacec43379,2025-11-01T14:30:06Z,'dry soil',www.bostonherald.com,en,0.1,"Don’t toss your Halloween pumpkin — bake, compost or feed it to farm animals instead",Don’t let your Halloween pumpkin haunt the landfill this November.,https://www.bostonherald.com/2025/11/01/halloween-pumpkin-waste-uses/,https://www.bostonherald.com/wp-content/uploads/2025/10/Climate_Choices_Pumpkin_Waste_68640-1.jpg?w=1024&h=681,,"By KIKI SIDERIS
Dont let your Halloween pumpkin haunt the landfill this November.
More than 1 billion pounds of pumpkins rot in U.S. landfills each year after Halloween, according to the Department… [+4579 chars]",,"Werfen Sie Ihren Halloween-Kürbis nicht weg – backen, kompostieren oder verfüttern Sie ihn stattdessen an Nutztiere. Lassen Sie Ihren Halloween-Kürbis diesen November nicht auf der Mülldeponie herumspuken.","Don’t toss your Halloween pumpkin — bake, compost or feed it to farm animals instead. Don’t let your Halloween pumpkin haunt the landfill this November.","Noli iactare cucurbita Halloween - coque, compone vel pasce in loco pecudum. Ne tua cucurbita Halloween terram occupet in hoc Novembri.",2025-10-22 14:44:35+00:00
8c30f114ae42b5d48656eebc83c0b52a,2025-11-01T16:00:01Z,'dry soil',phys.org,en,0.1,Drinking tequila and mezcal sustainably on The Day of the Dead,"People in Mexico and elsewhere will soon be marking the annual Día de Muertos (Day of the Dead) on Nov. 2. Many will celebrate the day with the quintessential Mexican beverage, tequila; perhaps in the form of a slushy margarita or a shot.",https://phys.org/news/2025-10-tequila-mezcal-sustainably-day-dead.html,https://scx2.b-cdn.net/gfx/news/hires/2025/day-of-the-dead.jpg,,"by Brendon Larson, Raymundo Martínez Jiménez, Ronda L. Brulotte, The ConversationPeople in Mexico and elsewhere will soon be marking the annual Día de Muertos (Day of the Dead) on Nov. 2. Many will c… [+6610 chars]",,Am Tag der Toten nachhaltig Tequila und Mezcal trinken. Menschen in Mexiko und anderswo werden bald am 2. November den jährlichen Día de Muertos (Tag der Toten) begehen. Viele werden den Tag mit dem typisch mexikanischen Getränk Tequila feiern; vielleicht in Form einer matschigen Margarita oder eines Shots.,"Drinking tequila and mezcal sustainably on The Day of the Dead. People in Mexico and elsewhere will soon be marking the annual Día de Muertos (Day of the Dead) on Nov. 2. Many will celebrate the day with the quintessential Mexican beverage, tequila; perhaps in the form of a slushy margarita or a shot.","Bibens tequila et mezcal sustainably in the day of the Dead. Homines in Mexico et alibi mox annuum Día de Muertos notent (diei defunctorum) die 2 novembris. Multi diem celebrabunt cum Mexicana potus quintessentialis, tequila; fortassis in forma margaritae tabida vel offa.",2025-10-22 14:44:35+00:00
5811cf2d156db51bba88a6963866ac4f,2025-11-02T04:47:40Z,'dry soil',www.sciencedaily.com,en,0.1,Soil microbes remember drought and help plants survive,"Researchers discovered that soil microbes in Kansas carry drought “memories” that affect how plants grow and survive. Native plants showed stronger responses to these microbial legacies than crops like corn, hinting at co-evolution over time. Genetic analysis…",https://www.sciencedaily.com/releases/2025/11/251101000348.htm,https://www.sciencedaily.com/images/1920/corn-root-cross-section.webp,,"A new study in Nature Microbiology analyzes soils collected across Kansas to test the role of ""legacy effects,"" which refers to how soils at a given site are shaped by microbes that have adapted to t… [+5367 chars]",,"Bodenmikroben erinnern sich an Dürreperioden und helfen Pflanzen beim Überleben. Forscher entdeckten, dass Bodenmikroben in Kansas Dürre-„Erinnerungen“ tragen, die sich darauf auswirken, wie Pflanzen wachsen und überleben. Einheimische Pflanzen reagierten stärker auf diese mikrobiellen Hinterlassenschaften als Nutzpflanzen wie Mais, was auf eine Koevolution im Laufe der Zeit hindeutet. Genetische Analyse…","Soil microbes remember drought and help plants survive. Researchers discovered that soil microbes in Kansas carry drought “memories” that affect how plants grow and survive. Native plants showed stronger responses to these microbial legacies than crops like corn, hinting at co-evolution over time. Genetic analysis…","Solum microbes siccitatis memini et plantae auxilium superesse. Investigatores invenerunt solum microbes in Kansas siccitatem portare ""memoriam"" quae afficiunt quomodo plantae crescunt et supervivunt. Plantae indigenae responsa his microbialibus legata fortiora demonstraverunt quam fruges sicut frumentum, co-evolutionem per tempus significans. Analysis geneticae…",2025-10-22 14:44:35+00:00
c23a492b918e5317825216844733de1f,2025-11-02T07:35:04Z,'dry soil',m.economictimes.com,en,0.1,5 indoor plants that naturally keep mosquitoes away,"If there’s one uninvited guest we all dread at home, it’s the mosquito. These buzzing insects are not only annoying but can also spread diseases like dengue, malaria, and chikungunya. But instead of reaching for chemical repellents, nature offers an elegant s…",https://m.economictimes.com/news/india/5-indoor-plants-that-naturally-keep-mosquitoes-away/say-goodbye-to-mosquitoes-forever/slideshow/125030726.cms,"https://img.etimg.com/thumb/msid-125030726,width-1070,height-580,overlay-economictimes/slideshow.jpg",,"Nov 02, 2025, 01:08:23 PM IST
If there’s one uninvited guest we all dread at home, it’s the mosquito. These buzzing insects are not only annoying but can also spread diseases like dengue, malaria, a… [+3027 chars]",,"5 Zimmerpflanzen, die Mücken auf natürliche Weise fernhalten. Wenn es einen ungebetenen Gast gibt, den wir alle zu Hause fürchten, dann ist es die Mücke. Diese summenden Insekten sind nicht nur lästig, sondern können auch Krankheiten wie Denguefieber, Malaria und Chikungunya übertragen. Doch anstatt zu chemischen Abwehrmitteln zu greifen, bietet die Natur ein elegantes Mittel …","5 indoor plants that naturally keep mosquitoes away. If there’s one uninvited guest we all dread at home, it’s the mosquito. These buzzing insects are not only annoying but can also spread diseases like dengue, malaria, and chikungunya. But instead of reaching for chemical repellents, nature offers an elegant s…","5 plantae umbraticae quae naturaliter culicibus auferunt. Si unus est invitus hospes, quem omnes domi timemus, est CULEX. Haec insecta stridoribus non solum molesta sunt, sed etiam morbos ut dengue, malariae, et chikungunya spargere possunt. Sed pro chemicis repellentibus attingendi, natura elegantem offert s…",2025-10-22 14:44:35+00:00
10a9f8f5e3b8eb8a81ff512ee5287703,2025-11-02T09:00:00Z,'dry soil',www.cbc.ca,en,0.1,Italian winemakers look to new technologies with old grape varieties to adapt to a changing climate,"As Italy’s vineyards grapple with summers that are longer and hotter, erratic weather and dwindling water, winemakers are being forced to rethink one of the oldest assumptions in their craft: terroir, the delicate interplay of soil, sun, wind, rain and human …",https://www.cbc.ca/news/world/italian-wine-production-changing-climate-9.6958528,"https://i.cbc.ca/ais/f5593ad6-3e9b-418b-9fc4-c1afa3bb368b,1761844936885/full/max/0/default.jpg?im=Crop%2Crect%3D%280%2C378%2C4032%2C2268%29%3BResize%3D620",,"Massimo Tosoni paces through his vineyards, the rows stretching like ribbons of green under a relentless sun. In the distance, the town of Tarquinia sits on a hilltop once ruled by the ancient Etrusc… [+6962 chars]",,"Italienische Winzer setzen bei alten Rebsorten auf neue Technologien, um sich an das sich ändernde Klima anzupassen. Während Italiens Weinberge mit längeren und heißeren Sommern, unbeständigem Wetter und schwindendem Wasser zu kämpfen haben, sind Winzer gezwungen, eine der ältesten Annahmen ihres Handwerks zu überdenken: Terroir, das empfindliche Zusammenspiel von Boden, Sonne, Wind, Regen und Mensch …","Italian winemakers look to new technologies with old grape varieties to adapt to a changing climate. As Italy’s vineyards grapple with summers that are longer and hotter, erratic weather and dwindling water, winemakers are being forced to rethink one of the oldest assumptions in their craft: terroir, the delicate interplay of soil, sun, wind, rain and human …","Vini Italici novas technologias spectant cum variis uvarum generibus ad mutabilem clima accommodandam. Cum Italiae vineae aestates quae longiores et calidiores, tempestates erraticae et aquae minuendae sunt, vinitores retexere coguntur unum e vetustissimis suppositionibus in sua arte: terroire, de tenui commercio soli, solis, venti, pluviae et humano …",2025-10-22 14:44:35+00:00
e20225b09dc6b61fdf524688ddef49c7,2025-11-02T12:25:40Z,'dry soil',freerepublic.com,en,0.1,Furious leaders question why they weren't warned over dangerous levels of radiation detected at former San Francisco naval shipyard,San Francisco officials are demanding answers after learning that dangerous levels of radiation were detected at the city's former naval shipyard nearly a year ago - but that no one told them until now. Air filters at the decommissioned Hunters Point Naval Sh…,https://freerepublic.com/focus/f-news/4350201/posts,,,"Skip to comments.
Furious leaders question why they weren't warned over dangerous levels of radiation detected at former San Francisco naval shipyardUK Daily Mail ^
 | 11/02/2025
 | James Gordon
… [+3525 chars]",,"Wütende Führungskräfte fragen sich, warum sie nicht vor gefährlichen Strahlungswerten gewarnt wurden, die in der ehemaligen Marinewerft von San Francisco festgestellt wurden. Beamte von San Francisco fordern Antworten, nachdem sie erfahren haben, dass vor fast einem Jahr auf der ehemaligen Marinewerft der Stadt gefährliche Strahlungswerte festgestellt wurden – aber dass ihnen bisher niemand davon erzählt hat. Luftfilter im stillgelegten Marinestützpunkt Hunters Point …",Furious leaders question why they weren't warned over dangerous levels of radiation detected at former San Francisco naval shipyard. San Francisco officials are demanding answers after learning that dangerous levels of radiation were detected at the city's former naval shipyard nearly a year ago - but that no one told them until now. Air filters at the decommissioned Hunters Point Naval Sh…,Duces furentes interrogant cur non admoniti sint in ordinibus periculosis radiorum in San Francisco navalia navalia pristina detecta. Magistratus San Francisco responsa flagitant postquam cognita sunt gradus periculosos radiorum in urbe navalia navalia pristina prope annum ante deprehensis esse - sed hoc nemo adhuc nuntiavit. Air Filtra ad decommissioned Venatores Point Naval Sh ...,2025-10-22 14:44:35+00:00
4415551b8dc97adc37407f4f3e2dd61e,2025-11-02T13:15:49Z,'dry soil',freerepublic.com,en,0.1,The Most Effective Natural Agent Against Cancer,"Two weeks ago, I asked Dr. Paul Marik what he thought about Guy Tenenbaum’s inexplicable recovery from Stage 4 Prostate Cancer including the disappearance of bone metastases. We both reviewed his case in detail. This analysis led to a discovery that resulted …",https://freerepublic.com/focus/f-bloggers/4350212/posts,,,"Skip to comments.
The Most Effective Natural Agent Against CancerJustusRHope.Substack ^
 | November 2, 2025
 | Justus R. Hope
Posted on 11/02/2025 5:15:49 AM PST by Twotone
Two weeks ago, I aske… [+29858 chars]",,"Das wirksamste natürliche Mittel gegen Krebs. Vor zwei Wochen fragte ich Dr. Paul Marik, was er über Guy Tenenbaums unerklärliche Genesung von Prostatakrebs im Stadium 4, einschließlich des Verschwindens von Knochenmetastasen, halte. Wir haben beide seinen Fall eingehend geprüft. Diese Analyse führte zu einer Entdeckung, die …","The Most Effective Natural Agent Against Cancer. Two weeks ago, I asked Dr. Paul Marik what he thought about Guy Tenenbaum’s inexplicable recovery from Stage 4 Prostate Cancer including the disappearance of bone metastases. We both reviewed his case in detail. This analysis led to a discovery that resulted …","Maxime efficax agentis naturalis contra Cancrum. Duo abhinc hebdomades, Dr. Paul Marik rogavi quid de Guy Tenenbaum recuperatione inexplicabili e Stage 4 Cancri prostate prostatae metastasum ossis ablatione comprehendere sentiret. Causam suam singillatim recensuimus ambo. Haec analysis perducitur ad inveniendum quod evenit.",2025-10-22 14:44:35+00:00
28c078f2da1effeaaa31dca329e546c7,2025-11-02T18:03:10Z,'dry soil',freethoughtblogs.com,en,0.1,The Great Gardening of 2025 – Part 53 – Bountiful Beans,"Like I said during the year, runner beans are my favourite crop. They grow well in the marginal soil, and it must be a really bad year indeed for me to not harvest at least a few kg, even when planting them just in one row behind my house. This year, I also g…",https://freethoughtblogs.com/affinity/2025/11/02/the-great-gardening-of-2025-part-53-bountiful-beans/,https://freethoughtblogs.com/affinity/wp-content/themes/ftb2-theme/images/logo.gif,,"Like I said during the year, runner beans are my favourite crop. They grow well in the marginal soil, and it must be a really bad year indeed for me to not harvest at least a few kg, even when planti… [+3131 chars]",,"Die große Gartenarbeit des Jahres 2025 – Teil 53 – Bohnen im Überfluss. Wie ich schon im Laufe des Jahres sagte, sind Stangenbohnen meine Lieblingsernte. Sie gedeihen gut auf magerem Boden, und es muss tatsächlich ein wirklich schlechtes Jahr für mich gewesen sein, wenn ich nicht mindestens ein paar Kilo geerntet habe, selbst wenn ich sie nur in einer Reihe hinter meinem Haus gepflanzt habe. Dieses Jahr habe ich auch…","The Great Gardening of 2025 – Part 53 – Bountiful Beans. Like I said during the year, runner beans are my favourite crop. They grow well in the marginal soil, and it must be a really bad year indeed for me to not harvest at least a few kg, even when planting them just in one row behind my house. This year, I also g…","Magnus hortulus 2025 – Pars 53 – Faba munificus. Sicut dixi in anno, cursor faba mea seges est. In solo marginali bene crescunt, et vere malus annus esse debet mihi quidem non paucis kg messe, etiam cum in uno ordine post domum meam serere. Hoc anno, ego quoque g…",2025-10-22 14:44:35+00:00
1fe2225b6e8225699e68d3808d72b6c4,2025-11-02T18:24:31Z,'water management',www.yankodesign.com,en,0.1,Design Without Compromise: How Samsung Is Rethinking Home Appliances From the Inside Out,"Design Without Compromise: How Samsung Is Rethinking Home Appliances From the Inside OutDuring my visit to Samsung’s home appliance R&D facility in Seoul, Jay Yoon, Corporate VP and Head of the Refrigerator R&D Group, explained something remarkable...",https://www.yankodesign.com/2025/11/02/design-without-compromise-how-samsung-is-rethinking-home-appliances-from-the-inside-out/,https://www.yankodesign.com/images/design_news/2025/11/design-without-compromise-how-samsung-is-rethinking-home-appliances-from-the-inside-out/1761609858639-2.jpg,,"During my visit to Samsung’s home appliance R&amp;D facility in Seoul, Jay Yoon, Corporate VP and Head of the Refrigerator R&amp;D Group, explained something remarkable about the development of their… [+15287 chars]",,"Design ohne Kompromisse: Wie Samsung Haushaltsgeräte von Grund auf neu denkt. Design ohne Kompromisse: Wie Samsung Haushaltsgeräte von innen heraus überdenktWährend meines Besuchs in Samsungs Forschungs- und Entwicklungseinrichtung für Haushaltsgeräte in Seoul erklärte Jay Yoon, Corporate VP und Leiter der Forschungs- und Entwicklungsgruppe für Kühlschränke, etwas Bemerkenswertes ...","Design Without Compromise: How Samsung Is Rethinking Home Appliances From the Inside Out. Design Without Compromise: How Samsung Is Rethinking Home Appliances From the Inside OutDuring my visit to Samsung’s home appliance R&D facility in Seoul, Jay Yoon, Corporate VP and Head of the Refrigerator R&D Group, explained something remarkable...","Design Sine Compromise: Quomodo Samsung est Recogitat Domus Adjumenta ab intra Ex. Design Sine Compromise: Quomodo Samsung Recogitando Home Appliances Ab Inside OutDuring mea visitatio ad LG's domum appliance R&D facilitas in Seoul, Jay Yoon, Corporate VP et Capitis Refrigeratoris R&D Group, aliquid memorabile explicavit...",2025-10-22 14:44:35+00:00
adbe6b4ddb634da76513daa41f5f7ffe,2025-11-02T21:11:45Z,'dry soil',www.forbes.com,en,0.1,10 Forms Of ‘Art In Nature’ From The Nature’s Best Photography 2025 Awards,Take a closer look at how 2025’s best nature photos turn everyday wild moments into stunning stories of life on Earth.,https://www.forbes.com/sites/scotttravers/2025/11/02/10-forms-of-art-in-nature-from-the-natures-best-photography-2025-awards/,https://imageio.forbes.com/specials-images/imageserve/69022d488810ea86def97b10/0x0.jpg?format=jpg&height=900&width=1600&fit=bounds,,"Take a closer look at how 2025s best nature photos turn everyday wild moments into stunning stories of life on Earth.
By © Genia Ikhfa Anindita, at age 13, of Haruai, Tabalong, Indonesia
Every year… [+8792 chars]",,"10 Formen von „Kunst in der Natur“ aus den Nature’s Best Photography 2025 Awards. Schauen Sie sich genauer an, wie die besten Naturfotos des Jahres 2025 alltägliche wilde Momente in atemberaubende Geschichten über das Leben auf der Erde verwandeln.",10 Forms Of ‘Art In Nature’ From The Nature’s Best Photography 2025 Awards. Take a closer look at how 2025’s best nature photos turn everyday wild moments into stunning stories of life on Earth.,10 Formae Artis In Natura Ex Optima Photography 2025 Praemia. Propius inspice quomodo 2025 optima naturae optimae imagines vertunt momenta in dies feras in fabulis vitae in Terra attonitus.,2025-10-22 14:44:35+00:00
6bd44c0b2b32bd9c48dd5e5cbab8a591,2025-11-02T22:53:00Z,'drought Iran',www.channelnewsasia.com,en,0.1,"Magnitude 6.3 earthquake shakes Afghanistan's Mazar-e Sharif city, casualties feared","A magnitude 6.3 earthquake struck northern Afghanistan overnight Sunday (Nov 2) into Monday, the US Geological Survey (USGS) said, two months after a tremor in the impoverished nation's east killed over 2,200 people.The overnight quake hit at a depth of 28km …",https://www.channelnewsasia.com/asia/earthquake-northern-afghanistan-tremors-usgs-6-magnitude-5441091,"https://dam.mediacorp.sg/image/upload/s--bPCANLJc--/c_crop,h_545,w_968,x_2,y_1/c_fill,g_auto,h_676,w_1200/f_auto,q_auto/v1/mediacorp/cna/image/2025/11/03/image-11.png?itok=6NJWcMmo",,"A magnitude 6.3 earthquake struck northern Afghanistan overnight Sunday (Nov 2) into Monday, the US Geological Survey (USGS) said, two months after a tremor in the impoverished nation's east killed o… [+1976 chars]",,"Ein Erdbeben der Stärke 6,3 erschüttert die afghanische Stadt Mazar-e Sharif, es werden Opfer befürchtet. Ein Erdbeben der Stärke 6,3 erschütterte in der Nacht von Sonntag (2. November) auf Montag Nordafghanistan, teilte der US Geological Survey (USGS) mit, zwei Monate nachdem bei einem Erdbeben im Osten des verarmten Landes über 2.200 Menschen ums Leben kamen. Das Beben ereignete sich über Nacht in einer Tiefe von 28 km …","Magnitude 6.3 earthquake shakes Afghanistan's Mazar-e Sharif city, casualties feared. A magnitude 6.3 earthquake struck northern Afghanistan overnight Sunday (Nov 2) into Monday, the US Geological Survey (USGS) said, two months after a tremor in the impoverished nation's east killed over 2,200 people.The overnight quake hit at a depth of 28km …","Magnitudo 6.3 terrae motus Afghanistan Mazar-e Sharif urbem commovet, casus metuuntur. Magnitudo 6.3 terrae motus Afghanistan septentrionalis nocte die Dominico (Nov 2) in Lunae, US Geological Survey (USGS) dixit, duos menses post tremorem in natione nationis depauperae oriens super 2,200 homines occisum. Pernoctare in altitudinem 28km … commoti sunt.",2025-10-22 14:44:35+00:00
7a1792ad07aeb4793f83be198489f2b5,2025-11-02T23:00:00Z,'dry soil',www.thestar.com.my,en,0.1,Frustration as Johor’s taps run dry,"JOHOR BARU: In May, Fatin Azrin and her family were forced to spend several days in Pontian after the taps in their home here ran dry due to an unscheduled water disruption. Read full story",https://www.thestar.com.my/news/nation/2025/11/03/frustration-as-johors-taps-run-dry,https://apicms.thestar.com.my/uploads/images/2025/11/03/3602299.jpeg,,"JOHOR BARU: In May, Fatin Azrin and her family were forced to spend several days in Pontian after the taps in their home here ran dry due to an unscheduled water disruption.
Now, less than six month… [+3271 chars]",,"Frustration, als Johors Wasserhähne versiegen. JOHOR BARU: Im Mai mussten Fatin Azrin und ihre Familie mehrere Tage in Pontian verbringen, nachdem die Wasserhähne in ihrem Haus hier aufgrund einer außerplanmäßigen Wasserstörung trocken waren. Lesen Sie die ganze Geschichte","Frustration as Johor’s taps run dry. JOHOR BARU: In May, Fatin Azrin and her family were forced to spend several days in Pontian after the taps in their home here ran dry due to an unscheduled water disruption. Read full story","Frustratio sicut taps Johor arescit. JOHOR BARU: Mense Maio, Fatin Azrin et eius familia complures dies in Pontiano degere coacti sunt post taps in domo sua hic exsiccata propter discidium aquae indisciplinatae. Read full story",2025-10-22 14:44:35+00:00
ac3324ab665a8b8475ecd1e2617a3ff5,2025-11-02T23:19:47Z,'drought Iran',www.abc.net.au,en,0.1,Magnitude-6.3 earthquake hits Afghanistan,"It is unclear how many people have died following an earthquake in northern Afghanistan, two months after a tremor killed more than 2,200 people.",https://www.abc.net.au/news/2025-11-03/afghanistan-earthquake/105964078,https://live-production.wcms.abc-cdn.net.au/a6d73654076c84cf367ca4b9d217dac4?impolicy=wcms_watermark_news&cropH=341&cropW=607&xPos=17&yPos=135&width=862&height=485&imformat=generic,,"A magnitude-6.3 earthquake has struck northern Afghanistan's Hindu Kush region, according to the US Geological Survey (USGS).
The earthquake hit at a depth of 28 kilometres in Kholm, a town with a p… [+1625 chars]",,"Erdbeben der Stärke 6,3 erschüttert Afghanistan. Es ist unklar, wie viele Menschen nach einem Erdbeben im Norden Afghanistans gestorben sind, zwei Monate nachdem bei einem Erdbeben mehr als 2.200 Menschen ums Leben kamen.","Magnitude-6.3 earthquake hits Afghanistan. It is unclear how many people have died following an earthquake in northern Afghanistan, two months after a tremor killed more than 2,200 people.","Magnitudo-6.3 terrae motus Afghanistan pervenit. Incertum est quot homines sequentes terrae motus in Afghanistan septentrionali mortui sunt, duobus mensibus post tremor plus quam 2,200 homines occiderunt.",2025-10-22 14:44:35+00:00
17cff3a64b67a383281cdb1107ce68fc,2025-11-03T00:00:00Z,'dry soil',news.stanford.edu,en,0.1,Study reveals rainfall tipping point that threatens crops,"New research shows that crops like maize and wheat, which depend on recycled rainfall, are more vulnerable to drought. A critical moisture threshold could help predict and reduce future crop failures.",https://news.stanford.edu/stories/2025/11/rainfall-tipping-drought-risk-crops-research,https://news.stanford.edu/__data/assets/image/0031/178429/GettyImages-1842056917-rainfall-crops.jpg,,"It matters where the rain that irrigates your food comes from.
In one of the first global analyses tracing the origins of rainfall for major crops, researchers at Stanford University and the Univers… [+5098 chars]",,"Studie zeigt Niederschlags-Kipppunkt auf, der Ernten gefährdet. Neue Forschungsergebnisse zeigen, dass Nutzpflanzen wie Mais und Weizen, die auf recycelte Niederschläge angewiesen sind, anfälliger für Dürre sind. Ein kritischer Feuchtigkeitsschwellenwert könnte dabei helfen, künftige Ernteausfälle vorherzusagen und zu reduzieren.","Study reveals rainfall tipping point that threatens crops. New research shows that crops like maize and wheat, which depend on recycled rainfall, are more vulnerable to drought. A critical moisture threshold could help predict and reduce future crop failures.","Studium indicat pluviam tipping punctum quod segetes minatur. Novae investigationis ostendit fruges sicut spelta et triticum, quae ab imbre REDIVIVUS pendent, siccitati magis vulnerari sunt. Limen criticum umoris iuvare potuit praedicere et futuram segetem defectibus reducere.",2025-10-22 14:44:35+00:00
9ddcb676047dbaadb2578946af3c895f,2025-11-03T00:14:02Z,'water management',www.businessinsider.com,en,0.1,She felt stuck in a job she didn't like. Moving to South Korea gave her a fresh start.,"Stéphanie Guillaume built a new life in Seoul, starting on a student visa before switching to a business visa.",https://www.businessinsider.com/millennial-moved-to-seoul-south-korea-quit-job-moved-abroad-2025-11,https://i.insider.com/68f1c2accc993f9955d05f60?width=1200&format=jpeg,,"Stéphanie Guillaume left Switzerland and moved to South Korea in 2022.Stéphanie Guillaume.
<ul><li>When Stéphanie Guillaume realized two years had passed in a job she didn't enjoy, she decided to st… [+5968 chars]",,"Sie fühlte sich in einem Job gefangen, den sie nicht mochte. Der Umzug nach Südkorea gab ihr einen Neuanfang. Stéphanie Guillaume baute sich in Seoul ein neues Leben auf, begann mit einem Studentenvisum, bevor sie zu einem Geschäftsvisum wechselte.","She felt stuck in a job she didn't like. Moving to South Korea gave her a fresh start.. Stéphanie Guillaume built a new life in Seoul, starting on a student visa before switching to a business visa.","Sensit adhæsit in officio non placet. Movens ad Coream Meridionalem novum ei initium dedit. Stephanie Guillaume in Seoul novam vitam aedificavit, incipiens a discipulo visa ante commutatione ad negotium visa.",2025-10-22 14:44:35+00:00
356826c9875d98e1408a6f43e092bb4e,2025-11-03T04:31:23Z,'drought Iran',www.rte.ie,en,0.1,"Afghanistan earthquake kills 20, injures over 300","A strong earthquake has killed at least 20 people in northern Afghanistan, authorities have said, just months after another deadly tremor that left the country reeling.",https://www.rte.ie/news/world/2025/1103/1541816-afghanistan-earthquake/,https://www.rte.ie/images/00236a38-1600.jpg,,"A strong earthquake has killed at least 20 people in northern Afghanistan, authorities have said, just months after another deadly tremor that left the country reeling.
The 6.3-magnitude quake struc… [+2571 chars]",,"Bei dem Erdbeben in Afghanistan kommen 20 Menschen ums Leben, über 300 werden verletzt. Ein starkes Erdbeben hat nach Angaben der Behörden mindestens 20 Menschen im Norden Afghanistans getötet, nur wenige Monate nachdem ein weiteres tödliches Erdbeben das Land ins Wanken gebracht hatte.","Afghanistan earthquake kills 20, injures over 300. A strong earthquake has killed at least 20 people in northern Afghanistan, authorities have said, just months after another deadly tremor that left the country reeling.","Terrae motus Afghanistan XX laesiones super CCC occidit. Terrae motus fortis saltem viginti homines Afghanistan in septentrionali Afghanistan occidit, auctores tantum menses post alium tremorem funestum qui regionem vacillantem reliquerunt.",2025-10-22 14:44:35+00:00
69f30569b6b6a3d7e3013f6aa66ecfb4,2025-11-03T04:31:23Z,'drought Iran',www.rte.ie,en,0.1,At least 9 dead in Afghanistan earthquake,"A strong earthquake killed at least nine people in northern Afghanistan, authorities said, just months after another deadly tremor left the country reeling.",https://www.rte.ie/news/world/2025/1103/1541816-at-least-9-dead-in-afghanistan-earthquake/,https://www.rte.ie/images/00236a37-1600.jpg,,"A strong earthquake killed at least nine people in northern Afghanistan, authorities said, just months after another deadly tremor left the country reeling.
The 6.3-magnitude quake struck overnight … [+2179 chars]",,"Mindestens 9 Tote bei Erdbeben in Afghanistan. Bei einem starken Erdbeben im Norden Afghanistans kamen nach Angaben der Behörden mindestens neun Menschen ums Leben, nur wenige Monate nachdem ein weiteres tödliches Erdbeben das Land ins Wanken gebracht hatte.","At least 9 dead in Afghanistan earthquake. A strong earthquake killed at least nine people in northern Afghanistan, authorities said, just months after another deadly tremor left the country reeling.","Saltem IX mortuus est terrae motus in Afghanistan. Terrae motus vehemens occisi sunt saltem novem homines Afghanistan in septentrionali, auctores dixerunt, mox menses post alium tremor letalem regionem vacillantem reliquerunt.",2025-10-22 14:44:35+00:00
216083a016c56b2ec5a4c01f49301cc4,2025-11-03T06:51:18Z,'drought Iran',www.thejournal.ie,en,0.1,"Afghanistan earthquake kills 20, injures over 300",The 6.3-magnitude quake struck overnight – less than three months after another deadly quake hit the country in August.,https://www.thejournal.ie/earthquake-afghanistan-kills-20-6862886-Nov2025/,https://img2.thejournal.ie/article/6862886/river/?height=400&version=6862893,,"A STRONG EARTHQUAKE killed at least 20 people in northern Afghanistan, authorities have said, just months after another deadly tremor that left the country reeling.
The 6.3-magnitude quake struck ov… [+2497 chars]",,"Bei dem Erdbeben in Afghanistan kommen 20 Menschen ums Leben, über 300 werden verletzt. Das Beben der Stärke 6,3 ereignete sich über Nacht – weniger als drei Monate nachdem im August ein weiteres tödliches Beben das Land heimgesucht hatte.","Afghanistan earthquake kills 20, injures over 300. The 6.3-magnitude quake struck overnight – less than three months after another deadly quake hit the country in August.","Terraemotus Afghanistan occidit 20, laesiones super 300. Magnitudo motus 6.3 pernoctare percussit – minus quam tres menses post alium motum mortiferum patriam in Augusto percusserunt.",2025-10-22 14:44:35+00:00
cfc824739a2ebae5ed3693b939602d70,2025-11-03T07:06:29Z,'drought Iran',www.yahoo.com,en,0.1,"Afghanistan quake kills 20, injures over 300: health ministry","A strong earthquake killed at least 20 people in northern Afghanistan, authorities said Monday, just months after another deadly tremor that left the country...",https://www.yahoo.com/news/articles/afghanistan-quake-kills-20-injures-070629048.html,https://media.zenfs.com/en/afp.com/44424d95588f000ff389eb57165bccb3,,"A strong earthquake killed at least 20 people in northern Afghanistan, authorities said Monday, just months after another deadly tremor that left the country reeling.
The 6.3-magnitude quake struck … [+2513 chars]",,"Bei Erdbeben in Afghanistan kommen 20 Menschen ums Leben, über 300 werden verletzt: Gesundheitsministerium. Bei einem starken Erdbeben kamen im Norden Afghanistans mindestens 20 Menschen ums Leben, teilten die Behörden am Montag mit, nur wenige Monate nachdem ein weiteres tödliches Erdbeben das Land verlassen hatte ...","Afghanistan quake kills 20, injures over 300: health ministry. A strong earthquake killed at least 20 people in northern Afghanistan, authorities said Monday, just months after another deadly tremor that left the country...","Afghanistan commotus XX occidit, laedit super CCC: ministerium sanitatis. Terrae motus validus saltem XX homines in Afghanistan septentrionalibus interfecti, auctores Lunae, proximis mensibus post alium tremorem funestum qui patriam reliquerunt, dixerunt.",2025-10-22 14:44:35+00:00
21539bb9c9c5b44773317bacf4885e58,2025-11-03T07:07:20Z,'drought Iran',www.digitaljournal.com,en,0.1,"Afghanistan quake kills 20, injures over 300: health ministry","A strong earthquake killed at least 20 people in northern Afghanistan, authorities said Monday, just months after another deadly tremor that left the country reeling. The 6.3-magnitude quake struck overnight at a depth of 28 kilometers (17 miles) with the epi…",https://www.digitaljournal.com/world/afghanistan-quake-kills-20-injures-over-300-health-ministry/article,https://www.digitaljournal.com/wp-content/uploads/2025/11/6a9f150cc9de5293e37f8f07c5acf82e024aeac1.jpg,,"An Afghan woman sits beside an earthquake victim receiving treatment at a hospital in Mazar-i-Sharif on November 3, 2025, after a 6.3-magnitude quake struck overnight, killing at least 20 people -- j… [+2775 chars]",,"Bei Erdbeben in Afghanistan kommen 20 Menschen ums Leben, über 300 werden verletzt: Gesundheitsministerium. Bei einem starken Erdbeben kamen im Norden Afghanistans mindestens 20 Menschen ums Leben, teilten die Behörden am Montag mit, nur wenige Monate nachdem ein weiteres tödliches Erdbeben das Land ins Wanken gebracht hatte. Das Beben der Stärke 6,3 ereignete sich über Nacht in einer Tiefe von 28 Kilometern (17 Meilen).","Afghanistan quake kills 20, injures over 300: health ministry. A strong earthquake killed at least 20 people in northern Afghanistan, authorities said Monday, just months after another deadly tremor that left the country reeling. The 6.3-magnitude quake struck overnight at a depth of 28 kilometers (17 miles) with the epi…","Afghanistan commotus XX occidit, laedit super CCC: ministerium sanitatis. Terrae motus fortis saltem XX homines in Afghanistan septentrionalibus interfecti, auctores Lunae dixerunt, mox menses post alium tremorem funestum qui patriam vacillantem reliquit. Magnitudo 6.3-motus pernoctare percussit in altitudinem 28 chiliometrorum (17 milium) cum epi ...",2025-10-22 14:44:35+00:00
6f130725ed9bd88682a5eacc98f65ec0,2025-11-03T07:45:52Z,'dry soil',ahouseinthehills.com,en,0.1,How to Use Native Plants to Build a Low-Maintenance Backyard Haven,"Wouldn’t it be amazing to have a backyard that stays beautiful without hours of watering, trimming, and upkeep? The secret lies in going natural with native plants. These are the species that already thrive in your local environment, needing less care while o…",https://ahouseinthehills.com/how-to-use-native-plants-to-build-a-low-maintenance-backyard-haven/,https://ahouseinthehills.com/wp-content/uploads/2025/11/word-image-147594-1.jpeg,,"Wouldnt it be amazing to have a backyard that stays beautiful without hours of watering, trimming, and upkeep? The secret lies in going natural with native plants. These are the species that already … [+5254 chars]",,"Wie man mit einheimischen Pflanzen einen pflegeleichten Hinterhof-Zufluchtsort baut. Wäre es nicht toll, einen Garten zu haben, der auch ohne stundenlanges Gießen, Trimmen und Pflegen schön bleibt? Das Geheimnis liegt darin, mit einheimischen Pflanzen natürlich umzugehen. Dies sind die Arten, die bereits in Ihrer lokalen Umgebung gedeihen und während des Betriebs weniger Pflege benötigen.","How to Use Native Plants to Build a Low-Maintenance Backyard Haven. Wouldn’t it be amazing to have a backyard that stays beautiful without hours of watering, trimming, and upkeep? The secret lies in going natural with native plants. These are the species that already thrive in your local environment, needing less care while o…","Quomodo indigenis plantis utendum est ut fac diam Portus humilis sustentationem. Nonne mirum est habere diam quae sine horis inaquatione, torulo, et impensa pulchra manet? Arcanum latet naturalibus plantis indigenis. Hae sunt species quae iam vigent in ambitu locali tuo, minus curando indigentes dum o…",2025-10-22 14:44:35+00:00
e31c084ddcf70b1eabc35b4fb44347c7,2025-11-03T07:48:18Z,'dry soil',ahouseinthehills.com,en,0.1,Common Mistakes Homeowners Make in Landscape Design and How to Avoid Them,"A well-designed landscape can completely transform the look and feel of a home; this is why many homeowners invest so much in the outdoor appearance as a means to boost curb appeal and add long-term value to their property. However, some people get it twisted…",https://ahouseinthehills.com/common-mistakes-homeowners-make-in-landscape-design-and-how-to-avoid-them/,https://ahouseinthehills.com/wp-content/uploads/2025/11/word-image-147599-1.jpeg,,A well-designed landscape can completely transform the look and feel of a home; this is why many homeowners invest so much in the outdoor appearance as a means to boost curb appeal and add long-term … [+4978 chars],,"Häufige Fehler, die Hausbesitzer bei der Landschaftsgestaltung machen, und wie man sie vermeidet. Eine gut gestaltete Landschaft kann das Erscheinungsbild und die Atmosphäre eines Zuhauses völlig verändern. Aus diesem Grund investieren viele Hausbesitzer so viel in das äußere Erscheinungsbild, um die Attraktivität des Gebäudes zu steigern und den Wert ihrer Immobilie langfristig zu steigern. Manche Leute verstehen es jedoch verdreht ...","Common Mistakes Homeowners Make in Landscape Design and How to Avoid Them. A well-designed landscape can completely transform the look and feel of a home; this is why many homeowners invest so much in the outdoor appearance as a means to boost curb appeal and add long-term value to their property. However, some people get it twisted…",Communes Errores Homeowners Fac in Landscape Design et Quomodo eos vitare. Orbis campus bene designatus vultum ac sensum domicilium perfecte transformare potest; Quam ob rem multi homeowners tam in specie velit collocant quam medium appellationis frenandi boost et ad eorum proprietatem valorem diuturnum addere. Tamen aliqui perversum accipiunt…,2025-10-22 14:44:35+00:00
ba7f042c36309eab7e9175252db5b963,2025-11-03T09:02:34Z,'dry soil',lithub.com,en,0.1,Helm,"Helm doesn’t know when Helm was born. Or brewed. Conjured or conceived. First formed above the highest mountain. First blown into the valley. Long before humankind – that brief, busy interlude. Time happens all at once for Helm, more or",https://lithub.com/helm/,https://s26162.pcdn.co/wp-content/uploads/2025/10/helm.jpg,,"Helm doesnt know when Helm was born.
Article continues after advertisement
Or brewed.
Conjured or conceived.
First formed above the highest mountain. First blown into the valley.
Long before hum… [+16577 chars]",,"Helm. Helm weiß nicht, wann Helm geboren wurde. Oder gebraut. Beschworen oder gezeugt. Zuerst über dem höchsten Berg entstanden. Zuerst ins Tal geblasen. Lange vor der Menschheit – dieses kurze, geschäftige Zwischenspiel. Für Helm vergeht die Zeit auf einmal, mehr oder weniger","Helm. Helm doesn’t know when Helm was born. Or brewed. Conjured or conceived. First formed above the highest mountain. First blown into the valley. Long before humankind – that brief, busy interlude. Time happens all at once for Helm, more or","Helm. Helm non scit cum Helm natus sit. Vel mixtam. Coniuratus vel conceptus. Primus supra montem altissimum. Primo in vallem canite. Multo ante homines - breve illud, sedula interludium. Tempus accidit omnibus simul ad Helm, magis or",2025-10-22 14:44:35+00:00
8ccfebabadfe2450c7594bcf5852e2dd,2025-11-03T10:00:00Z,'drought weather',www.thenation.com,en,0.1,Climate Disasters Are Traumatizing Brazil’s Children,"Giovana Girardi



The generation coming into the world now is expected will face unprecedented extreme weather events throughout their lives.




The post Climate Disasters Are Traumatizing Brazil’s Children appeared first on The Nation.",https://www.thenation.com/?post_type=article&p=575855,https://www.thenation.com/wp-content/uploads/2025/10/brazil-climate-change-flood-baby-getty-1.jpg,http://web.archive.org/web/20251011012205/https://www.thenation.com/?post_type=article,"Environment / November 3, 2025
The generation coming into the world now is expected will face unprecedented extreme weather events throughout their lives.
Ad Policy
A woman sits with her baby amon… [+14957 chars]",,"Klimakatastrophen traumatisieren Brasiliens Kinder. Giovana Girardi



Es wird erwartet, dass die Generation, die jetzt auf die Welt kommt, ihr Leben lang mit beispiellosen extremen Wetterereignissen konfrontiert sein wird.




Der Beitrag „Klimakatastrophen traumatisieren Brasiliens Kinder“ erschien zuerst auf The Nation.","Climate Disasters Are Traumatizing Brazil’s Children. Giovana Girardi



The generation coming into the world now is expected will face unprecedented extreme weather events throughout their lives.




The post Climate Disasters Are Traumatizing Brazil’s Children appeared first on The Nation.","Clima Disasters are Traumatizing Brazil's Children. Ioanna Girardi



Generatio adventus in mundum nunc expectatur inauditum extremae tempestatis eventus per omnem vitam.




Post Clima Disasters Traumatizing Progenies Brasiliae primum in Natione apparuit.",2025-10-22 14:44:35+00:00
1e3b2646365b686e1d5d03e8c5e3472c,2025-11-03T11:00:00Z,'water management',www.newyorker.com,en,0.1,Who My Child Was and Would Be,"James Marcus reckons with his child’s transition, and reflects on gender, identity, love, family, and the transformations that parenthood itself can prompt.",https://www.newyorker.com/magazine/2025/11/10/who-my-child-was-and-would-be,"https://media.newyorker.com/photos/6902813cdf8619cfd3db9b4b/16:9/w_1280,c_limit/r47841.jpg",http://web.archive.org/web/20251108162757/https://www.newyorker.com/magazine/2025/11/10/who-my-child-was-and-would-be,"But it had not, as I discovered in November of 2019. Chatting on FaceTime one day, Nat mentioned that he was visiting a nearby L.G.B.T.Q.-aid organization to explore the feminine side of his personal… [+3966 chars]",,"Wer mein Kind war und sein würde. James Marcus denkt über den Übergang seines Kindes nach und denkt über Geschlecht, Identität, Liebe, Familie und die Veränderungen nach, die die Elternschaft selbst mit sich bringen kann.","Who My Child Was and Would Be. James Marcus reckons with his child’s transition, and reflects on gender, identity, love, family, and the transformations that parenthood itself can prompt.","Quis puer meus erat et futurum est. James Marcus cum infantis transitu reputat, et genus, identitatem, amorem, familiam et transformationes quas ipsa paternitas suggerere potest, cogitat.",2025-10-22 14:44:35+00:00
4c7e8196f3c255f34c70e88a9fda5d1c,2025-11-03T12:00:37Z,'water management',www.yankodesign.com,en,0.1,REDMAGIC 11 Pro Review: Watch Liquid Cooling Flow Like Sci-Fi,"REDMAGIC 11 Pro Review: Watch Liquid Cooling Flow Like Sci-FiGaming smartphones have become a category unto themselves, but most either sacrifice design for performance or deliver great specs with boring looks that blend into...",https://www.yankodesign.com/2025/11/03/redmagic-11-pro-review-watch-liquid-cooling-flow-like-sci-fi/,https://www.yankodesign.com/images/design_news/2025/11/redmagic-11-pro-review-watch-liquid-cooling-flow-like-sci-fi/redmagic-11-pro-review-01.jpg,,"Gaming smartphones have become a category unto themselves, but most either sacrifice design for performance or deliver great specs with boring looks that blend into the sea of generic slabs. For anyo… [+13126 chars]",,"REDMAGIC 11 Pro Test: Sehen Sie sich den Flüssigkeitskühlungsfluss wie in Science-Fiction an. REDMAGIC 11 Pro Test: Sehen Sie sich den Flüssigkeitskühlungsfluss wie Sci-Fi an. Gaming-Smartphones sind zu einer Kategorie für sich geworden, aber die meisten opfern entweder das Design zugunsten der Leistung oder liefern großartige Spezifikationen mit langweiligem Aussehen, die mit ... verschmelzen.","REDMAGIC 11 Pro Review: Watch Liquid Cooling Flow Like Sci-Fi. REDMAGIC 11 Pro Review: Watch Liquid Cooling Flow Like Sci-FiGaming smartphones have become a category unto themselves, but most either sacrifice design for performance or deliver great specs with boring looks that blend into...","REDMAGIC 11 Pro Recognosce: Watch Liquid Refrigerium Flux Sicut Sci-fi. REDMAGIC 11 Pro Recognosce: Vigilate Liquid Refrigerium Flux Sicut Sci-FiGaming Suspendisse potenti praedicamentum ad se facti sunt, sed maxime vel sacrificium ad perficiendum consilium vel magnas massas tradendas cum odiosis speciebus quae miscent in...",2025-10-22 14:44:35+00:00
828aab827286e8f2020c9e4d44bf8e9a,2025-11-03T14:00:00Z,'drought climate change',journals.plos.org,en,0.1,Assessing climate and water information systems affordances for the agricultural sector in western United States,There has been a dearth of studies on the use patterns and uptake of climate and water information systems (CWIS) to aid agricultural sector adaptations to climate change and uncertain water availability. In this study we identify patterns of use of CWIS and …,https://journals.plos.org/water/article?id=10.1371/journal.pwat.0000458,https://journals.plos.org/water/article/figure/image?id=10.1371/journal.pwat.0000458.g008&size=inline,,"Abstract
There has been a dearth of studies on the use patterns and uptake of climate and water information systems (CWIS) to aid agricultural sector adaptations to climate change and uncertain wate… [+65873 chars]",,"Bewertung der Vorteile von Klima- und Wasserinformationssystemen für den Agrarsektor im Westen der Vereinigten Staaten. Es mangelt an Studien zu den Nutzungsmustern und der Einführung von Klima- und Wasserinformationssystemen (CWIS), um den Agrarsektor bei der Anpassung an den Klimawandel und die unsichere Wasserverfügbarkeit zu unterstützen. In dieser Studie identifizieren wir Nutzungsmuster von CWIS und …",Assessing climate and water information systems affordances for the agricultural sector in western United States. There has been a dearth of studies on the use patterns and uptake of climate and water information systems (CWIS) to aid agricultural sector adaptations to climate change and uncertain water availability. In this study we identify patterns of use of CWIS and …,Perpendendis climatis et aquae informationibus systematum praebendis ad sectorem agriculturae in Civitatibus Foederatis occidentalibus. Caristia studiorum in usu exemplarium et sustentatione systematis informationis climatis et aquae (CWIS) facta est ut aptationes ad regiones agriculturae adiuvandas ad mutationem climatis et aquae incertae disponibilitatem adiuvarent. In hoc studio exemplaria usuum CWIS et … cognoscimus.,2025-10-22 14:44:35+00:00
9a22baf17439d2e16d8a19bff108edad,2025-11-03T16:41:19Z,'dry soil',dailycoffeenews.com,en,0.1,Column: What the 2025 Brazil Coffee Harvest Can Teach Us About the Future,"Another year has passed for coffee in Brazil, and the 2025 crop is now virtually 100% picked, in storage and ready for commercialization. I’d like to take this opportunity to...",https://dailycoffeenews.com/2025/11/03/column-what-the-2025-brazil-coffee-harvest-can-teach-us-about-the-future/,https://dailycoffeenews.com/wp-content/uploads/2025/10/Brazil-coffee-field.jpg,,"Photo by Jonas Ferraresso.
Another year has passed for coffee in Brazil, and the 2025 crop is now virtually 100% picked, in storage and ready for commercialization.
I’d like to take this opportunit… [+6102 chars]",,"Kolumne: Was uns die brasilianische Kaffeeernte 2025 über die Zukunft lehren kann. Für den Kaffee in Brasilien ist ein weiteres Jahr vergangen, und die Ernte 2025 ist nun praktisch zu 100 % gepflückt, eingelagert und bereit für die Vermarktung. Ich möchte diese Gelegenheit nutzen, um...","Column: What the 2025 Brazil Coffee Harvest Can Teach Us About the Future. Another year has passed for coffee in Brazil, and the 2025 crop is now virtually 100% picked, in storage and ready for commercialization. I’d like to take this opportunity to...","Columna: Quid 2025 Brazil Coffee Harvest nos docere de futuro potest. Alter annus pro capulus in Brasilia transiit, et 2025 seges iam fere 100% lecta est, in reposita et ad mercaturam parata. Hanc occasionem capere libet ...",2025-10-22 14:44:35+00:00
0786f86aa3c10d1c370df65292af9a37,2025-11-03T17:35:20Z,'drought Iran',mymodernmet.com,en,0.1,Winners of the 2025 Drone Photo Awards Explore the Beauty of the World Above,"Winners of the 2025 Drone Photo Awards Explore the Beauty of the World Above
Once again, the Siena Awards celebrates how photographers look at the world from above with the 2025 Drone Photo Awards. These awards honor the technology of drones and the creative …",https://mymodernmet.com/2025-drone-photo-awards/,https://mymodernmet.com/wp/wp-content/uploads/2025/10/2025-drone-photo-awards-thumbnail.jpg,,"“The Lone Horseman” by Dennis Schmelz. Photo of the Year“During the magic of blue hour, a lone rider stands atop a rocky outcropping in the heart of Cappadocia. Taken on the very first evening during… [+6084 chars]",,"Gewinner der Drone Photo Awards 2025 Entdecken Sie die Schönheit der Welt oben. Gewinner der Drone Photo Awards 2025 Entdecken Sie die Schönheit der Welt oben
Mit den Drone Photo Awards 2025 feiern die Siena Awards erneut, wie Fotografen die Welt von oben betrachten. Diese Auszeichnungen würdigen die Technologie von Drohnen und die kreative …","Winners of the 2025 Drone Photo Awards Explore the Beauty of the World Above. Winners of the 2025 Drone Photo Awards Explore the Beauty of the World Above
Once again, the Siena Awards celebrates how photographers look at the world from above with the 2025 Drone Photo Awards. These awards honor the technology of drones and the creative …","Winners of the 2025 Drone Photo Awards Explore Beauty of the World above. Winners of the 2025 Drone Photo Awards Explore Beauty of the World above
Iterum, Senenses Awards celebrat quomodo photographers in mundum superne cum 2025 Drone Photo Awards celebrat. Haec praemia technologiam fuci honorant ac creantis …",2025-10-22 14:44:35+00:00
0743a5b33a41c9bd098568b7d44f21c6,2025-11-03T18:43:00Z,'dry soil',www.globenewswire.com,en,0.1,Nitrogenous Fertilizer Market Size and Companies Analysis 2025- 2034,"According to Towards Chemical and Materials, the global nitrogenous fertilizer market size is calculated at USD 135.65 billion in 2025 and is expected to surpass around USD 224.55 billion by 2034, growing at a compound annual growth rate (CAGR) of 5.76% over …",https://www.globenewswire.com/news-release/2025/11/03/3179680/0/en/Nitrogenous-Fertilizer-Market-Size-and-Companies-Analysis-2025-2034.html,https://ml.globenewswire.com/Resource/Download/01eb1f79-0c67-420b-b423-376619f975cd,,"Ottawa, Nov. 03, 2025 (GLOBE NEWSWIRE) -- The global nitrogenous fertilizer market size
 was valued at USD 128.26 billion in 2024 and is anticipated to reach around USD 224.55 billion by 2034, growi… [+34376 chars]",,"Analyse der Marktgröße für stickstoffhaltige Düngemittel und der Unternehmen 2025–2034. Laut Towards Chemical and Materials wird die Größe des globalen Marktes für stickstoffhaltige Düngemittel im Jahr 2025 auf 135,65 Milliarden US-Dollar geschätzt und wird bis 2034 voraussichtlich rund 224,55 Milliarden US-Dollar überschreiten und mit einer durchschnittlichen jährlichen Wachstumsrate (CAGR) von 5,76 % wachsen.","Nitrogenous Fertilizer Market Size and Companies Analysis 2025- 2034. According to Towards Chemical and Materials, the global nitrogenous fertilizer market size is calculated at USD 135.65 billion in 2025 and is expected to surpass around USD 224.55 billion by 2034, growing at a compound annual growth rate (CAGR) of 5.76% over …","Nitrogenous Fertilizer Fori Magnitudo et Companies Analysis 2025- 2034. Secundum ad Chemical et Materias, global nitrogenum stercorantis mercatus magnitudine computatur USD 135,65 miliardis in 2025 et expectatur circa USD 224.55 miliarda superare ab 2034, crescens in mixto incrementi annui (CAGR) 5.76% super ...",2025-10-22 14:44:35+00:00
c42724a6138f63422504ef17fa90b793,2025-11-03T18:52:18Z,'drought weather',www.abc.net.au,en,0.1,Major insurer warns of rising premiums as severe weather is more frequent,"A report from IAG and a scientific research centre finds escalating risk from severe weather events in south-east Queensland, New South Wales, and south-west Western Australia.",https://www.abc.net.au/news/2025-11-04/climate-change-plays-role-in-growing-home-insurance-iag-warns/105964560,https://live-production.wcms.abc-cdn.net.au/44ee5f07443c09aac3fa982675414385?impolicy=wcms_watermark_news&cropH=2193&cropW=3898&xPos=0&yPos=28&width=862&height=485&imformat=generic,,"A major insurer is warning Australians to expect rising home insurance premiums, in part due to increasingly frequent and damaging weather events. 
A report from IAG found the risk to communities ha… [+7345 chars]",,"Großer Versicherer warnt vor steigenden Prämien, da Unwetter häufiger auftreten. Ein Bericht der IAG und eines wissenschaftlichen Forschungszentrums stellt ein zunehmendes Risiko durch Unwetterereignisse im Südosten von Queensland, New South Wales und im Südwesten Westaustraliens fest.","Major insurer warns of rising premiums as severe weather is more frequent. A report from IAG and a scientific research centre finds escalating risk from severe weather events in south-east Queensland, New South Wales, and south-west Western Australia.","Maior insurer praemiis assurgere monet, quam gravis tempestas crebrior est. Renuntiatio ab IAG et centrum investigationis scientificae periculum evadendi ex gravibus tempestatibus eventibus in Australia australi-orientis, in Nova Wallia Australi, et in Australia occidentali occidentali meridionali invenit.",2025-10-22 14:44:35+00:00
ccae16477826d84e0c2e012ccd6c8f1a,2025-11-04T07:19:50Z,'dry soil',ahouseinthehills.com,en,0.1,131 Easter Basket Ideas for Every Age & Theme,"Easter baskets have come a long way from just candy and chocolate eggs. Today, they tell a story about who you’re gifting to and what makes them smile. Struggling to fill baskets that feel personal and exciting? You’re not alone. Generic gifts don’t create th…",https://ahouseinthehills.com/easter-basket-ideas-for-every-age-theme/,https://ahouseinthehills.com/wp-content/uploads/2025/11/Easter-Basket-Ideas.png,,"Easter baskets have come a long way from just candy and chocolate eggs. Today, they tell a story about who you’re gifting to and what makes them smile.
Struggling to fill baskets that feel personal … [+20470 chars]",,"131 Osterkörbchen-Ideen für jedes Alter und Thema. Osterkörbe haben sich von Süßigkeiten und Schokoladeneiern weit entfernt. Heute erzählen sie eine Geschichte darüber, wem Sie etwas schenken und was sie zum Lächeln bringt. Fällt es Ihnen schwer, Körbe zu füllen, die sich persönlich und aufregend anfühlen? Du bist nicht allein. Allgemeine Geschenke schaffen nicht das…","131 Easter Basket Ideas for Every Age & Theme. Easter baskets have come a long way from just candy and chocolate eggs. Today, they tell a story about who you’re gifting to and what makes them smile. Struggling to fill baskets that feel personal and exciting? You’re not alone. Generic gifts don’t create th…","131 Easter Basket Ideas for Every Age & Theme. Cophini paschales longe ab iusto pocus et ova scelerisque. Hodie narrant fabulam de quibus donas et quid eos ridere facit. Luctantem replere canistris, qui sentiunt personales et excitantes? Solus non es. Munera generica non creant th…",2025-10-22 14:44:35+00:00
541e144f97f43ac1af4cd95fe40d99e1,2025-11-04T08:20:06Z,'dry soil',ahouseinthehills.com,en,0.1,The Role of Yaks in The Langtang Ecosystem,"Just like the saying goes, where there is will, there is a way. Regardless of remoteness and inaccessibility, the essential goods are supplied using yaks. Lantang Valley is a Himalayan valley in the north-central part of Nepal. Located 80 kilometers (50 miles…",https://ahouseinthehills.com/the-role-of-yaks-in-the-langtang-ecosystem/,https://ahouseinthehills.com/wp-content/uploads/2025/11/pexels-conghui-hou-10236862-6144744-scaled.jpg,,"Just like the saying goes, where there is will, there is a way. Regardless of remoteness and inaccessibility, the essential goods are supplied using yaks. Lantang Valley is a Himalayan valley in the … [+3549 chars]",,"Die Rolle der Yaks im Langtang-Ökosystem. Wie das Sprichwort sagt: Wo ein Wille ist, ist auch ein Weg. Ungeachtet der Abgeschiedenheit und Unzugänglichkeit werden die lebensnotwendigen Güter mithilfe von Yaks geliefert. Das Lantang-Tal ist ein Himalaya-Tal im nördlichen zentralen Teil Nepals. Das Hotel liegt 80 Kilometer (50 Meilen…)","The Role of Yaks in The Langtang Ecosystem. Just like the saying goes, where there is will, there is a way. Regardless of remoteness and inaccessibility, the essential goods are supplied using yaks. Lantang Valley is a Himalayan valley in the north-central part of Nepal. Located 80 kilometers (50 miles…","Munus Yaks in Langtang Ecosystem. Sicut aiunt, ubi voluntas, ibi via est. Respectus longinquitatis et inaccessibilitatis, bona essentialia yaks suppeditantur. Vallis Lantang est vallis Himalayan in parte septentrionali Nepali media. Sita LXXX chiliometrorum (50 milia passuum…",2025-10-22 14:44:35+00:00
e01e7b97fa56231c8ecfefcdedfc629f,2025-11-04T08:50:46Z,'drought Iran',www.globalsecurity.org,en,0.1,Iraq breaks deadlock with Turkey in water deal amid PKK pressure,"Iraq has signed a landmark water agreement with Turkey, signaling a breakthrough after months of deadlock and opening the door for joint projects to manage water resources and mitigate the country's severe drought.",https://www.globalsecurity.org/wmd/library/news/iraq/2025/iraq-251103-presstv01.htm,,,"Iran Press TV
Monday, 03 November 2025 10:01 AM
Iraq has signed a landmark water agreement with Turkey, signaling a breakthrough after months of deadlock and opening the door for joint projects to … [+2839 chars]",,"Unter dem Druck der PKK durchbricht der Irak den Stillstand mit der Türkei im Wasserabkommen. Der Irak hat ein bahnbrechendes Wasserabkommen mit der Türkei unterzeichnet, das einen Durchbruch nach Monaten des Stillstands markiert und die Tür für gemeinsame Projekte zur Bewirtschaftung der Wasserressourcen und zur Linderung der schweren Dürre im Land öffnet.","Iraq breaks deadlock with Turkey in water deal amid PKK pressure. Iraq has signed a landmark water agreement with Turkey, signaling a breakthrough after months of deadlock and opening the door for joint projects to manage water resources and mitigate the country's severe drought.","Iraq deadlock cum Turcia erumpit in aqua multum inter PKK pressura. Iraquia terminum aquae cum Turcia conventionem signavit, significans interruptionem post menses deadlock et ianuam aperiens pro communibus inceptis ad facultates aquarum administrandas et ad severam siccitatem patriae leniendam.",2025-10-22 14:44:35+00:00
1a2dc190d3c6f771a1c4bb0a864c0388,2025-11-04T09:00:00Z,'drought weather',www.cbc.ca,en,0.1,"Food prices in Canada keep climbing, but these grocery items will give you sticker shock","Shoppers paid four per cent more at the grocery store in September. Here's what food items cost the most, and why.",https://www.cbc.ca/news/canada/grocery-prices-food-cost-9.6956462,"https://i.cbc.ca/ais/f70887cb-6f51-474f-9b4d-c4d56ce21da0,1762188740618/full/max/0/default.jpg?im=Crop%2Crect%3D%280%2C0%2C1920%2C1080%29%3BResize%3D620",,"If you've recently balked at the butter, coughed at the coffee or choked in the chocolate aisle, you're not alone.
Food costs have been soaring for more than a year, with grocery inflation generally… [+7443 chars]",,"Die Lebensmittelpreise in Kanada steigen weiter, aber diese Lebensmittel werden Ihnen einen Schock versetzen. Im September zahlten Käufer im Supermarkt vier Prozent mehr. Hier erfahren Sie, welche Lebensmittel am meisten kosten und warum.","Food prices in Canada keep climbing, but these grocery items will give you sticker shock. Shoppers paid four per cent more at the grocery store in September. Here's what food items cost the most, and why.","Pretia cibi in Canada custodiunt ascensum, sed haec macello tibi obice concussa dabunt. Tabernarii quattuor centesimae in macello mense Septembri plus solvebant. Hic cibus maxime constat, et quare.",2025-10-22 14:44:35+00:00
90b7262cbb27515014cdae0855504bf3,2025-11-04T23:15:28Z,'water management',www.usatoday.com,en,0.1,'Catastrophic' UPS plane crash near Louisville airport leaves at least 7 dead: Updates,"The UPS cargo plane crashed as it departed for Honolulu from Louisville’s Muhammad Ali International Airport, the FAA said.",https://www.usatoday.com/story/news/nation/2025/11/04/louisville-airport-aircraft-incident/87094155007/,https://s.yimg.com/ny/api/res/1.2/qsGCvCpTYANQLsdHga2XdQ--/YXBwaWQ9aGlnaGxhbmRlcjt3PTEyMDA7aD03NDQ7Y2Y9d2VicA--/https://media.zenfs.com/en/usa_today_news_641/84ce05b446eae17870b102bf619e0b93,,"LOUISVILLE, KY At least seven people were killed after a United Parcel Service cargo plane was involved in a ""catastrophic crash"" near Louisvilles Muhammad Ali International Airport on Tuesday, Kentu… [+15719 chars]",,"„Katastrophaler“ UPS-Flugzeugabsturz in der Nähe des Flughafens von Louisville fordert mindestens sieben Tote: Aktualisierungen. Das UPS-Frachtflugzeug stürzte ab, als es vom internationalen Flughafen Muhammad Ali in Louisville nach Honolulu flog, teilte die FAA mit.","'Catastrophic' UPS plane crash near Louisville airport leaves at least 7 dead: Updates. The UPS cargo plane crashed as it departed for Honolulu from Louisville’s Muhammad Ali International Airport, the FAA said.","""Cassatrophicus"" UPS ruina plani prope Louisville aeroportus relinquit saltem 7 mortuos: Updates. Planum mercium UPS concrepuit cum Honolulu de Louisville's Muhammad Ali International Airport discessit, dixit FAA.",2025-10-22 14:44:35+00:00
9b1bab85ec785c35460e80840c0dfcd7,2025-11-05T00:01:00Z,'drought weather',www.rte.ie,en,0.1,"Climate projects too small to secure funding, says report","Finance for climate adaptation projects is below what is required to address the escalating risks posed by climate change, according to a new report.",https://www.rte.ie/news/environment/2025/1105/1542199-climate-adaptation-projects/,https://www.rte.ie/images/00151cae-1600.jpg,,"Finance for climate adaptation projects is below what is required to address the escalating risks posed by climate change, according to a new report.
Examples of climate adaptation projects include … [+2477 chars]",,"Klimaprojekte sind zu klein, um eine Finanzierung zu sichern, heißt es in dem Bericht. Einem neuen Bericht zufolge liegt die Finanzierung von Klimaanpassungsprojekten unter dem, was zur Bewältigung der eskalierenden Risiken des Klimawandels erforderlich ist.","Climate projects too small to secure funding, says report. Finance for climate adaptation projects is below what is required to address the escalating risks posed by climate change, according to a new report.","Clima incepta angusta ad sumptuum obtinendum, fama dicit. Pecuniae aptatio inceptis climatis infra id quod postulare debet compellare pericula escalatationis quae per mutationem climatis, secundum novam relationem.",2025-10-22 14:44:35+00:00
25ef16d85c7d0b694a337db69da51018,2025-11-05T04:08:13Z,'water management',virginiamercury.com,en,0.1,Blue wave rebuilds the House: Democrats soar to at least 64 seats in Virginia,"Democrats managed to increase their majority in the Virginia House of Delegates, moving from 51 to 64 seats (with one race still undecided as of 11 p.m.) as ...",https://virginiamercury.com/2025/11/04/blue-wave-rebuilds-the-house-democrats-soar-to-at-least-64-seats-in-virginia/,https://media.zenfs.com/en/virginia_mercury_articles_394/094420ed0c996ea1cbd97acaa36b0f42,,"The Virginia House of Delegates in October 2025. (Photo by Markus Schmidt/Virginia Mercury)
Democrats managed to increase their majority in the Virginia House of Delegates, moving from 51 to 64 seat… [+12298 chars]",,"Blaue Welle baut das Repräsentantenhaus neu auf: Demokraten erringen in Virginia mindestens 64 Sitze. Den Demokraten gelang es, ihre Mehrheit im Abgeordnetenhaus von Virginia von 51 auf 64 Sitze zu erhöhen (wobei ein Rennen bis 23 Uhr noch unentschieden war), als ...","Blue wave rebuilds the House: Democrats soar to at least 64 seats in Virginia. Democrats managed to increase their majority in the Virginia House of Delegates, moving from 51 to 64 seats (with one race still undecided as of 11 p.m.) as ...","Caeruleus unda Domum aedificat: Democratae evigilabunt ut saltem 64 sedes in Virginia. Democratae maiorem partem augere curaverunt in Delegati Virginiae Domo, ab 51 ad 64 subselliis moventes (una gente adhuc indecisa ut 11 a.m.) ut ...",2025-10-22 14:44:35+00:00
99a0b5b44fa1364552c3003ab21575dc,2025-11-05T09:54:31Z,'drought weather',www.hurriyetdailynews.com,en,0.1,Rain returns as temperatures stay above seasonal norms across Türkiye,"Temperatures across Türkiye are expected to remain 2 to 4 degrees Celsius above seasonal norms in the coming days, while several provinces will see intermittent rain, according to the country’s official weather bureau.",https://www.hurriyetdailynews.com/rain-returns-as-temperatures-stay-above-seasonal-norms-across-turkiye-215404,https://image.hurimg.com/i/hurriyet/75/200x200/690b1ed4d30ab035b5261677.jpg,,"ANKARA
Temperatures across Türkiye are expected to remain 2 to 4 degrees Celsius above seasonal norms in the coming days, while several provinces will see intermittent rain, according to the country… [+2328 chars]",,"Der Regen kehrt zurück, da die Temperaturen in ganz Türkiye über den saisonalen Normen bleiben. Nach Angaben des offiziellen Wetteramtes des Landes werden die Temperaturen in ganz Türkiye in den kommenden Tagen voraussichtlich 2 bis 4 Grad Celsius über den saisonalen Normen liegen, während es in mehreren Provinzen zeitweise regnen wird.","Rain returns as temperatures stay above seasonal norms across Türkiye. Temperatures across Türkiye are expected to remain 2 to 4 degrees Celsius above seasonal norms in the coming days, while several provinces will see intermittent rain, according to the country’s official weather bureau.","Pluviae redeunt ut temperaturae supra normae temporis Türkiye manent. Temperaturae trans Türkiye manere exspectantur 2 ad 4 gradus Celsius supra normas temporis venientes, cum plures provinciae pluviam intermissam videbunt, secundum officialem tempestatis patriae hendrerit.",2025-10-22 14:44:35+00:00
f5583fa3c03d4942ffa43633670d2ca5,2025-11-05T10:41:01Z,'water management',www.businessinsider.com,en,0.1,He spent 31 years at Microsoft. Then he was laid off — and had to relearn how to job hunt.,"After getting laid off by Microsoft after 31 years, this product manager found the job search challenging — and even considered an early retirement.",https://www.businessinsider.com/laid-off-microsoft-employee-relearns-how-job-hunt-2025-10,https://i.insider.com/6902594f0be9845f2dc55347?width=960&format=jpeg,,"Mike KostersitzMike Kostersitz
<ul><li>Mike Kostersitz has been looking for a job since being laid off by Microsoft in May.</li><li>He said it was challenging to re-enter the job market after 31 yea… [+6200 chars]",,"Er verbrachte 31 Jahre bei Microsoft. Dann wurde er entlassen – und musste die Jobsuche neu erlernen. Nachdem er nach 31 Jahren von Microsoft entlassen wurde, empfand dieser Produktmanager die Jobsuche als schwierig – und dachte sogar über eine vorzeitige Pensionierung nach.","He spent 31 years at Microsoft. Then he was laid off — and had to relearn how to job hunt.. After getting laid off by Microsoft after 31 years, this product manager found the job search challenging — and even considered an early retirement.",Microsoft apud XXXI annos mansit. Deinde abiectus est — et discere debuit quomodo officium venationis.,2025-10-22 14:44:35+00:00
226e6abb477a1446c0720bf8e37663f8,2025-11-05T11:34:03Z,'water management',www.rockpapershotgun.com,en,0.1,"I love the green fingers of Generation Exile, a solarpunk city-builder from ex-Far Cry and Firewatch devs, but it does feel quite messy","Generation Exile is the new eco-conscious turn-based strategy sim from Sonderlust Studios, a Canada-based independent developer whose members include Nels Anderson (Mark of the Ninja, Firewatch), Karla Zimonja (Gone Home, Tacoma), and Marri Knadle (Far Cry 5 …",https://www.rockpapershotgun.com/i-love-the-green-fingers-of-generation-exile-a-solarpunk-city-builder-from-ex-far-cry-and-firewatch-devs-but-it-does-feel-quite-messy,https://assetsio.gnwcdn.com/20251104212411_1.jpg?width=1200&height=630&fit=crop&enable=upscale&auto=webp,,"Generation Exile is the new eco-conscious turn-based strategy sim from Sonderlust Studios, a Canada-based independent developer whose members include Nels Anderson (Mark of the Ninja, Firewatch), Kar… [+3577 chars]",,"Ich liebe den grünen Daumen von Generation Exile, einem Solarpunk-Städtebauer von ehemaligen Far Cry- und Firewatch-Entwicklern, aber es fühlt sich ziemlich chaotisch an. Generation Exile ist die neue umweltbewusste rundenbasierte Strategiesimulation von Sonderlust Studios, einem in Kanada ansässigen unabhängigen Entwickler, zu dessen Mitgliedern Nels Anderson (Mark of the Ninja, Firewatch), Karla Zimonja (Gone Home, Tacoma) und Marri Knadle (Far Cry 5) gehören …","I love the green fingers of Generation Exile, a solarpunk city-builder from ex-Far Cry and Firewatch devs, but it does feel quite messy. Generation Exile is the new eco-conscious turn-based strategy sim from Sonderlust Studios, a Canada-based independent developer whose members include Nels Anderson (Mark of the Ninja, Firewatch), Karla Zimonja (Gone Home, Tacoma), and Marri Knadle (Far Cry 5 …","Viridem digitos Generationis Exilii amo, urbis solaris fabricatoris ab ex-Abre Clama et Firewatch devs, sed satis nuntius sentit. Generatio Exilium est novum consilium eco-conscious turn-substructum Sim ex Studios Sonderlust, a Canada fundatum elit independentis cuius membra includunt Nels Anderson (Marcus Ninja, Firewatch), Karla Zimonja (Gone Home, Tacoma), et Marri Knadle (Absit Cry 5 ...",2025-10-22 14:44:35+00:00
28c467408829940ed0743ad99717e164,2025-11-05T11:55:08Z,'drought Iran',www.nakedcapitalism.com,en,0.1,Links 11/5/2025,"Our wily daily links: physics of golf, Covid wave, water vapor as hazard, China climate change vulnerability, Mamdani win, war methods changing, Trump truce fakery, Germany rearming, Asian AI equities swoon, insurance company failures, Zionists media attacks,…",https://www.nakedcapitalism.com/2025/11/links-11-5-2025.html,https://www.nakedcapitalism.com/wp-content/uploads/2025/11/Screenshot-2025-11-05-at-1.03.41 PM.png,,"Golf’s cruelest moment: The physics behind the ‘lip out’ phenomenon PhysOrg. An IgNobel prize contender?
2.7-million-year-old tools reveal humanitys first great innovation ScienceDaily (Kevin W)
Ca… [+9911 chars]",,"Links 05.11.2025. Unsere schlauen täglichen Links: Physik des Golfsports, Covid-Welle, Wasserdampf als Gefahr, Chinas Anfälligkeit für den Klimawandel, Mamdani-Sieg, sich ändernde Kriegsmethoden, Trumps Waffenstillstandsfälschung, Aufrüstung Deutschlands, Ohnmacht asiatischer KI-Aktien, Misserfolge von Versicherungsgesellschaften, zionistische Medienangriffe, …","Links 11/5/2025. Our wily daily links: physics of golf, Covid wave, water vapor as hazard, China climate change vulnerability, Mamdani win, war methods changing, Trump truce fakery, Germany rearming, Asian AI equities swoon, insurance company failures, Zionists media attacks,…","Vincula 11/5/2025. Nostros callidi nexus cotidiani: physica golf, unda Covid, vaporum sicut aleae, Sinarum mutatio climatis vulnerabilitas, Mamdani vincunt, rationes belli mutantur, Trump inductiones fictae, Germaniae educatio, Asia AI equities deliquium, societas assecurationis defectae, mediae Zionistae oppugnationes,…",2025-10-22 14:44:35+00:00
9cdb2fc12e54aa2b0a2df91d17775e51,2025-11-05T12:40:23Z,'water management',www.yankodesign.com,en,0.1,5 Architectural Designs That Redefined Our Expectations In 2025,"5 Architectural Designs That Redefined Our Expectations In 2025Architecture has always been about solving problems, but the best designs do something more—they make us reimagine what’s possible. This year brought us structures that...",https://www.yankodesign.com/2025/11/05/5-architectural-designs-that-redefined-our-expectations-in-2025/,https://www.yankodesign.com/images/design_news/2025/10/architectural-designs-of-oct/5_best_architecture_yanko_design_hero.jpg,,"Architecture has always been about solving problems, but the best designs do something morethey make us reimagine what’s possible. This year brought us structures that challenged architectural conven… [+8214 chars]",,"5 Architekturentwürfe, die unsere Erwartungen im Jahr 2025 neu definiert haben. 5 Architekturentwürfe, die unsere Erwartungen im Jahr 2025 neu definiert habenIn der Architektur ging es schon immer darum, Probleme zu lösen, aber die besten Designs leisten noch mehr – sie lassen uns neu denken, was möglich ist. Dieses Jahr brachte uns Strukturen, die...","5 Architectural Designs That Redefined Our Expectations In 2025. 5 Architectural Designs That Redefined Our Expectations In 2025Architecture has always been about solving problems, but the best designs do something more—they make us reimagine what’s possible. This year brought us structures that...","5 Architectural Designs That Redefined Our Expectations In 2025. 5 Architectural Designs That Redefined Our Expectations In 2025Architecture has always been about solve problems, but the best designs do something more, they make nos reinagine what' possible. Hic annus structuras nobis attulit quae ...",2025-10-22 14:44:35+00:00
bdba5359901e9e52978952c5033611f4,2025-11-05T14:45:24Z,'water management',phys.org,en,0.1,New underwater device tracks real-time nutrient exchanges between sediments and water,"Beneath the surface of lakes and coastal waters lies a hidden world of sediment that plays a crucial role in the health of aquatic ecosystems. ""Benthic fluxes"" of nitrogen and phosphorus, such as releases of these dissolved nutrients from sediments to their o…",https://phys.org/news/2025-11-underwater-device-tracks-real-nutrient.html,https://scx2.b-cdn.net/gfx/news/hires/2025/faus-carosel-offers-ne.jpg,,"Beneath the surface of lakes and coastal waters lies a hidden world of sediment that plays a crucial role in the health of aquatic ecosystems. ""Benthic fluxes"" of nitrogen and phosphorus, such as rel… [+7507 chars]",,"Neues Unterwassergerät verfolgt Echtzeit-Nährstoffaustausch zwischen Sedimenten und Wasser. Unter der Oberfläche von Seen und Küstengewässern liegt eine verborgene Sedimentwelt, die eine entscheidende Rolle für die Gesundheit aquatischer Ökosysteme spielt. „Benthische Flüsse“ von Stickstoff und Phosphor, wie z. B. Freisetzungen dieser gelösten Nährstoffe aus Sedimenten in ihre O…","New underwater device tracks real-time nutrient exchanges between sediments and water. Beneath the surface of lakes and coastal waters lies a hidden world of sediment that plays a crucial role in the health of aquatic ecosystems. ""Benthic fluxes"" of nitrogen and phosphorus, such as releases of these dissolved nutrients from sediments to their o…","Nova underwater fabrica vestigia permutationis nutrimentorum real-time inter sedimenta et aquam. Sub superficie lacuum et aquarum maritimarum mundus faecis absconditus iacet qui munus crucialit in sanitate oecosystematis aquatilium. ""Fuxores benthici"" nitrogenii et phosphori, qualia sunt resoluta nutrimentorum resolutorum a faeces eorum o…",2025-10-22 14:44:35+00:00
4d6ffec782ccaa6a4f6acbd5741b821e,2025-11-05T14:53:50Z,'water management',phys.org,en,0.1,New modeling shows difficult future for the Great Barrier Reef under climate change,"The most sophisticated modeling to date forecasts that, under the current global emissions pathway, the Great Barrier Reef could lose most of its coral by the end of the century, but curbing climate change and strategic management will help coral resilience.",https://phys.org/news/2025-11-difficult-future-great-barrier-reef.html,https://scx2.b-cdn.net/gfx/news/2025/new-modelling-shows-di.jpg,,"The most sophisticated modeling to date forecasts that, under the current global emissions pathway, the Great Barrier Reef could lose most of its coral by the end of the century, but curbing climate … [+3909 chars]",,"Neue Modellierungen zeigen eine schwierige Zukunft für das Great Barrier Reef im Zuge des Klimawandels. Die bislang ausgefeilteste Modellierung geht davon aus, dass das Great Barrier Reef bei der derzeitigen globalen Emissionsentwicklung bis zum Ende des Jahrhunderts den größten Teil seiner Korallen verlieren könnte, doch die Eindämmung des Klimawandels und strategisches Management werden die Widerstandsfähigkeit der Korallen verbessern.","New modeling shows difficult future for the Great Barrier Reef under climate change. The most sophisticated modeling to date forecasts that, under the current global emissions pathway, the Great Barrier Reef could lose most of its coral by the end of the century, but curbing climate change and strategic management will help coral resilience.","Novum exemplar futurum difficile ostendit pro Magno Obex Reef sub mutatione climatis. Urbanissimus exemplar ad praenuntiationes modernas, sub emissiones globalis hodiernae itineris, Magnus Obex Reef plus sui curalium fine saeculi amittere potuit, sed ad coërcendam mutationem climatis et opportuna administratione mollitiem curalium adiuvabit.",2025-10-22 14:44:35+00:00
662b2fe2c4e3bb0425145a98c9537298,2025-11-05T17:00:00Z,'drought Iran',www.superpunch.net,en,0.1,Today's news and jokes,"@sportsvoice29 It’s NFL Sunday. The money is flowing across state lines #fyp #fanduel ♬ original sound - Jeremy Smilez Brown 
 











This is the biggest national security threat to Iran. Nothing else comes close. We're over 40 days into autumn and th…",https://www.superpunch.net/2025/11/todays-news-and-jokes_0170361300.html,,,"@sportsvoice29 It’s NFL Sunday. The money is flowing across state lines #fyp#fanduel♬ original sound - Jeremy Smilez Brown
This is the biggest national security threat to Iran. Nothing else comes cl… [+6958 chars]",,"Aktuelle Nachrichten und Witze. @sportsvoice29 Es ist NFL-Sonntag. Das Geld fließt über Staatsgrenzen hinweg #fyp #fanduel ♬ Originalton - Jeremy Smilez Brown 
 











Dies ist die größte nationale Sicherheitsbedrohung für den Iran. Nichts anderes kommt dem nahe. Der Herbst ist schon über 40 Tage her und …","Today's news and jokes. @sportsvoice29 It’s NFL Sunday. The money is flowing across state lines #fyp #fanduel ♬ original sound - Jeremy Smilez Brown 
 











This is the biggest national security threat to Iran. Nothing else comes close. We're over 40 days into autumn and th…","Hodierna nuntia et iocos. @sports voice29 NFL Solis est. Pecunia trans lineas status fluit #fyp #fanduel ♬ sonus originalis - Jeremy Smilez Brown 
 











Haec est maxima comminatio securitatis nationalis in Irania. Nihil aliud propius accedit. Super XL dies sumus in autumnum et th...",2025-10-22 14:44:35+00:00
ff9faf820fa3455d2c4af09f78ccaf34,2025-11-05T17:28:04Z,'water management',phys.org,en,0.1,What should countries do with their nuclear waste? Management strategies focus on radionuclide iodine-129,"One of the highest-risk components of nuclear waste is iodine-129 (I-129), which stays radioactive for millions of years and accumulates in human thyroids when ingested. In the U.S., nuclear waste containing I-129 is scheduled to be disposed of in deep underg…",https://phys.org/news/2025-11-countries-nuclear-strategies-focus-radionuclide.html,https://scx2.b-cdn.net/gfx/news/2025/what-should-countries.jpg,,"One of the highest-risk components of nuclear waste is iodine-129 (I-129), which stays radioactive for millions of years and accumulates in human thyroids when ingested. In the U.S., nuclear waste co… [+8803 chars]",,"Was sollen Länder mit ihrem Atommüll tun? Die Managementstrategien konzentrieren sich auf das Radionuklid Jod-129. Einer der risikoreichsten Bestandteile von Atommüll ist Jod-129 (I-129), das über Millionen von Jahren radioaktiv bleibt und sich bei Einnahme in der menschlichen Schilddrüse anreichert. In den USA soll Atommüll, der I-129 enthält, tief unter der Erde entsorgt werden.","What should countries do with their nuclear waste? Management strategies focus on radionuclide iodine-129. One of the highest-risk components of nuclear waste is iodine-129 (I-129), which stays radioactive for millions of years and accumulates in human thyroids when ingested. In the U.S., nuclear waste containing I-129 is scheduled to be disposed of in deep underg…","Quid facere debent nationes cum vastitate nuclei? Procuratio strategies focus in radionuclide iodi-129. Una ex supremis periculo- tium nuclei vastitatis est iodine 129 (I-129), quae radioactiva per decies annos manet et in thyroidibus humanis ingestis accumulat. In US, vastum nuclei continens I-129 horarium est disponendum in subtus profunda ...",2025-10-22 14:44:35+00:00
79e67d97c1d22c09b92a31f7b3a97f6d,2025-11-05T17:57:35Z,'drought weather',www.pewresearch.org,en,0.1,People in Middle-Income Countries Say Climate Change Is Affecting Their Community,"Large majorities in nine middle-income countries say global climate change is affecting their community. About half or more in Argentina, Brazil and Mexico see a great deal of impact.
The post People in Middle-Income Countries Say Climate Change Is Affecting …",http://www.pewresearch.org/global/2025/11/05/people-in-middle-income-countries-say-climate-change-is-affecting-their-community/,https://www.pewresearch.org/wp-content/uploads/sites/20/2025/11/PG_25.11.05_ClimateMIC_featured@2x.png?w=1200&h=628&crop=1,,"Children play at a reservoir run dry due to drought in Kuta Cot Glie, Indonesia, on Jan. 24, 2024. (Chaideer Mahyuddin/AFP via Getty Images)
How we did this
This Pew Research Center analysis focuse… [+5657 chars]",,"Menschen in Ländern mit mittlerem Einkommen sagen, dass der Klimawandel Auswirkungen auf ihre Gemeinschaft hat. Eine große Mehrheit in neun Ländern mit mittlerem Einkommen gibt an, dass der globale Klimawandel Auswirkungen auf ihre Gemeinschaft hat. Etwa die Hälfte oder mehr in Argentinien, Brasilien und Mexiko sehen große Auswirkungen.
Der Beitrag: Menschen in Ländern mit mittlerem Einkommen sagen, der Klimawandel habe Auswirkungen auf …","People in Middle-Income Countries Say Climate Change Is Affecting Their Community. Large majorities in nine middle-income countries say global climate change is affecting their community. About half or more in Argentina, Brazil and Mexico see a great deal of impact.
The post People in Middle-Income Countries Say Climate Change Is Affecting …","Homines in Medio-reducuntur regiones Say Clima Mutatio afficit Community. Magnae plures in novem nationibus mediis reditibus dicunt mutationem climatis globalis communitati afficere. Circa medium vel plus in Argentina, Brasilia et Mexico plurimum ictum vident.
Post Homines in Medio-deducuntur regiones dic Clima mutatio afficit ...",2025-10-22 14:44:35+00:00
6ceaa430b71076a5da1eefc5f4779bb3,2025-11-05T21:23:49Z,'water management',www.yahoo.com,en,0.1,Judge allows Trump administration to reconsider approval for a Massachusetts offshore wind farm,A federal court judge is allowing the Trump administration to reconsider a major federal permit that was granted to a Massachusetts offshore wind farm days...,https://www.yahoo.com/news/articles/judge-allows-trump-administration-reconsider-212349789.html,https://s.yimg.com/ny/api/res/1.2/5OhI7CxP0RipbMKodz_tbA--/YXBwaWQ9aGlnaGxhbmRlcjt3PTEyMDA7aD04MDA7Y2Y9d2VicA--/https://media.zenfs.com/en/ap.org/78bf5801a5bbf83f3894f4088dde98d2,,"A federal court judge is allowing the Trump administration to reconsider a major federal permit that was granted to a Massachusetts offshore wind farm days before the president's inauguration.
Devel… [+3836 chars]",,"Der Richter erlaubt der Trump-Regierung, die Genehmigung für einen Offshore-Windpark in Massachusetts zu überdenken. Ein Bundesrichter erlaubt der Trump-Administration, eine wichtige Bundesgenehmigung zu überdenken, die vor einigen Tagen für einen Offshore-Windpark in Massachusetts erteilt wurde ...",Judge allows Trump administration to reconsider approval for a Massachusetts offshore wind farm. A federal court judge is allowing the Trump administration to reconsider a major federal permit that was granted to a Massachusetts offshore wind farm days...,Iudex Trump administrationem permittit ut retractare approbationem pro Massachusetts contra villam venti contrahendi. Iudex curialis foederalis permittit administrationem Trump retractare maiorem foederati permissionem quae Massachusetts facta est in e regione ventorum fundorum dierum...,2025-10-22 14:44:35+00:00
cc01f27661549183b479af1b19cfb31a,2025-11-05T21:47:26Z,'drought Iran',hyperallergic.com,en,0.1,The Museum Donors Accused of Sucking California Dry,Pistachio Wars argues that billionaires Lynda and Stewart Resnick are harming California’s environment as they artwash their damage.,http://hyperallergic.com/1054778/pistachio-wars-museum-donors-accused-of-sucking-california-dry/,https://hyperallergic-newspack.s3.amazonaws.com/uploads/2025/11/resnicks.jpg,,"Success! Your account was created and youre signed in.Please visit My Account to verify and manage your account.
An account was already registered with this email. Please check your inbox for an aut… [+11440 chars]",,"Den Museumsspendern wird vorgeworfen, Kalifornien ausgesaugt zu haben. Pistachio Wars argumentiert, dass die Milliardäre Lynda und Stewart Resnick der kalifornischen Umwelt schaden, indem sie ihren Schaden künstlich verschönern.",The Museum Donors Accused of Sucking California Dry. Pistachio Wars argues that billionaires Lynda and Stewart Resnick are harming California’s environment as they artwash their damage.,"Museum oblatorum accusatus de Sucking California Siccae. Pistachio Wars argumentatur quod billionaires Lynda et Stewart Resnick ambitus Californiae noceant, sicut damnum suum artlavant.",2025-10-22 14:44:35+00:00
4e4291b2ecd1ee225869f97d600098bc,2025-11-06T12:00:58Z,'water management',www.yankodesign.com,en,0.1,"Nubia Z80 Ultra Review: Style, Stamina, and a 35mm Camera Edge","Nubia Z80 Ultra Review: Style, Stamina, and a 35mm Camera EdgeFlagship smartphones have become predictable, with most settling into the same design language, camera arrays, and battery compromises that force users to choose between power...",https://www.yankodesign.com/2025/11/06/nubia-z80-ultra-review-style-stamina-and-a-35mm-camera-edge/,https://www.yankodesign.com/images/design_news/2025/11/nubia-z80-ultra-review-style-stamina-and-a-35mm-camera-edge/nubia-z80-ultra-review-03.jpg,,"PROS:
<ul><li>Stunning ""true full-screen"" experience</li><li>Eye-catching Van Gogh-inspired Starry Night design</li><li>50MP camera with 35mm optical lens gives a more natural ""human eye"" output</li… [+11952 chars]",,"Testbericht zum Nubia Z80 Ultra: Stil, Ausdauer und ein 35-mm-Kamerarand. Nubia Z80 Ultra Test: Stil, Ausdauer und ein 35-mm-Kamerarand. Flaggschiff-Smartphones sind vorhersehbar geworden, wobei die meisten sich auf die gleiche Designsprache, Kameraanordnung und Akkukompromisse festlegen, die Benutzer dazu zwingen, zwischen Leistung zu wählen...","Nubia Z80 Ultra Review: Style, Stamina, and a 35mm Camera Edge. Nubia Z80 Ultra Review: Style, Stamina, and a 35mm Camera EdgeFlagship smartphones have become predictable, with most settling into the same design language, camera arrays, and battery compromises that force users to choose between power...","Nubia Z80 Ultra Review: Style, Stamina, et 35mm Camera Edge. Nubia Z80 Ultra Review: Style, Stamina, et 35mm Camera EdgeFlagship Suspendisse potenti praedictibiles facti sunt, cum maxime in eodem consilio linguam, cameram vestit, et pugnae moderamina quae vis utentes ad eligendum inter potestatem...",2025-10-22 14:44:35+00:00
852c0e81d4c01da675b8d0715cc85b43,2025-11-06T16:25:35Z,'water management',gizmodo.com,en,0.1,This Florida Doctor’s Office Gave Its Own Patients Hepatitis C,The Florida Department of Health found that several patients of Lily J. Voepel caught the bloodborne infection while under her care.,https://gizmodo.com/this-florida-doctors-office-gave-its-own-patients-hepatitis-c-2000682425,https://gizmodo.com/app/uploads/2025/11/needle-1200x675.jpg,,A Florida doctor named Lily J. Voepel is in hot water after some of her patients contracted the dangerous bloodborne infection hepatitis C while under her care. A recent investigation by the Florida … [+2663 chars],,"Diese Arztpraxis in Florida behandelte ihre eigenen Patienten mit Hepatitis C. Das Gesundheitsministerium von Florida stellte fest, dass sich mehrere Patienten von Lily J. Voepel während ihrer Behandlung mit der durch Blut übertragenen Infektion infiziert hatten.",This Florida Doctor’s Office Gave Its Own Patients Hepatitis C. The Florida Department of Health found that several patients of Lily J. Voepel caught the bloodborne infection while under her care.,Hoc munus doctoris Floridae Hepatitis C. In Florida Department of Health suum aegros suos invenit multos aegros Lily J. Voepel sanguinolentam contagionem sub eius cura deprehensam.,2025-10-22 14:44:35+00:00
46caf2abe57e30cf25f94f8ecf8ee7dd,2025-11-07T06:30:00Z,'water management',www.yahoo.com,en,0.1,Officials issue warning after wild predator is spotted in concerning location: 'Back away slowly if you encounter one',"""Stay calm, make yourself look larger.""",https://www.yahoo.com/news/articles/officials-issue-warning-wild-predator-063000520.html,https://s.yimg.com/ny/api/res/1.2/l9WfI3qpOL65Sg0feceSfg--/YXBwaWQ9aGlnaGxhbmRlcjt3PTEyMDA7aD03OTM7Y2Y9d2VicA--/https://media.zenfs.com/en/the_cool_down_737/0a7c6df2a64eda1051ac6a6e4d4ec1c4,,"Visitors at Larrabee State Park near Bellingham, Washington, are being urged to stay alert after a bobcat mother and her kittens were spotted on the trails in late September.
According to a KomoNews… [+2363 chars]",,"Beamte geben eine Warnung heraus, nachdem ein wildes Raubtier an einem besorgniserregenden Ort gesichtet wurde: „Gehen Sie langsam zurück, wenn Sie einem begegnen.“ „Bleib ruhig, lass dich größer erscheinen.“","Officials issue warning after wild predator is spotted in concerning location: 'Back away slowly if you encounter one'. ""Stay calm, make yourself look larger.""","Magistratus monent postquam rapax ferox in de locatione maculosus est: ""Recede tarde si occurristi"". ""Mane tranquillitas; maiora te fac respice.""",2025-10-22 14:44:35+00:00
af2f1bf351eeb9a8a20d0f041fe3f148,2025-11-07T09:54:24Z,'drought reservoir',agriculture.gouv.fr,en,0.1,The Vulnerability of Forests to Natural Disturbances,"Forests are increasingly threatened by natural disturbances, which are being exacerbated by climate change. This note explores the growing risks that will emerge in the future.",https://agriculture.gouv.fr/vulnerability-forests-natural-disturbances,https://agriculture.gouv.fr/sites/default/files/styles/ds_vignette/public/image_rect.jpeg?itok=70b-PAAt,,"The Analysis Notes present, in four pages, the main points of discussion on a current topic relevant to the areas of activity of the Department of Agriculture, Agri-Food, and Food Sovereignty. Depend… [+26130 chars]",,"Die Anfälligkeit von Wäldern gegenüber natürlichen Störungen. Wälder sind zunehmend durch natürliche Störungen bedroht, die durch den Klimawandel noch verstärkt werden. In diesem Hinweis werden die wachsenden Risiken untersucht, die in Zukunft auftreten werden.","The Vulnerability of Forests to Natural Disturbances. Forests are increasingly threatened by natural disturbances, which are being exacerbated by climate change. This note explores the growing risks that will emerge in the future.","Vulnerabilitas silvarum ad Naturales perturbationes. Silvae magis magisque imminent perturbationibus naturalibus, quae mutatione climatis exaspantur. Haec nota periculum crescens explorat in futurum.",2025-10-22 14:44:35+00:00
fca0901930912803e82f94419598a502,2025-11-07T15:01:45Z,'drought Iran',abcnews.go.com,en,0.1,"Iranian capital faces water rationing and evacuations if it doesn't rain soon, president warns","Iran’s capital is facing an unprecedented water and energy crisis as reservoirs supplying the city plunge to historic lows, threatening supplies of drinking water and electricity generation",https://abcnews.go.com/International/wireStory/iranian-capital-faces-water-rationing-evacuations-rain-president-127295875,https://s.abcnews.com/images/US/abc_news_default_2000x2000_update_16x9_992.jpg,,"TEHRAN, Iran -- Irans president has warned that the capital is facing an unprecedented water and energy crisis as reservoirs have plunged to historic lows, threatening supplies of drinking water and … [+2622 chars]",,"Irans Hauptstadt muss mit Wasserrationierung und Evakuierung rechnen, wenn es nicht bald regnet, warnt der Präsident. Die iranische Hauptstadt steht vor einer beispiellosen Wasser- und Energiekrise, da die Stauseen, die die Stadt versorgen, auf historische Tiefststände sinken und die Trinkwasserversorgung und die Stromerzeugung gefährdet sind","Iranian capital faces water rationing and evacuations if it doesn't rain soon, president warns. Iran’s capital is facing an unprecedented water and energy crisis as reservoirs supplying the city plunge to historic lows, threatening supplies of drinking water and electricity generation","Irania caput aquae rations et evacuationes facies, si cito non pluit, praesidens monet. Caput Iran inauditum aquam et crisi industriam respicit ut piscinas quae urbi praecipitant historicis mugitibus praebent, commeatus aquae potationis et generationis electricitatis imminent.",2025-10-22 14:44:35+00:00
cfae3696bd4b6e9252a421b23e522920,2025-11-08T02:00:00Z,'drought climate change',www.yahoo.com,en,0.1,Scientists issue warning about looming threat to water supply for 1.5 billion people — here's what you need to know,It is a critical situation.,https://www.yahoo.com/news/articles/scientists-issue-warning-looming-threat-020000507.html,https://s.yimg.com/ny/api/res/1.2/K6QK9DxpqP8Bpm62D4OfBw--/YXBwaWQ9aGlnaGxhbmRlcjt3PTEyMDA7aD02Nzg7Y2Y9d2VicA--/https://media.zenfs.com/en/the_cool_down_737/0b485dc69559b9311f3bd0edbefee785,,"Recurring snow drought in the Tibetan Plateau poses a major threat to 1.5 billion people who rely on it for freshwater.
What's happening?
A study published in the journal Communications Earth &amp;… [+2197 chars]",,"Wissenschaftler warnen vor einer drohenden Bedrohung der Wasserversorgung für 1,5 Milliarden Menschen – hier ist, was Sie wissen müssen. Es ist eine kritische Situation.",Scientists issue warning about looming threat to water supply for 1.5 billion people — here's what you need to know. It is a critical situation.,Docti monent de comminatione aquae copiae pro 1.5 miliardis hominum — hic scire debes. Res critica est.,2025-10-22 14:44:35+00:00
dd78b4ce1bee0d817bc4a3705c0ff476,2025-11-08T05:09:35Z,'water management',caribbeannewsglobal.com,en,0.1,PAHO scales up its emergency health response across the Caribbean following hurricane Melissa - Caribbean News Global,"KINGSTON, JAMAICA, (PAHO/WHO) — In response to Hurricane Melissa, the Pan American Health Organization/ World Health Organization (PAHO/WHO) immediately activated its health emergency coordination and response mechanisms and continues working closely with Car…",https://caribbeannewsglobal.com/paho-scales-up-its-emergency-health-response-across-the-caribbean-following-hurricane-melissa/,https://caribbeannewsglobal.com/wp-content/uploads/2025/11/paho_jamaica.jpg,,"KINGSTON, JAMAICA, (PAHO/WHO) In response to Hurricane Melissa, the Pan American Health Organization/ World Health Organization (PAHO/WHO) immediately activated its health emergency coordination and … [+5873 chars]",,"Nach dem Hurrikan Melissa weitet PAHO seine Gesundheitsnothilfe in der gesamten Karibik aus – Caribbean News Global. KINGSTON, JAMAIKA, (PAHO/WHO) – Als Reaktion auf den Hurrikan Melissa hat die Panamerikanische Gesundheitsorganisation/Weltgesundheitsorganisation (PAHO/WHO) sofort ihre Koordinierungs- und Reaktionsmechanismen für Gesundheitsnotfälle aktiviert und arbeitet weiterhin eng mit Car… zusammen.","PAHO scales up its emergency health response across the Caribbean following hurricane Melissa - Caribbean News Global. KINGSTON, JAMAICA, (PAHO/WHO) — In response to Hurricane Melissa, the Pan American Health Organization/ World Health Organization (PAHO/WHO) immediately activated its health emergency coordination and response mechanisms and continues working closely with Car…","PAHO librat suam subitis responsionem sanitatis contra Caribbean sequentem procellam Melissa - Caribbean News Global. KINGSTON, JAMAICA, (PAHO/QUI) — Respondens Procellae Melissae, Pan Americanae Salutis Organizationis/Mundi Salus Organizatio (PAHO/QUI) statim subitis coordinationis et responsionis mechanismi salubritatem suam excitavit atque arctissime cum Car…",2025-10-22 14:44:35+00:00
237ffba9afd61951e372b23aa80597ce,2025-11-08T05:37:08Z,'water management',fsfe.org,en,0.1,"Apple's ""notarisation"" – blocking software freedom of developers and users",The EU’s Digital Markets Act is supposed to shake up the power of tech giants by giving developers and users more choice. Apple’s “notarisation” of mobile ...,https://fsfe.org/news/2025/news-20251105-01.en.html,https://pics.fsfe.org/uploads/medium/ee/3d/407431339a047caf4fc5f1ea05db.png,,"News
The EUs Digital Markets Act is supposed to shake up the power of
tech giants by giving developers and users more choice. Apples
notarisation of mobile apps contradicts these objectives. A
ci… [+8960 chars]",,"Apples „Beglaubigung“ – Blockierung der Softwarefreiheit von Entwicklern und Nutzern. Der Digital Markets Act der EU soll die Macht der Technologiegiganten erschüttern, indem er Entwicklern und Nutzern mehr Auswahl bietet. Apples „Beglaubigung“ von Mobiltelefonen ...","Apple's ""notarisation"" – blocking software freedom of developers and users. The EU’s Digital Markets Act is supposed to shake up the power of tech giants by giving developers and users more choice. Apple’s “notarisation” of mobile ...","Apple ""notarisation"" interclusio software libertas tincidunt et utentium. Actus digitalis UE in mercatu technicae gigantum potestatem concutere existimatur dando tincidunt et usoribus melioribus. Apple notarisatio mobilis...",2025-10-22 14:44:35+00:00
f1dbf2b6c44cce348c31754033581ec2,2025-11-08T06:00:00Z,'water management',www.rte.ie,en,0.1,Operation Cloudburst: Dutch train for 'water bomb' floods,"A twin-prop Chinook helicopter shatters the calm of the Dutch countryside, hovering just metres from a canal before dumping four huge sandbags into the water: welcome to Operation Cloudburst.",https://www.rte.ie/news/newslens/2025/1108/1542693-dutch-flood-defences/,https://www.rte.ie/images/00237127-1600.jpg,,"A twin-prop Chinook helicopter shatters the calm of the Dutch countryside, hovering just metres from a canal before dumping four huge sandbags into the water: welcome to Operation Cloudburst.
The fi… [+3838 chars]",,"Operation Cloudburst: Niederländischer Zug für „Wasserbomben“-Überschwemmungen. Ein Twin-Propeller-Chinook-Hubschrauber durchbricht die Ruhe der niederländischen Landschaft, schwebt nur wenige Meter von einem Kanal entfernt und wirft vier riesige Sandsäcke ins Wasser: Willkommen bei Operation Cloudburst.","Operation Cloudburst: Dutch train for 'water bomb' floods. A twin-prop Chinook helicopter shatters the calm of the Dutch countryside, hovering just metres from a canal before dumping four huge sandbags into the water: welcome to Operation Cloudburst.","Operatio Cloudburst: tramen Batavicum pro inundationibus aquae bomb. Geminum columen Chinook helicopter tranquillitatem ruris Batavicae frangit, metra iusta ex canali volitans ante quattuor ingentes sandbags in aquam iactans: grata operationi Cloudburst.",2025-10-22 14:44:35+00:00
84468b47d74a7c1e971635ec26bbf7ab,2025-11-08T06:26:16Z,'water management',en.protothema.gr,en,0.1,Greece a key country in Europe’s new energy map – the new prospects after the barrage of agreements,"In addition to the signing for ExxonMobil’s entry into “block 2” last week, negotiations with Chevron are also “running” for the areas south of the Peloponnese and Crete
The post Greece a key country in Europe’s new energy map – the new prospects after the ba…",https://en.protothema.gr/2025/11/08/greece-a-key-country-in-europes-new-energy-map-the-new-prospects-after-the-barrage-of-agreements/,https://en.protothema.gr/wp-content/uploads/2025/11/ydrogonanthrakes_xr-1.jpg-1.jpg,,"Rapid developments have been recorded in recent months across all hydrocarbon exploration concessions, because apart from the signing for ExxonMobils entry into block 2 last week, negotiations with C… [+5075 chars]",,"Griechenland ist ein Schlüsselland auf der neuen Energiekarte Europas – die neuen Perspektiven nach der Flut an Vereinbarungen. Neben der Unterzeichnung für den Eintritt von ExxonMobil in „Block 2“ in der vergangenen Woche „laufen“ auch Verhandlungen mit Chevron für die Gebiete südlich des Peloponnes und Kreta
Der Beitrag Griechenland ist ein Schlüsselland auf der neuen Energiekarte Europas – die neuen Perspektiven nach dem Ende …","Greece a key country in Europe’s new energy map – the new prospects after the barrage of agreements. In addition to the signing for ExxonMobil’s entry into “block 2” last week, negotiations with Chevron are also “running” for the areas south of the Peloponnese and Crete
The post Greece a key country in Europe’s new energy map – the new prospects after the ba…","Graecia in regione clavis nova in Europa energiae geographicae – novae spei post verbera conventionum. Praeter subscriptionem pro ExxonMobil's in ""obstructionum 2"" proxima hebdomade, tractatus de Chevron etiam ""currit"" pro locis Peloponnesi et Cretae meridionalis.
Post Graecia clavis terra in nova industria in Europa - novas expectationes post ba…",2025-10-22 14:44:35+00:00
8bff1e432951287cc82e2cbb7b7ba9dc,2025-11-08T07:23:18Z,'water management',english.khabarhub.com,en,0.1,"Nepal calls for joint action, climate justice, and urgent global cooperation","KATHMANDU: Nepal has urged the global community to work together for climate justice and a sustainable future, calling for immediate and collective action to address the climate crisis. The appeal was made during the Leader’s Summit held on November 5–6 ahead…",https://english.khabarhub.com/2025/08/505010/,https://english.khabarhub.com/wp-content/uploads/2025/11/nepal-1.jpg,,"KATHMANDU: Nepal has urged the global community to work together for climate justice and a sustainable future, calling for immediate and collective action to address the climate crisis.
The appeal w… [+3282 chars]",,"Nepal ruft zu gemeinsamem Handeln, Klimagerechtigkeit und dringender globaler Zusammenarbeit auf. KATHMANDU: Nepal hat die Weltgemeinschaft aufgefordert, sich gemeinsam für Klimagerechtigkeit und eine nachhaltige Zukunft einzusetzen, und fordert sofortige und kollektive Maßnahmen zur Bewältigung der Klimakrise. Der Appell wurde während des Leader’s Summit am 5. und 6. November vorgebracht …","Nepal calls for joint action, climate justice, and urgent global cooperation. KATHMANDU: Nepal has urged the global community to work together for climate justice and a sustainable future, calling for immediate and collective action to address the climate crisis. The appeal was made during the Leader’s Summit held on November 5–6 ahead…","Nepal actionem communem, iustitiam caeli et cooperationem globalem urget. KATHMANDU: Nepal communitatem globalem suasit ut simul ad iustitiam caeli et ad futuram sustinendam operaretur, rogans ad actionem immediatam et collectivam ad discrimen climatis compellans. Appellatio facta est in culmine Ducis pridie Kalendas Decembres 5-6 ante…",2025-10-22 14:44:35+00:00
98a29dd7b00fc9a06b2801b6e90cf01d,2025-11-08T07:39:14Z,'water management',en.antaranews.com,en,0.1,Indonesia's VP calls for strict supervision of Jragung Dam project,"Indonesia&#39;s Vice President Gibran Rakabuming Raka has called for strict supervision of the Jragung Dam construction in Semarang District, Central Java, to ...",https://en.antaranews.com/news/390693/indonesias-vp-calls-for-strict-supervision-of-jragung-dam-project,https://cdn.antaranews.com/cache/1200x800/2025/09/07/Proyek-Bendungan-Jragung-Untuk-Menopang-Swasembada-Pangan-Di-Jateng-070925-mz-7.jpg,,"Jakarta (ANTARA) - Indonesia's Vice President Gibran Rakabuming Raka has called for strict supervision of the Jragung Dam construction in Semarang District, Central Java, to strengthen food and energ… [+1728 chars]",,"Indonesiens Vizepräsident fordert eine strenge Überwachung des Jragung-Staudammprojekts. Indonesiens Vizepräsident Gibran Rakabuming Raka hat eine strenge Überwachung des Baus des Jragung-Staudamms im Distrikt Semarang in Zentral-Java gefordert, um ...","Indonesia's VP calls for strict supervision of Jragung Dam project. Indonesia&#39;s Vice President Gibran Rakabuming Raka has called for strict supervision of the Jragung Dam construction in Semarang District, Central Java, to ...","Indonesia' VP vocat ad strictam vigilantiam Jragung Dam project. Indonesia &#39; Vice Praeses Gibran Rakabuming Raka ad strictam vigilantiam constructionis Jragung Dam in District Semarang, Central Java, ad ...",2025-10-22 14:44:35+00:00
c2b8f57fedbc591a4eadd334528975d7,2025-11-08T08:03:31Z,'water management',indianexpress.com,en,0.1,‘Mujhe bada gussa aya…hum jo khaate hain usko chaara boldiya’: Chef Sanjeev Kapoor recalls looking up millets for the first time on the internet,"Regularly including millets can improve heart health, blood sugar levels & boost your energy",https://indianexpress.com/article/lifestyle/food-wine/mujhe-bada-gussa-aya-hum-jo-khaate-hain-usko-chaara-boldiya-chef-sanjeev-kapoor-recalls-looking-up-millets-for-the-first-time-on-the-internet-10345348/,https://images.indianexpress.com/2025/11/Sanjeev-Kapoor-millets.jpg,,"Millets are a rage among health enthusiasts now. However, back in 2016, while the world was still waking up to this wondrous cereal, chef Sanjeev Kapoor started promoting the crop. In a candid conver… [+3314 chars]",,"„Mujhe bada gussa aya…hum jo khaate hain usko chaara Boldiya“: Chefkoch Sanjeev Kapoor erinnert sich, wie er zum ersten Mal im Internet nach Hirse gesucht hat. Der regelmäßige Verzehr von Hirse kann die Herzgesundheit und den Blutzuckerspiegel verbessern und Ihre Energie steigern","‘Mujhe bada gussa aya…hum jo khaate hain usko chaara boldiya’: Chef Sanjeev Kapoor recalls looking up millets for the first time on the internet. Regularly including millets can improve heart health, blood sugar levels & boost your energy","'Mujhe bada gussa aya…hum jo khaate hain usko chaara boldiya': Chef Sanjeev Kapoor millelia primum in interrete suspiciens commemorat. Regulariter comprehendo milium potest amplio cordis salutem, sanguinem sugar campester & boost industriam tuam",2025-10-22 14:44:35+00:00
c274f7d2009f21b1d3f42dc99a2f658f,2025-11-08T09:06:18Z,'water management',economictimes.indiatimes.com,en,0.1,High-powered panel grants in-principle approval to various projects under NABARD's RIDF,"A high-powered committee in Kerala has given its nod to infrastructure projects worth Rs 1,441 crore. These projects are funded under tranche 31 of NABARD's Rural Infrastructure Development Fund. Approvals cover various departments including Forests, Electric…",https://economictimes.indiatimes.com/news/economy/agriculture/high-powered-panel-grants-in-principle-approval-to-various-projects-under-nabards-ridf/articleshow/125182013.cms,"https://img.etimg.com/thumb/msid-125182058,width-1200,height-630,imgsize-1909432,overlay-economictimes/articleshow.jpg",,"A high-powered committee headed by the Kerala chief secretary has granted in-principle approval to infrastructure development projects worth Rs 1,441 crore in the state under tranche 31 of NABARD's R… [+1946 chars]",,"Ein hochkarätiges Gremium erteilt grundsätzliche Genehmigung für verschiedene Projekte im Rahmen des RIDF von NABARD. Ein hochrangiges Komitee in Kerala hat Infrastrukturprojekten im Wert von 1.441 Mrd. Rupien zugestimmt. Diese Projekte werden im Rahmen der Tranche 31 des NABARD-Fonds zur Entwicklung der ländlichen Infrastruktur finanziert. Die Zulassungen decken verschiedene Abteilungen ab, darunter Forsten, Elektrizität usw.","High-powered panel grants in-principle approval to various projects under NABARD's RIDF. A high-powered committee in Kerala has given its nod to infrastructure projects worth Rs 1,441 crore. These projects are funded under tranche 31 of NABARD's Rural Infrastructure Development Fund. Approvals cover various departments including Forests, Electric…","Decuria summus powered approbationem principii tribuit variis inceptis sub NABARD RIDF. Summus Lorem consilium in Kerala suum nutum dedit infrastructurae inceptis tanti Rs 1,441 crore. Haec incepta sub tranche 31 fundatae sunt Fundi Development infrastructurae Ruris NABARD. Approbationes varias comprehendunt silvae, Electric…",2025-10-22 14:44:35+00:00
8d98347d108eb27a83fcad544e6b0cb6,2025-11-08T10:00:00Z,'water management',www.gamesradar.com,en,0.1,Kill Team: Dead Silence brings back something I've desperately missed in the Warhammer game,The latest expansion will really hit the mark for experienced players,https://www.gamesradar.com/tabletop-gaming/kill-team-dead-silence-review/,https://cdn.mos.cms.futurecdn.net/JTifDY9foCjps8mVaQWMV5-2560-80.jpg,,"Why you can trust GamesRadar+
Our experts review games, movies and tech over countless hours, so you can choose the best for you. Find out more about our reviews policy.Even from the name, it's clea… [+9892 chars]",,"Kill Team: Dead Silence bringt etwas zurück, das ich im Warhammer-Spiel so sehr vermisst habe. Die neueste Erweiterung wird erfahrene Spieler voll ins Schwarze treffen",Kill Team: Dead Silence brings back something I've desperately missed in the Warhammer game. The latest expansion will really hit the mark for experienced players,Occidere Team: Mortuus Silentium reducit aliquid Ive perdite periit in ludo Warhammer. Tardus expansio characterem peritis scaenicis revera feriet,2025-10-22 14:44:35+00:00
22ef3508a09890a88c92acda2ce2ff39,2025-11-08T10:00:48Z,'water management',bengreenfieldlife.com,en,0.1,"Practical Hacks For Making New Habits, Waging The War Against Alcohol, The Best Morning Routine Ever, Upgraded Overnight Oatmeal & Much More With Michael Chernow (Best of LIFE Network’s Experts!)","Listen on: Read time: 8 minutes What I Discuss with Michael Chernow: How my unconventional Morning Raw Liver Smoothie led
The post Practical Hacks For Making New Habits, Waging The War Against Alcohol, The Best Morning Routine Ever, Upgraded Overnight Oatmeal…",https://bengreenfieldlife.com/podcast/lnchernow/,https://bengreenfieldlife.com/wp-content/uploads/2025/11/LN-Replay-Michael-Chernow-WP.png,,"Ben Greenfield [00:00:00]: This Replay episode features Life Network expert Michael Chernow, entrepreneur, athlete and founder of Kreatures of Habit. We dig into his journey through addiction recover… [+110824 chars]",,"Praktische Hacks für neue Gewohnheiten, den Krieg gegen Alkohol, die beste Morgenroutine aller Zeiten, verbesserte Haferflocken über Nacht und vieles mehr mit Michael Chernow (Experten von Best of LIFE Network!). Anhören: Lesezeit: 8 Minuten Was ich mit Michael Chernow bespreche: Wie mein unkonventioneller Morning Raw Liver Smoothie dazu führte
Der Beitrag Praktische Hacks für neue Gewohnheiten, den Krieg gegen Alkohol, die beste Morgenroutine aller Zeiten, verbesserte Haferflocken über Nacht …","Practical Hacks For Making New Habits, Waging The War Against Alcohol, The Best Morning Routine Ever, Upgraded Overnight Oatmeal & Much More With Michael Chernow (Best of LIFE Network’s Experts!). Listen on: Read time: 8 minutes What I Discuss with Michael Chernow: How my unconventional Morning Raw Liver Smoothie led
The post Practical Hacks For Making New Habits, Waging The War Against Alcohol, The Best Morning Routine Ever, Upgraded Overnight Oatmeal…","Practical Hacks For Making New Habitus, Waging The War against Alcohol, The Best Morning Routine Ever, Upgraded Overnight Oatmeal & Much More With Michael Chernow (Best of life Network's Experts!). Audi: Lege tempus: 8 minuta Quae cum Michaele Chernow Disputo: Quam meum ligula Mane Raw Jecur blandum duxit
Post Practical Hacks pro novis moribus, bellum contra Vocatus, optimus mane DEFUNCTORIUS umquam, Upgraded pellentesque Oatmeal…",2025-10-22 14:44:35+00:00
600221a239d22ba1a4de3a7ae3dbc931,2025-11-08T10:09:01Z,'water management',www.businessinsider.com,en,0.1,She's 90 and helping her peers as a caregiver. Workers over 80 say helping each other is the best job they can get,"Many of the 550,000 Americans 80 and older who still work do jobs that improve the lives of other 80-year-olds. They're home health aides and nurses.",https://www.businessinsider.com/americas-oldest-workers-jobs-peers-home-health-aides-nurses-2025-11,https://i.insider.com/690e6ba221c3f142ebfc5d28?width=1200&format=jpeg,,"Shortly after one of her recent weekday chair yoga classes at a nursing home, Barbara Brown, 83, recalled when she asked participants to take a deep breath and exhale. Out of the corner of her eye, s… [+11028 chars]",,"Sie ist 90 und hilft ihren Altersgenossen als Betreuerin. Arbeitnehmer über 80 sagen, dass gegenseitige Hilfe der beste Job sei, den sie bekommen können. Viele der 550.000 Amerikaner im Alter von 80 Jahren und älter, die noch arbeiten, üben Jobs aus, die das Leben anderer 80-Jähriger verbessern. Sie sind häusliche Gesundheitshelfer und Krankenschwestern.","She's 90 and helping her peers as a caregiver. Workers over 80 say helping each other is the best job they can get. Many of the 550,000 Americans 80 and older who still work do jobs that improve the lives of other 80-year-olds. They're home health aides and nurses.",90 Est et curantis pares adiuvat. Laborantes super 80 dicunt adiuvantes se optimum officium quod possunt obtinere. Multi ex 55 000 Americanorum 80 et maiores qui adhuc operantur jobs qui vitam aliorum LXXX annorum natorum emendant. Sunt adiutores et nutrices salutis domus.,2025-10-22 14:44:35+00:00
866d4f4e7aac440d9ed29610b56a7d2f,2025-11-08T10:40:00Z,'water management',www.mindbodygreen.com,en,0.1,This Daily Routine Can Strengthen Your Immune System For The Upcoming Cold & Flu Season,A science-backed routine for daily immune support.,https://www.mindbodygreen.com/articles/13-habits-to-support-your-immune-health-this-cold-and-flu-season-wha-more-about-it,"https://mindbodygreen-res.cloudinary.com/image/upload/c_fill,w_2000,h_1200,g_auto,fl_lossy,f_jpg/org/5dgq5424gjpigj6bv.jpg",,"Ready or not, cold and flu season is almost here. This time of year is tough on our immune systems, but adding some healthy habits to your everyday routine can help bolster your body's defense system… [+4928 chars]",,Diese tägliche Routine kann Ihr Immunsystem für die bevorstehende Erkältungs- und Grippesaison stärken. Eine wissenschaftlich fundierte Routine zur täglichen Immununterstützung.,This Daily Routine Can Strengthen Your Immune System For The Upcoming Cold & Flu Season. A science-backed routine for daily immune support.,Hoc Quotidiana DEFUNCTORIUS potest confirma tuam immunem systema pro ventura Frigidus & Flu Season. A scientia lippus usitatum quotidianum subsidium immune est.,2025-10-22 14:44:35+00:00
1e50551c0fea58b7c90acde56ae05468,2025-11-08T11:17:06Z,'water management',indianexpress.com,en,0.1,OnePlus 15 arriving on November 13 with Snapdragon 8 Elite Gen 5 and 165Hz display,The new OnePlus flagship introduces a triple-chip architecture and OxygenOS 16 optimisations for smoother multitasking and gaming.,https://indianexpress.com/article/technology/tech-news-technology/oneplus-15-arriving-on-november-13-with-snapdragon-8-elite-gen-5-10353716/,https://images.indianexpress.com/2025/11/IE-86.jpg,,"OnePlus is gearing up to unveil its next flagship, the OnePlus 15, at a global launch event on November 13. The new model is expected to focus on performance, thermal efficiency and battery life thre… [+1694 chars]",,OnePlus 15 erscheint am 13. November mit Snapdragon 8 Elite Gen 5 und 165-Hz-Display. Das neue OnePlus-Flaggschiff führt eine Drei-Chip-Architektur und OxygenOS 16-Optimierungen für flüssigeres Multitasking und Gaming ein.,OnePlus 15 arriving on November 13 with Snapdragon 8 Elite Gen 5 and 165Hz display. The new OnePlus flagship introduces a triple-chip architecture and OxygenOS 16 optimisations for smoother multitasking and gaming.,OnePlus 15 venit die 13 Novembris cum Snapdragon 8 Elite Gen 5 et 165Hz ostentus. Novus OnePlus praetoriae navis triplicem architecturam et OxygenOS 16 optimisations ad multitasi et aleandi leviores introducit.,2025-10-22 14:44:35+00:00
6fe0e55e4d4df6fd61ee42216fe9ad52,2025-11-08T12:29:28Z,'water management',economictimes.indiatimes.com,en,0.1,Clean air or clean data: Survey raises doubt on Delhi's AQI data,"Concerns are mounting over the accuracy of Delhi's air quality monitoring as ground checks reveal questionable practices. Water sprinkling near monitoring stations and strategically chosen locations in green belts are potentially distorting readings, leading …",https://economictimes.indiatimes.com/news/india/clean-air-or-clean-data-survey-raises-doubt-on-delhis-aqi-data/articleshow/125184796.cms,"https://img.etimg.com/thumb/msid-125185132,width-1200,height-630,imgsize-98384,overlay-economictimes/articleshow.jpg",,"As smog blankets the national capital of Delhi, one can see people complain of burning eyes, scratchy throats and breathing problems. The question around the accuracy of official air quality monitors… [+4185 chars]",,"Saubere Luft oder saubere Daten: Umfrage lässt Zweifel an den AQI-Daten von Delhi aufkommen. Die Besorgnis über die Genauigkeit der Luftqualitätsüberwachung in Delhi wächst, da Bodenkontrollen fragwürdige Praktiken aufdecken. Das Verspritzen von Wasser in der Nähe von Überwachungsstationen und an strategisch ausgewählten Orten in Grüngürteln verfälscht möglicherweise die Messwerte und führt dazu …","Clean air or clean data: Survey raises doubt on Delhi's AQI data. Concerns are mounting over the accuracy of Delhi's air quality monitoring as ground checks reveal questionable practices. Water sprinkling near monitoring stations and strategically chosen locations in green belts are potentially distorting readings, leading …","Mundus aer vel mundus data: Survey dubium movet in notitia Delhi AQI. Curae incedunt subtilitatem aeris qualitatem Delhi vigilantiam sicut humus compescit praxis dubias revelare. Aquae spargendae circa stationes vigilantiae et opportuna loca electa in cingulis viridibus sunt potentia lectiones depravantes, ducens ...",2025-10-22 14:44:35+00:00
58d1f306dd3fd32bf896387b58dd9fd8,2025-11-08T13:00:38Z,'water management',rollingout.com,en,0.1,5 surprising things that trigger indigestion,"Indigestion can ruin even the best of meals, leaving you with bloating, heartburn and discomfort that lingers long after you’ve pushed away from the table. While most people assume spicy foods or large portions are the main culprits, there are several lesser-…",https://rollingout.com/2025/11/08/5-surprising-things-trigger-indigestion/,https://rollingout.com/wp-content/uploads/2025/11/shutterstock_2471334467.jpg,,"Indigestion can ruin even the best of meals, leaving you with bloating, heartburn and discomfort that lingers long after you’ve pushed away from the table. While most people assume spicy foods or lar… [+4601 chars]",,"5 überraschende Dinge, die Verdauungsstörungen auslösen. Verdauungsstörungen können selbst die beste Mahlzeit ruinieren und zu Blähungen, Sodbrennen und Unwohlsein führen, die noch lange anhalten, nachdem Sie sich vom Tisch abgedrängt haben. Während die meisten Menschen davon ausgehen, dass scharf gewürzte Speisen oder große Portionen die Hauptursache sind, gibt es mehrere weniger...","5 surprising things that trigger indigestion. Indigestion can ruin even the best of meals, leaving you with bloating, heartburn and discomfort that lingers long after you’ve pushed away from the table. While most people assume spicy foods or large portions are the main culprits, there are several lesser-…","5 Mirabilia quae felis cruditates. Crudetas etiam optimas cibos corrumpere potest, te relicto tumore, aestu et incommodo, quod diu moratur, postquam e mensa reppulisti. CONDITUS cibos plerique assumunt vel magnas portiones reorum principales sunt, plures minores sunt.",2025-10-22 14:44:35+00:00
1dafdcb5376ae44eae35872c366e383b,2025-11-08T13:06:22Z,'water management',www.saastr.com,en,0.1,SaaStr AI App of the Week: Dust – Build Custom AI Agents That Actually Know Your Company’s Data,"Dust is a no-code platform that lets anyone in your company build AI agents connected to your tools and data – achieving 70% weekly adoption rates at companies like Doctolib, Qonto, and Clay. Why Dust Matters Right Now If you’re running a B2B SaaS company in …",https://www.saastr.com/saastr-ai-app-of-the-week-dust/,https://i0.wp.com/www.saastr.com/wp-content/uploads/2025/11/8f6c3df3-8966-4896-b528-c352fc069da9-1-scaled.jpg?fit=1000%2C565&quality=70&ssl=1,,"Dust is a no-code platform that lets anyone in your company build AI agents connected to your tools and data – achieving 70% weekly adoption rates at companies like Doctolib, Qonto, and Clay.
Why Du… [+16787 chars]",,"SaaStr KI-App der Woche: Dust – Erstellen Sie benutzerdefinierte KI-Agenten, die die Daten Ihres Unternehmens tatsächlich kennen. Dust ist eine No-Code-Plattform, mit der jeder in Ihrem Unternehmen KI-Agenten erstellen kann, die mit Ihren Tools und Daten verbunden sind. Bei Unternehmen wie Doctolib, Qonto und Clay wird eine wöchentliche Akzeptanzrate von 70 % erreicht. Warum Staub gerade jetzt wichtig ist Wenn Sie ein B2B-SaaS-Unternehmen in … leiten","SaaStr AI App of the Week: Dust – Build Custom AI Agents That Actually Know Your Company’s Data. Dust is a no-code platform that lets anyone in your company build AI agents connected to your tools and data – achieving 70% weekly adoption rates at companies like Doctolib, Qonto, and Clay. Why Dust Matters Right Now If you’re running a B2B SaaS company in …","SaaStr AI App of the Week: Pulvis – Build Custom AI Agents That actually Know Your Company's Data. Pulvis suggestus non-codex est qui aliquem in societate tua AI agentium instrumentorum et notitiarum connexum construere sinit - assequendum 70% septimanalis adoptionis rates in societatibus sicut Doctolib, Qonto, et Clay. Cur Pulvis Negotia Ius Nunc Si curris B2B SaaS societas in …",2025-10-22 14:44:35+00:00
34bd8009967b3d0a0ab75977d66e37c6,2025-11-08T13:15:32Z,'water management',english.khabarhub.com,en,0.1,NEA refutes misleading claims over power import deal with India,KATHMANDU: The Nepal Electricity Authority (NEA) has dismissed reports circulating in some media outlets and on social media regarding its recent power purchase agreement for the upcoming winter season as misleading and distorted. Issuing a statement on Frida…,https://english.khabarhub.com/2025/08/505054/,https://english.khabarhub.com/wp-content/uploads/2024/07/NEA-Nepal-jpg.webp,,KATHMANDU: The Nepal Electricity Authority (NEA) has dismissed reports circulating in some media outlets and on social media regarding its recent power purchase agreement for the upcoming winter seas… [+1562 chars],,NEA weist irreführende Behauptungen über Stromimportabkommen mit Indien zurück. KATHMANDU: Die Nepal Electricity Authority (NEA) hat in einigen Medien und in sozialen Medien verbreitete Berichte über ihren jüngsten Stromabnahmevertrag für die kommende Wintersaison als irreführend und verzerrt zurückgewiesen. Abgabe einer Erklärung zu Frida…,NEA refutes misleading claims over power import deal with India. KATHMANDU: The Nepal Electricity Authority (NEA) has dismissed reports circulating in some media outlets and on social media regarding its recent power purchase agreement for the upcoming winter season as misleading and distorted. Issuing a statement on Frida…,NEA refellit errans ius in potestatem importabilibus cum India. KATHMANDU: Auctoritas Nepal electricitatis (NEA) dimisit relationes quae in quibusdam instrumentis instrumentis circumferuntur et in socialibus instrumentis circa recentem potentiam emptionis consensum pro tempore hiemali venturae sicut errans et deformatum. Denuntiatione Frida... fiebant.,2025-10-22 14:44:35+00:00
70dae8fa96c6f77e5e4d8fe6f188641b,2025-11-08T13:53:13Z,'water management',freerepublic.com,en,0.1,Trump: Probe Meatpacking Companies for Collusion,"President Donald Trump has demanded a Justice Department investigation into meatpacking companies he believes are driving up beef prices through illegal means. ""I have asked the DOJ to immediately begin an investigation into the Meat Packing Companies who are…",https://freerepublic.com/focus/f-chat/4351431/posts,,,"Skip to comments.
Trump: Probe Meatpacking Companies for Collusionnewsmax.com ^
 | Friday, 07 November
 | Sam Barron 
Posted on 11/08/2025 5:53:13 AM PST by V_TWIN
President Donald Trump has dem… [+2891 chars]",,"Trump: Fleischverpackungsunternehmen wegen Absprachen untersuchen. Präsident Donald Trump hat eine Untersuchung des Justizministeriums gegen Fleischverarbeitungsunternehmen gefordert, die seiner Ansicht nach die Rindfleischpreise mit illegalen Mitteln in die Höhe treiben. „Ich habe das DOJ gebeten, unverzüglich eine Untersuchung der Fleischverpackungsunternehmen einzuleiten, die …","Trump: Probe Meatpacking Companies for Collusion. President Donald Trump has demanded a Justice Department investigation into meatpacking companies he believes are driving up beef prices through illegal means. ""I have asked the DOJ to immediately begin an investigation into the Meat Packing Companies who are…","BUCINUM: Probe Meatpacking Companies ad Collusion. Praeses Donald Trump inquisitionem Iustitiae Department quaesivit in societates meatpacking credit eiicere pretia bubula per rationes illegales. "" Rogavi DOJ ut statim quaestionem de Carne sarcinarum societatibus incipiam qui sunt ...",2025-10-22 14:44:35+00:00
33841e418353c9c8cfb874748772c92c,2025-11-08T13:58:54Z,'water management',www.theverge.com,en,0.1,"The Matic robot vacuum is smarter, quieter, and gets the job done","Robot vacuums are amazing machines, but they can also be a pain in the arse. In my home, testing a new robot vacuum often means digging it out from under my living room couch or unhooking it from the legs of my lounger. Then there's being woken at 3AM by a ch…",https://www.theverge.com/tech/816645/matic-robot-vacuum-review,https://platform.theverge.com/wp-content/uploads/sites/2/2025/10/258028_Matic_Robot_Vacuum_JTuohy_0009.jpg?quality=90&strip=all&crop=0%2C10.732984293194%2C100%2C78.534031413613&w=1200,http://web.archive.org/web/20251108142323/https://www.theverge.com/tech/816645/matic-robot-vacuum-review,"<ul><li></li><li></li><li></li></ul>
This WALL-E-like bot fixes the stuff every other robot vacuum gets wrong.
If you buy something from a Verge link, Vox Media may earn a commission. See our ethic… [+15859 chars]",,"Der Matic-Roboterstaubsauger ist intelligenter, leiser und erledigt die Arbeit. Roboterstaubsauger sind tolle Maschinen, können aber auch nervig sein. Bei mir zu Hause bedeutet das Testen eines neuen Saugroboters oft, dass ich ihn unter der Couch im Wohnzimmer hervorkrame oder ihn von den Beinen meiner Liege abhänge. Dann wird er um 3 Uhr morgens von einem Kind geweckt …","The Matic robot vacuum is smarter, quieter, and gets the job done. Robot vacuums are amazing machines, but they can also be a pain in the arse. In my home, testing a new robot vacuum often means digging it out from under my living room couch or unhooking it from the legs of my lounger. Then there's being woken at 3AM by a ch…","Vacuum robot Matic est smarter, quietius, et officium factum accipit. Robot vacuum machinis mirabiles sunt, sed etiam dolor in arse esse possunt. In domo mea, novum robot vacuum tentans saepe significat e sub thalamo meo exedra fodiendi vel ab cruribus peregrinationis medendi exsolutionem. Tunc excitatus est ad 3AM a ch...",2025-10-22 14:44:35+00:00
8d223bd88e46e2fa4081586995afcb12,2025-11-08T14:30:45Z,'water management',ritholtz.com,en,0.1,"MiB: Brandon Zick, CIO, Ceres Partners Farmland","This week, I speak with  Brandon Zick, Chief Investment Officer at Ceres Partners. They discuss how his private equity company invests in farmland, and food, agriculture and water. We also discuss his path into finance from growing up on a farm, to studying f…",https://ritholtz.com/2025/11/mib-brandon-zick/,https://ritholtz.com/wp-content/uploads/2025/05/mib_2025.png,,"This week, I speak with  Brandon Zick, Chief Investment Officer at Ceres Partners. They discuss how his private equity company invests in farmland, and food, agriculture and water. We also discuss hi… [+968 chars]",,"MiB: Brandon Zick, CIO, Ceres Partners Farmland. Diese Woche spreche ich mit Brandon Zick, Chief Investment Officer bei Ceres Partners. Sie diskutieren darüber, wie seine Private-Equity-Gesellschaft in Ackerland, Lebensmittel, Landwirtschaft und Wasser investiert. Wir besprechen auch seinen Weg in die Finanzwelt, vom Aufwachsen auf einem Bauernhof bis zum Studium der Finanzbranche.","MiB: Brandon Zick, CIO, Ceres Partners Farmland. This week, I speak with  Brandon Zick, Chief Investment Officer at Ceres Partners. They discuss how his private equity company invests in farmland, and food, agriculture and water. We also discuss his path into finance from growing up on a farm, to studying f…","MiB: Brandon Zick, CIO, Ceres Socii Farmland. Hac septimana loquor cum Brandon Zick, dux Investiturae Cereris Socii. Disputant de privata aequitate societas in arvum, cibum, agriculturam, aquam collocare. Discutimus etiam de via sua in rebus oeconomicis a crescendo in praedio, ad studium f…",2025-10-22 14:44:35+00:00
639d4ec385d094d7d9bde9dc25347d27,2025-11-08T15:20:01Z,'water management',phys.org,en,0.1,We studied 217 tropical cyclones globally to see how people died. Our findings might surprise you,"Tropical cyclones—also known as hurricanes, typhoons or storms, depending on their location and intensity—are among the world's most destructive and costly climate disasters.",https://phys.org/news/2025-11-tropical-cyclones-globally-people-died.html,https://scx2.b-cdn.net/gfx/news/hires/2022/tropical-cyclones.jpg,,"Tropical cyclonesalso known as hurricanes, typhoons or storms, depending on their location and intensityare among the world's most destructive and costly climate disasters.
Their direct physical imp… [+5919 chars]",,"Wir haben weltweit 217 tropische Wirbelstürme untersucht, um herauszufinden, wie Menschen starben. Unsere Ergebnisse könnten Sie überraschen. Tropische Wirbelstürme – je nach Standort und Intensität auch Hurrikane, Taifune oder Stürme genannt – gehören zu den zerstörerischsten und kostspieligsten Klimakatastrophen der Welt.","We studied 217 tropical cyclones globally to see how people died. Our findings might surprise you. Tropical cyclones—also known as hurricanes, typhoons or storms, depending on their location and intensity—are among the world's most destructive and costly climate disasters.","Studimus 217 cyclones tropicae globaliter videre quomodo homines mortui sunt. Inventiones nostras ut mireris. Cyclones tropicae - quoque notae ut procellae, typhonae vel procellae, secundum situm et vehementiam earum, inter perniciosissimas et pretiosas mundi clades sunt.",2025-10-22 14:44:35+00:00
af8e151cea66382b67d88d4f98019fa6,2025-11-08T16:00:35Z,'water management',www.geeky-gadgets.com,en,0.1,RedMagic 11 Pro Teardown: Why This Cooling System Is the Best in Mobile Gaming,"The Redmagic 11 Pro establishes itself as a standout in the gaming smartphone market, offering a combination of advanced cooling systems, innovative hardware, and a durable design. This device is crafted for gamers who demand peak performance, immersive visua…",https://www.geeky-gadgets.com/redmagic-11-pro-teardown/,https://www.geeky-gadgets.com/wp-content/uploads/2025/11/redmagic-11-pro-durability-test-gaming-phone_optimized.jpg,,"The Redmagic 11 Pro establishes itself as a standout in the gaming smartphone market, offering a combination of advanced cooling systems, innovative hardware, and a durable design. This device is cra… [+6311 chars]",,"RedMagic 11 Pro Teardown: Warum dieses Kühlsystem das beste im mobilen Gaming ist. Das Redmagic 11 Pro etabliert sich als herausragendes Produkt auf dem Gaming-Smartphone-Markt und bietet eine Kombination aus fortschrittlichen Kühlsystemen, innovativer Hardware und einem langlebigen Design. Dieses Gerät wurde für Gamer entwickelt, die Spitzenleistung und eine beeindruckende visuelle Darstellung verlangen.","RedMagic 11 Pro Teardown: Why This Cooling System Is the Best in Mobile Gaming. The Redmagic 11 Pro establishes itself as a standout in the gaming smartphone market, offering a combination of advanced cooling systems, innovative hardware, and a durable design. This device is crafted for gamers who demand peak performance, immersive visua…","RedMagic 11 Pro Teardown: Cur haec refrigeratio Ratio est optimus in Mobile Pellentesque. Redmagic 11 Pro stabilis se constituit in foro ludi Maurisphone, offerens compositionem systematum refrigerationis progressae, odio porttitor, et consilium durabile. Haec machina fabricata est gamers qui apicem perficientur postulant, immersive visa…",2025-10-22 14:44:35+00:00
91c46d739979f9271631939bf43943d2,2025-11-08T16:13:18Z,'water management',economictimes.indiatimes.com,en,0.1,"Delhi Pollution Control Committee reviews air quality, action steps, and appeals for public support",The briefing also addressed the measures being implemented by various Delhi government agencies to mitigate pollution as the winter season approaches.,https://economictimes.indiatimes.com/news/india/delhi-pollution-control-committee-reviews-air-quality-action-steps-and-appeals-for-public-support/articleshow/125187875.cms,"https://img.etimg.com/thumb/msid-125187900,width-1200,height-630,imgsize-21484,overlay-economictimes/articleshow.jpg",,"The Delhi Pollution Control Committee (DPCC) conducted a press briefing, presided over by Chairman Sandeep Kumar and Member Secretary Sandeep Mishra, to provide a comprehensive update on the current … [+3755 chars]",,"Das Delhi Pollution Control Committee prüft die Luftqualität, Maßnahmen und ruft zur öffentlichen Unterstützung auf. Das Briefing befasste sich auch mit den Maßnahmen, die von verschiedenen Regierungsbehörden in Delhi umgesetzt werden, um die Umweltverschmutzung zu verringern, wenn die Wintersaison näher rückt.","Delhi Pollution Control Committee reviews air quality, action steps, and appeals for public support. The briefing also addressed the measures being implemented by various Delhi government agencies to mitigate pollution as the winter season approaches.","Delhi Pollution Control Committee recenset qualitatem aeris, gradus agendi et appellationes ad subsidium publicum. Brevis etiam locutus est consilia variis institutis imperii Delhi effectis ad pollutiones nocturnas sicut tempus hiemis appropinquat mitigare.",2025-10-22 14:44:35+00:00
6883f48fb8cf0411cdd01acf65bfd61f,2025-11-08T18:01:03Z,'water management',www.mutualfundobserver.com,en,0.1,"November 1, 2025","Welcome, dear friends. Welcome to […]",https://www.mutualfundobserver.com/2025/11/november-1-2025/,https://www.mutualfundobserver.com/wp-content/uploads/2025/11/PXL_20251028_225019568-e1762624847228.jpg,,"By David Snowball Welcome, dear friends.
Welcome to autumn. The apples are in, the trees are changing, flurries threaten four of my students have never seen snow except at the movies – and, at long … [+34205 chars]",,"1. November 2025. Willkommen, liebe Freunde. Willkommen bei […]","November 1, 2025. Welcome, dear friends. Welcome to […]","1 Novembris 2025. Salvete, amici carissimi. Welcome to […]",2025-10-22 14:44:35+00:00
fc1d79fc60b5a463589b74ffc1f81336,2025-11-08T18:17:00Z,'water management',www.bgr.com,en,0.1,What Is The Great Atlantic Sargassum Belt?,"Rotting seaweed has been ruining Caribbean beaches, and the Great Atlantic Sargassum Belt is to blame. But the problem is bigger than some smelly coastlines.",https://www.bgr.com/2014709/what-is-the-great-atlantic-sargassum-explained/,https://www.bgr.com/img/gallery/what-is-the-great-atlantic-sargassum-belt/l-intro-1761855509.jpg,,"The impact of the Sargassum Belt on coastal communities has been both immediate and severe. As enormous mats of algae drift ashore, they begin to decompose, releasing gases such as hydrogen sulfide a… [+1968 chars]",,"Was ist der Große Atlantische Sargassum-Gürtel? Verrottende Algen haben die Strände der Karibik ruiniert, und der Große Atlantische Sargassum-Gürtel ist schuld daran. Aber das Problem ist größer als einige stinkende Küsten.","What Is The Great Atlantic Sargassum Belt?. Rotting seaweed has been ruining Caribbean beaches, and the Great Atlantic Sargassum Belt is to blame. But the problem is bigger than some smelly coastlines.","What Is The Great Atlantic Sargassum Belt?. Alga putrida litora Caribbeana evertit, et Sargassum Atlanticum Magnum Cingulum reprehendit. Sed quaestio grandior est quam quaedam litora foetida.",2025-10-22 14:44:35+00:00
3a0c394e1c7fd8acb96fb84f7204b7f6,2025-11-08T18:19:26Z,'water management',statetimes.in,en,0.1,Rural Technology Development and Dissemination,Dr. Banarsi LalAgricultural growth is considered as the key pathway to resolve poverty and food insecurity especially in the developing nations. Agricultural productivity depends on the technology uptake and utilization. Over the years many organisations have…,https://statetimes.in/rural-technology-development-and-dissemination/,https://statetimes.in/wp-content/uploads/2023/03/319526318_5727891263973556_9016205861254904172_n-1024x1024.jpg,,Dr. Banarsi LalAgricultural growth is considered as the key pathway to resolve poverty and food insecurity especially in the developing nations. Agricultural productivity depends on the technology up… [+8161 chars],,"Entwicklung und Verbreitung ländlicher Technologie. Dr. Banarsi LalLandwirtschaftliches Wachstum gilt als Schlüssel zur Lösung von Armut und Ernährungsunsicherheit, insbesondere in den Entwicklungsländern. Die landwirtschaftliche Produktivität hängt von der Einführung und Nutzung der Technologie ab. Im Laufe der Jahre haben viele Organisationen…",Rural Technology Development and Dissemination. Dr. Banarsi LalAgricultural growth is considered as the key pathway to resolve poverty and food insecurity especially in the developing nations. Agricultural productivity depends on the technology uptake and utilization. Over the years many organisations have…,Ruris Technologiae progressio et disseminatio. Dr. Banarsi incrementum LalAgriculturalis veluti cardo viae censetur ad solvendas inopiam et alimenta incerta praesertim in nationibus enucleandis. Fructificatio agriculturae a technicis upupendis et utendo dependet. Ut enim ad minim institutiones have…,2025-10-22 14:44:35+00:00
2234549584842d4a26b8c34a93b0b546,2025-11-08T18:41:11Z,'water management',www.pcgamer.com,en,0.1,"'The human body is equivalent in mass to 50,000 crickets': In city builder Generation Exile, humanity's last hope for sustenance is cricket mush","What will the last humans subsist on as they escape a dying earth? Bug soup, if Generation Exile is any indication",https://www.pcgamer.com/games/city-builder/the-human-body-is-equivalent-in-mass-to-50-000-crickets-in-city-builder-generation-exile-humanitys-last-hope-for-sustenance-is-cricket-mush/,https://cdn.mos.cms.futurecdn.net/z62k5t9K7txVX9P5xxyqTX-1920-80.jpg,,"Generation Exile, a city builder which just released on Steam in early access, has a killer plot: Earth is dead or dying, ruined first by ecological collapse and finished off by the gruesome genetica… [+5284 chars]",,"„Der menschliche Körper hat die gleiche Masse wie 50.000 Grillen“: Im City Builder Generation Exile ist Grillenbrei die letzte Hoffnung der Menschheit auf Nahrung. Wovon werden die letzten Menschen leben, wenn sie einer sterbenden Erde entkommen? Käfersuppe, wenn Generation Exile ein Hinweis ist","'The human body is equivalent in mass to 50,000 crickets': In city builder Generation Exile, humanity's last hope for sustenance is cricket mush. What will the last humans subsist on as they escape a dying earth? Bug soup, if Generation Exile is any indication","""Corpus humanum in massa ad 50.000 cicadae aequiparatur"": In aedificatore urbis Exilio Generationis, ultima humanitatis spes alimentorum est cicadae mush. Quid tandem subsistent homines, dum terram morientem effugiunt? Bug pulmentum, si exilium generatio indicium est",2025-10-22 14:44:35+00:00
bf4f022de9ab7c44d423a82f786ef9b8,2025-11-08T19:13:36Z,'water management',www.abc.net.au,en,0.1,The 'grotesque policy cock-up' stopping downsizers freeing up their homes,"In regional Australia, where baby boomers are being told to downsize to free up homes, country communities are having to become developers to build appropriate-sized housing.",https://www.abc.net.au/news/2025-11-09/older-country-australians-dont-have-anywhere-to-downsize-to/105959030,https://live-production.wcms.abc-cdn.net.au/985099c2a804ed5176559bf05edd8c9d?impolicy=wcms_watermark_news&cropH=795&cropW=1414&xPos=219&yPos=542&width=862&height=485&imformat=generic,http://web.archive.org/web/20251108235805/https://www.abc.net.au/news/2025-11-09/older-country-australians-dont-have-anywhere-to-downsize-to/105959030,"Since 1985, Margaret Reid has lived a kilometre or so from Winchelsea's main street, down past the paninis and coffees of the corner café, in a handsome country cottage.
It's now time to move, but n… [+12223 chars]",,"Der „groteske politische Mist“, der Verkleinerer daran hindert, ihre Häuser freizugeben. Im regionalen Australien, wo die Babyboomer-Generation dazu aufgefordert wird, ihre Häuser zu verkleinern, um Wohnungen freizumachen, müssen die Gemeinden auf dem Land zu Projektentwicklern werden, um Wohnungen in angemessener Größe zu bauen.","The 'grotesque policy cock-up' stopping downsizers freeing up their homes. In regional Australia, where baby boomers are being told to downsize to free up homes, country communities are having to become developers to build appropriate-sized housing.","'Deridiculo consilium galli' claudens downsizatores domos suas liberans. In Australia regionali, ubi infantes boomers nuntiantur downsize domos liberare, communitates rusticae habent tincidunt fieri ut habitationem congruam constituant.",2025-10-22 14:44:35+00:00
f1b24aef0fda4b5a3fee6c79e87e93f2,2025-11-08T19:14:20Z,'water management',typeforyou.org,en,0.1,Bill Consolidation Loan vs. Debt Consolidation Loan,"If you’ve been struggling to keep up with multiple bills or debts, you’ve probably come across two similar-sounding terms: bill consolidation loan and debt consolidation...",https://typeforyou.org/bill-consolidation-loan/,https://typeforyou.org/wp-content/uploads/2025/11/bill-consolidation-loan-.jpg,,"If youve been struggling to keep up with multiple bills or debts, youve probably come across two similar-sounding terms: bill consolidation loan and debt consolidation loan.
At first glance, they so… [+11945 chars]",,"Bill-Konsolidierungsdarlehen vs. Schuldenkonsolidierungsdarlehen. Wenn Sie Schwierigkeiten haben, mit mehreren Rechnungen oder Schulden Schritt zu halten, sind Sie wahrscheinlich auf zwei ähnlich klingende Begriffe gestoßen: Rechnungskonsolidierungsdarlehen und Schuldenkonsolidierung ...","Bill Consolidation Loan vs. Debt Consolidation Loan. If you’ve been struggling to keep up with multiple bills or debts, you’ve probably come across two similar-sounding terms: bill consolidation loan and debt consolidation...","Bill Consolidation Loan vs. Si laborare studuisti pluribus rogationibus vel debitis conservare, probabiliter occurres duo verba similia sonantia: rogationis consolidationis mutui et debiti consolidationis...",2025-10-22 14:44:35+00:00
58ad36a17c9faf26fcada12d466653be,2025-11-08T19:24:08Z,'water management',freerepublic.com,en,0.1,"Climate summit hears from countries suffering from harms, destruction linked to global warming","BELEM, Brazil (AP) — Officials from countries most vulnerable to global warming offered searing dispatches of life on the front line of a warming planet Friday, as world leaders gathered on the edge of the Amazon rainforest for the annual United Nations clima…",https://freerepublic.com/focus/f-news/4351480/posts,,,"Skip to comments.
Climate summit hears from countries suffering from harms, destruction linked to global warmingThe Associated Press ^
 | November 8, 2025
 | BY ISABEL DEBRE AND MAURICIO SAVARESE
… [+3086 chars]",,"Der Klimagipfel hört von Ländern, die unter Schäden und Zerstörungen im Zusammenhang mit der globalen Erwärmung leiden. BELEM, Brasilien (AP) – Beamte aus Ländern, die am anfälligsten für die globale Erwärmung sind, boten am Freitag scharfe Botschaften über das Leben an der Front eines sich erwärmenden Planeten an, als sich die Staats- und Regierungschefs der Welt am Rande des Amazonas-Regenwaldes zur jährlichen Klimakonferenz der Vereinten Nationen versammelten …","Climate summit hears from countries suffering from harms, destruction linked to global warming. BELEM, Brazil (AP) — Officials from countries most vulnerable to global warming offered searing dispatches of life on the front line of a warming planet Friday, as world leaders gathered on the edge of the Amazon rainforest for the annual United Nations clima…","Culmen climatis audit e regionibus nocumentis laborantibus, interitum calefactioni globali coniunctum. BELEM, Brasilia (AP) — Officiales e regionibus vulnerabiles ad calefactionem globalem praebentur litterae vitae acriores in fronte planetae Veneris die calefacti, ut mundi duces in ore rainforest Amazonis collecti pro annuis Nationum Unitarum clima…",2025-10-22 14:44:35+00:00
748a18a9200c47af33424e49a3e16e99,2025-11-08T23:00:42Z,'water management',www.koreatimes.co.kr,en,0.1,Have you tried this Korean superfood? Acorn jelly’s surprising health benefits - The Korea Times,Click here for more articles by Kormedi.com. Actress Lee Jung-eun has revealed that muk — a traditional Korean jelly made from acorns or beans — is...,https://www.koreatimes.co.kr/lifestyle/travel-food/20251108/have-you-tried-this-korean-superfood-acorn-jellys-surprising-health-benefits,https://newsimg.koreatimes.co.kr/2025/11/08/2873cdab-0d95-4488-9347-2ca9dd656f68.jpeg,,"Click here for more articles by Kormedi.com.
Actress Lee Jung-eun has revealed that muk a traditional Korean jelly made from acorns or beans is one of her go-to foods for dieting.
During a recent v… [+2576 chars]",,"Haben Sie dieses koreanische Superfood probiert? Die überraschenden gesundheitlichen Vorteile von Eichelgelee – The Korea Times. Klicken Sie hier für weitere Artikel von Kormedi.com. Schauspielerin Lee Jung-eun hat enthüllt, dass Muk – ein traditionelles koreanisches Gelee aus Eicheln oder Bohnen – …",Have you tried this Korean superfood? Acorn jelly’s surprising health benefits - The Korea Times. Click here for more articles by Kormedi.com. Actress Lee Jung-eun has revealed that muk — a traditional Korean jelly made from acorns or beans — is...,Conatus es hoc Coreanica super cibum? Glandiferae gelata beneficia miranda sanitatis - The Corea Times. Hic strepita pro pluribus articulis ab Kormedi.com. Muk Lee Jung-eun mima ostendit - traditum Coreanum gelatum ex glandibus vel fabis factum - esse...,2025-10-22 14:44:35+00:00
87a961a8e17eaea6bd2d1e9e5a5b1d96,2025-11-09T02:04:22Z,'water management',www.bbc.com,en,0.1,Ever feel the need to switch off? Your vagus nerve might hold the key,"You might not have heard of it, but can training your vagus nerve give you a moment or two of peace?",https://www.bbc.com/news/articles/cy0k9yz5wexo,https://ichef.bbci.co.uk/news/1024/branded_news/6a64/live/2f8d6470-bc01-11f0-8669-5560f5c90fbe.jpg,,"Ruth CleggHealth and wellbeing reporter
It's the body's superhighway that carries information from your brain to your major organs. You might not have a clue it exists - let alone that you might nee… [+7902 chars]",,"Haben Sie jemals das Bedürfnis verspürt, abzuschalten? Ihr Vagusnerv könnte der Schlüssel sein. Sie haben vielleicht noch nie davon gehört, aber kann Ihnen das Training Ihres Vagusnervs ein oder zwei Momente der Ruhe verschaffen?","Ever feel the need to switch off? Your vagus nerve might hold the key. You might not have heard of it, but can training your vagus nerve give you a moment or two of peace?","Umquam necessitatem avertas? Tuus nervus vagus clavem teneret. Non audisti, sed exerces nervum tuum momentum tibi vel alterum pacis?",2025-10-22 14:44:35+00:00
d8269b05b9e6e70cb283735e6505a106,2025-11-09T05:15:26Z,'drought Iran',www.juancole.com,en,0.1,Will Climate Change force Tehran to Evacuate?,"Ann Arbor (Informed Comment) - Iranian President Massoud Pezeshkian landed himself in hot water on November 6 by broaching the possibility of having to evacuate Iran's capital, Tehran, if the current water shortage is not alleviated. He said, 'If it does not …",https://www.juancole.com/2025/11/climate-change-evacuate.html,https://media.juancole.com/images/2025/11/irantemps.png,,"Ann Arbor (Informed Comment) – Iranian President Massoud Pezeshkian landed himself in hot water on November 6 by broaching the possibility of having to evacuate Iran’s capital, Tehran, if the current… [+5973 chars]",,"Wird der Klimawandel Teheran zur Evakuierung zwingen? Ann Arbor (Informierter Kommentar) – Der iranische Präsident Massoud Pezeshkian geriet am 6. November in Schwierigkeiten, als er die Möglichkeit ansprach, die iranische Hauptstadt Teheran evakuieren zu müssen, wenn die aktuelle Wasserknappheit nicht gelindert würde. Er sagte: „Wenn nicht …“","Will Climate Change force Tehran to Evacuate?. Ann Arbor (Informed Comment) - Iranian President Massoud Pezeshkian landed himself in hot water on November 6 by broaching the possibility of having to evacuate Iran's capital, Tehran, if the current water shortage is not alleviated. He said, 'If it does not …","Visne Clima Mutationem Tehran ad evacuandam ?. Ann Arbor (Commentarius Informatus) - Praeses Iranianus Massoud Pezeshkian in aquam calidam die 6 Novembris se exposuit per incusationem facultatem habendi capitis Iran decedere, Tehran, si aqua currenti penuria non alleviatur. Dixit, Si non ...",2025-10-22 14:44:35+00:00
8fe6798a6b5d7aee6410f365f0e9e831,2025-11-09T13:00:13Z,'drought reservoir',www.denverpost.com,en,0.1,"Amid ‘a transparency desert,’ states look likely to blow past Colorado River deadline. What’s next?","""It's easy to weigh in from the sidelines,"" a legal observer says. ""But I think what's not being talked about is the real lives that are going to be implicated — you’re affecting millions of lives.""",https://www.denverpost.com/2025/11/09/colorado-river-negotiations-states-deadline-failure/,https://www.denverpost.com/wp-content/uploads/2025/10/TDP-L-Colorado-RIver-RJS-3897.jpg?w=1024&h=747,,"Negotiators tasked with hammering out the future of the shrinking Colorado River and the 40 million people who rely on it are once again careening toward a deadline imposed by federal authorities, wi… [+10109 chars]",,"Inmitten einer „Transparenzwüste“ ist es wahrscheinlich, dass die Bundesstaaten die Frist für den Colorado River überschreiten werden. Was kommt als nächstes? „Es ist leicht, von der Seitenlinie aus einzugreifen“, sagt ein Rechtsbeobachter. „Aber ich denke, worüber nicht gesprochen wird, sind die wirklichen Leben, die betroffen sein werden – Sie beeinflussen Millionen von Leben.“","Amid ‘a transparency desert,’ states look likely to blow past Colorado River deadline. What’s next?. ""It's easy to weigh in from the sidelines,"" a legal observer says. ""But I think what's not being talked about is the real lives that are going to be implicated — you’re affecting millions of lives.""","Amid 'desertum perspicuum,' civitates Colorado Flumen mortiferum praeteritum spirare verisimile videntur. Quid postea?. ""Facile est ab lateribus pensare"" legalis observator dicit. ""Sed puto quid non loquitur, verae vitae sunt, quae implicandae sunt - decies vitarum afficis.""",2025-10-22 14:44:35+00:00
fbf10ffa626e109012ea96181d55bdf4,2025-11-09T14:25:11Z,'water management',www.chron.com,en,0.1,'Ghost wolves' tighten their grip on Galveston,The unique coyotes are everywhere these days.,https://www.chron.com/gulf-coast/article/galveston-texas-ghost-wolves-coyotes-21137952.php,https://s.yimg.com/ny/api/res/1.2/jvrjuFm3szbhSn9eJhBGEw--/YXBwaWQ9aGlnaGxhbmRlcjt3PTEyMDA7aD02MzM7Y2Y9d2VicA--/https://media.zenfs.com/en/chron_hearst_841/2437e517014aa28b8236029bcc4fa3dd,,"Not long ago, Galveston Island Brewing threw a launch party for Ghost Coast, its red lager named in honor of the so-called 'ghost wolves' that have become synonymous with the island. Among the guests… [+8208 chars]",,„Geisterwölfe“ festigen ihren Einfluss auf Galveston. Die einzigartigen Kojoten sind heutzutage überall.,'Ghost wolves' tighten their grip on Galveston. The unique coyotes are everywhere these days.,'Sancti Lupi' in Galveston constringunt. Singulae coyotes ubique his diebus sunt.,2025-10-22 14:44:35+00:00
5393cf702fdb1f9a100ef1f0c6bad693,2025-11-09T21:57:00Z,'water management',www.orlandosentinel.com,en,0.1,"Weather, cruise ship, pad issues delay Blue Origin’s New Glenn launch attempt","Blue Origin was set to launch its New Glenn rocket with a pair of Mars-bound satellites from the Space Coast on Sunday afternoon, but a series of issues...",https://www.orlandosentinel.com/2025/11/09/blue-origin-set-for-2nd-new-glenn-launch-today-on-space-coast/,https://s.yimg.com/ny/api/res/1.2/BdGGmmgeMgIK7SMdu8jpXA--/YXBwaWQ9aGlnaGxhbmRlcjt3PTEyMDA7aD03ODY7Y2Y9d2VicA--/https://media.zenfs.com/en/orlando_sentinel_national_858/c283c2cad4e248431b39e8fb923a43ea,,"Blue Origin was set to launch its New Glenn rocket with a pair of Mars-bound satellites from the Space Coast on Sunday afternoon, but a series of issues stymied the attempt.
The heavy-lift rocket wa… [+6174 chars]",,"Wetter-, Kreuzfahrtschiff- und Pad-Probleme verzögern den Startversuch von Blue Origins New Glenn. Blue Origin sollte am Sonntagnachmittag seine New Glenn-Rakete mit zwei Mars-Satelliten von der Weltraumküste aus starten, doch es gab eine Reihe von Problemen ...","Weather, cruise ship, pad issues delay Blue Origin’s New Glenn launch attempt. Blue Origin was set to launch its New Glenn rocket with a pair of Mars-bound satellites from the Space Coast on Sunday afternoon, but a series of issues...","Tempestas, nave navis, codex quaestiones mora Blue Origin's New Glenn deducunt conatus. Blue Origin positum est ut suum Novum Glenn erucum immitteret cum duobus satellitibus Salis ligatis e Coast Spatii die Dominico post meridiem, sed seriem constitutionum...",2025-10-22 14:44:35+00:00
53fe12d3ce9b2e34577f40821a7db5d7,2025-11-10T00:27:22Z,'drought Iran',www.foxnews.com,en,0.1,"Iran's 'water bankruptcy' will weaken regime and nuclear program, UN expert warns",Kaveh Madani of the United Nations University warns Iran's severe water crisis threatens regime stability and could impact the country's nuclear ambitions.,https://www.foxnews.com/world/irans-water-bankruptcy-weaken-regime-any-nuclear-program-says-expert,https://static.foxnews.com/foxnews.com/content/uploads/2025/11/iran-drought-weaken.jpg,,"Iran is facing its worst drought in decades, raising fears of evacuations in Tehran while threatening the regimes stability and nuclear ambitions, according to a leading environmental expert.
Kaveh … [+4019 chars]",,"Der „Wasserbankrott“ des Iran wird das Regime und das Atomprogramm schwächen, warnt ein UN-Experte. Kaveh Madani von der Universität der Vereinten Nationen warnt davor, dass die schwere Wasserkrise im Iran die Stabilität des Regimes gefährdet und die nuklearen Ambitionen des Landes beeinträchtigen könnte.","Iran's 'water bankruptcy' will weaken regime and nuclear program, UN expert warns. Kaveh Madani of the United Nations University warns Iran's severe water crisis threatens regime stability and could impact the country's nuclear ambitions.","Iran 'aquarum conturbauit' regimen et programmata nuclei debilitabit, IR perito monet. Kaveh Madani Universitatis Nationum Unitarum monet Iran grave discrimen aquae regiminis stabilitati imminere et ambitiones nucleares patriae infringere posse.",2025-10-22 14:44:35+00:00
cdec218487a9d87c7d3fbfbf348c4db2,2025-11-10T01:23:58Z,'water management',www.construction-physics.com,en,0.1,How the UK Lost Its Shipbuilding Industry,"From roughly the end of the US Civil War until the late 1950s, the United Kingdom was one of the biggest shipbuilders in the world.",https://www.construction-physics.com/p/how-the-uk-lost-its-shipbuilding,"https://substackcdn.com/image/fetch/$s_!zLdj!,w_1200,h_600,c_fill,f_jpg,q_auto:good,fl_progressive:steep,g_auto/https%3A%2F%2Fsubstack-post-media.s3.amazonaws.com%2Fpublic%2Fimages%2F36ed3c6c-d4dc-4a3c-bba3-17d2a6b23c07_1920x1444.png",http://web.archive.org/web/20251110113042/https://www.construction-physics.com/p/how-the-uk-lost-its-shipbuilding,"From roughly the end of the US Civil War until the late 1950s, the United Kingdom was one of the biggest shipbuilders in the world. By the 1890s, UK shipbuilders were delivering 80% of worldwide ship… [+38129 chars]",,Wie Großbritannien seine Schiffbauindustrie verlor. Ungefähr vom Ende des US-Bürgerkriegs bis in die späten 1950er Jahre war das Vereinigte Königreich einer der größten Schiffbauer der Welt.,"How the UK Lost Its Shipbuilding Industry. From roughly the end of the US Civil War until the late 1950s, the United Kingdom was one of the biggest shipbuilders in the world.","Quomodo UK Perdidit Navis Industry. Ab fere fine Belli Civilis US usque ad annum 1950 proxime elapsum, Regnum Britanniae unus ex maximis nauibus in mundo erat.",2025-10-22 14:44:35+00:00
44f7c8b42d3caffe6d7cf1017ab6183f,2025-11-10T17:00:00Z,'water management',www.nzherald.co.nz,en,0.1,Tauranga residents report higher satisfaction in new council survey,The results reveal a mixed but improving picture of public sentiment.,https://www.nzherald.co.nz/bay-of-plenty-times/news/tauranga-residents-report-higher-satisfaction-in-new-council-survey/H2LK6DTTPZHZLM2TBHYZ3UGI5A/,https://www.nzherald.co.nz/resizer/v2/TWMJBO4EUNEQBP3BHE73X5VT7A.jpg?auth=4911b5415c30c1b9250b9812c24bdae05cc3229320f3947aab45b06a02d7e284&width=1200&height=675&quality=70&smart=true,,"Waste management had the highest score at 84% satisfaction, up from 76%.
The councils reputation had the lowest score at 35%, with a 9-point improvement.
The value-for-money perception rating rose … [+3860 chars]",,"Die Einwohner von Tauranga berichten in einer neuen Gemeindeumfrage über eine höhere Zufriedenheit. Die Ergebnisse zeigen ein gemischtes, aber sich verbesserndes Bild der öffentlichen Stimmung.",Tauranga residents report higher satisfaction in new council survey. The results reveal a mixed but improving picture of public sentiment.,Tauranga incolas referre satisfactionem altiorem in novo concilio percontatio est. Eventus mixtam sed meliorem imaginem sententiae publicae manifestant.,2025-10-22 14:44:35+00:00
80f8d48d72ee87ba839a547b09025e74,2025-11-10T17:00:17Z,'water management',legalinsurrection.com,en,0.1,"Massive Fire Destroys Apartment Building Near Umass Amherst, Displacing Student Residents","""Over one million gallons of water has been used to fight the fire so far.""
The post Massive Fire Destroys Apartment Building Near Umass Amherst, Displacing Student Residents first appeared on Le·gal In·sur·rec·tion.",https://legalinsurrection.com/2025/11/massive-fire-destroys-apartment-building-near-umass-amherst-displacing-student-residents/,https://legalinsurrection.com/wp-content/uploads/2018/12/Campus-News.jpg,,"This was a bad one. The town has declared a state of emergency.Construction site collapses, apartment building destroyed from fire near UMass Amherst campus
A construction site collapsed, and an apa… [+2227 chars]",,"Großbrand zerstört Wohnhaus in der Nähe von Umass Amherst und vertreibt studentische Bewohner. „Bisher wurden über eine Million Gallonen Wasser zur Brandbekämpfung verwendet.“
Der Beitrag „Massiver Brand zerstört Wohnhaus in der Nähe von Umass Amherst und Vertreibung studentischer Bewohner“ erschien zuerst auf Legal In·sur·rection.","Massive Fire Destroys Apartment Building Near Umass Amherst, Displacing Student Residents. ""Over one million gallons of water has been used to fight the fire so far.""
The post Massive Fire Destroys Apartment Building Near Umass Amherst, Displacing Student Residents first appeared on Le·gal In·sur·rec·tion.","Massive Ignis Destruit Apartment Aedificium Juxta Umass Amherst, Displacens Student Residentibus. ""Per unam decies centena millia lagenas aquae ad incendium tantum pugnandum adhibitus est.""
Post Ignis Massivus Aedificium prope Umass Amherst destruit Aedificatio, Discipulus Residens displicuit primum in Le·gal In·sur·rec·tio apparuit.",2025-10-22 14:44:35+00:00
e3f995b3f25a5bc03864225fbf529fb4,2025-11-10T17:15:21Z,'water management',ambcrypto.com,en,0.1,Top 12 NFT Games of November 2025,"When NFTs, or non-fungible tokens, first entered the spotlight, they were just simple digital collectibles. […]",https://ambcrypto.com/top-12-nft-games-of-november-2025/,https://ambcrypto.com/wp-content/uploads/2025/11/hassan-pasha-7SjEuEF06Zw-unsplash-1000x600.jpg,,"When NFTs, or non-fungible tokens, first entered the spotlight, they were just simple digital collectibles. Objects like digital art pieces, avatars, and other virtual assets took the world by storm,… [+13519 chars]",,"Die 12 besten NFT-Spiele im November 2025. Als NFTs oder nicht fungible Token zum ersten Mal ins Rampenlicht traten, waren sie nur einfache digitale Sammlerstücke. […]","Top 12 NFT Games of November 2025. When NFTs, or non-fungible tokens, first entered the spotlight, they were just simple digital collectibles. […]","Top 12 NFT Ludi Novembris 2025. Cum NFTs, signa non-fungilia, primum vestibulum arcu ingressa sunt, mox collecti digitales simplices erant. […]",2025-10-22 14:44:35+00:00
6a3f1dbdadcf555c25ab5a29154ee8ea,2025-11-10T17:30:00Z,'water management',www.globenewswire.com,en,0.1,Oil Storage Market to Worth Over US$ 16.7 Billion by 2033 | Astute Analytica,"Global oil storage market is navigating a complex landscape of heightened geopolitical risk and record production, compelling operators to expand strategic capacity while adopting new technologies to optimize efficiency and adapt to evolving energy trade rout…",https://www.globenewswire.com/news-release/2025/11/10/3184911/0/en/Oil-Storage-Market-to-Worth-Over-US-16-7-Billion-by-2033-Astute-Analytica.html,https://ml.globenewswire.com/Resource/Download/a77988df-ad1a-4619-9a4e-367c858dc70e,,"Chicago, Nov. 10, 2025 (GLOBE NEWSWIRE) -- The global oil storage market was valued at US$ 11.6 billion in 2024 and is expected to reach US$ 16.7 billion by 2033, growing at a CAGR of 4.1% from 2025-… [+16940 chars]",,"Ölspeichermarkt wird bis 2033 einen Wert von über 16,7 Milliarden US-Dollar erreichen | Scharfsinnige Analytica. Der globale Ölspeichermarkt bewegt sich in einem komplexen Umfeld erhöhter geopolitischer Risiken und Rekordproduktionen und zwingt die Betreiber dazu, ihre strategischen Kapazitäten zu erweitern und gleichzeitig neue Technologien einzuführen, um die Effizienz zu optimieren und sich an die sich entwickelnden Energiehandelsrouten anzupassen.","Oil Storage Market to Worth Over US$ 16.7 Billion by 2033 | Astute Analytica. Global oil storage market is navigating a complex landscape of heightened geopolitical risk and record production, compelling operators to expand strategic capacity while adopting new technologies to optimize efficiency and adapt to evolving energy trade rout…","Oil Storage Market to Worth Over US$ 16.7 Billion by 2033 | Astutus Analytica. Mercatum globalis oleum repositionis est navigare complexum landscape periculorum periculorum altioris ac instrumenti productionis, operariorum cogens facultatem opportunam ampliare dum novas technologias ad efficientiam optimize accommodare et ad industriam mercaturae fugae evolvendam accommodare.",2025-10-22 14:44:35+00:00
1e22fd0c98b876063406bf27663dd689,2025-11-10T17:32:10Z,'water management',finance.yahoo.com,en,0.1,How to get paid after a homeowners insurance claim,"If you have to make a homeowners insurance claim, knowing exactly how and when you’ll get paid can set your mind at ease. Here’s what you need to know about ...",https://finance.yahoo.com/personal-finance/insurance/article/how-to-get-paid-after-a-homeowners-insurance-claim-173210059.html,https://s.yimg.com/ny/api/res/1.2/gWjacUHWxSSA2saAu3.bZg--/YXBwaWQ9aGlnaGxhbmRlcjt3PTEyMDA7aD04MDE-/https://s.yimg.com/os/creatr-uploaded-images/2024-09/9b36db90-8492-11ef-a9ff-e0349b4fd7a9,,"When a disaster like a fire or severe storm upends your home the place you feel safest all you want is to get life back to normal. But after filing a claim, home insurance settlements arent always as… [+11194 chars]",,"So erhalten Sie nach einem Schadensfall bei der Hausratversicherung Ihr Geld. Wenn Sie einen Anspruch auf eine Hausratversicherung geltend machen müssen, kann es Sie beruhigt sein, genau zu wissen, wie und wann Sie bezahlt werden. Hier ist, was Sie darüber wissen müssen ...","How to get paid after a homeowners insurance claim. If you have to make a homeowners insurance claim, knowing exactly how and when you’ll get paid can set your mind at ease. Here’s what you need to know about ...","Quomodo mercedem assecurationis homeowners post clamorem. Si assecurationis possessores facere debebis, scientes prorsus quomodo et cum mercedem solvas, animum tuum tranquillum facias. Hic est quod debes scire de ...",2025-10-22 14:44:35+00:00
03cea69b14fec3626db33fe97943894e,2025-11-10T17:32:48Z,'water management',freerepublic.com,en,0.1,Zelenskyy seeks Patriot systems from US to counter Russia’s power grid attacks,"KYIV, Ukraine (AP) — President Volodymyr Zelenskyy said Monday he wants to order 25 Patriot air defense systems from the United States, as Ukraine desperately tries to fend off relentless Russian aerial attacks that have brought rolling blackouts across Ukrai…",https://freerepublic.com/focus/f-news/4351787/posts,,,"Skip to comments.
Zelenskyy seeks Patriot systems from US to counter Russias power grid attacksAssociated Press ^
 | November 10th, 2025
 | By ILLIA NOVIKOV
Posted on 11/10/2025 9:32:48 AM PST by… [+2536 chars]",,"Selenskyj verlangt von den USA Patriot-Systeme, um den Angriffen auf das russische Stromnetz entgegenzuwirken. KIEW, Ukraine (AP) – Präsident Wolodymyr Selenskyj sagte am Montag, er wolle 25 Patriot-Luftverteidigungssysteme bei den Vereinigten Staaten bestellen, während die Ukraine verzweifelt versucht, unerbittliche russische Luftangriffe abzuwehren, die in der Ukraine immer wieder zu Stromausfällen geführt haben …","Zelenskyy seeks Patriot systems from US to counter Russia’s power grid attacks. KYIV, Ukraine (AP) — President Volodymyr Zelenskyy said Monday he wants to order 25 Patriot air defense systems from the United States, as Ukraine desperately tries to fend off relentless Russian aerial attacks that have brought rolling blackouts across Ukrai…","Zelenskyy systema Patriot quaerit ab US contra Russiae potestatem impetus eget. KYIV, Ucraina (AP) — Praeses Volodymyr Zelenskyy dixit Lunae se velle iubere 25 Patriot systemata defensionis aeris ab Civitatibus Foederatis Americae, ut Ucraina perdite conatur improbos impetus aerias Russiae arcere, qui volventes nigras trans Ucraiam intulerunt.",2025-10-22 14:44:35+00:00
038859f36fcb844bfe079507230fbf09,2025-11-10T17:35:00Z,'water management',variety.com,en,0.1,The Top 10 Spots to Shoot in Jordan,"With famously highly qualified crews and ease of bureaucracy, Jordan has long been a key destination for Hollywood productions, with such big-budget pics as “Dune” and “The Martian” using the country’s locations. The kingdom’s newly revamped cash rebate syste…",https://variety.com/2025/film/filming-locations/jordan-location-filming-1236574086/,https://variety.com/wp-content/uploads/2025/11/dune.jpg?w=1000&h=563&crop=1,,"With famously highly qualified crews and ease of bureaucracy, Jordan has long been a key destination for Hollywood productions, with such big-budget pics as “Dune” and “The Martian” using the country… [+7851 chars]",,"Die 10 besten Orte zum Fotografieren in Jordanien. Mit bekanntermaßen hochqualifizierten Crews und einfacher Bürokratie ist Jordanien seit langem ein wichtiges Ziel für Hollywood-Produktionen, wobei Filme mit großem Budget wie „Dune“ und „The Martian“ an den Drehorten des Landes gedreht wurden. Das neu überarbeitete Bargeldrückerstattungssystem des Königreichs …","The Top 10 Spots to Shoot in Jordan. With famously highly qualified crews and ease of bureaucracy, Jordan has long been a key destination for Hollywood productions, with such big-budget pics as “Dune” and “The Martian” using the country’s locations. The kingdom’s newly revamped cash rebate syste…","Top 10 Maculae ad Iordanem mitterent. Iordanis cum navalibus celeberrimis aptissimis et commoditate burocraticae diu destinatum est pro Hollywood productionibus, cum tantis pics magnis-artis ut ""Dune"" et ""Martialis"" locorum locorum utens. Nummi detrahendi ratio nummi regni noviter revamtata est...",2025-10-22 14:44:35+00:00
cca5ab02ab880a61fad5ec67e03fa0a2,2025-11-10T17:49:27Z,'water management',www.kqed.org,en,0.1,AI Boom Leads To Increased Concerns Of Environmental Impacts Of Data Centers,"State lawmakers introduced a handful of AI-related bills, but two related to data centers were not approved.",https://www.kqed.org/news/12063587/ai-boom-leads-to-increased-concerns-of-environmental-impacts-of-data-centers,https://cdn.kqed.org/wp-content/uploads/sites/10/2025/11/GettyImages-2242294580-2000x1392.jpg,,"Here are the morning’s top stories on Monday, November 10, 2025…
<ul><li>California legislators considered dozens of bills related to artificial intelligence this year. Those numbers have spiked as … [+4386 chars]",,"Der KI-Boom führt zu zunehmender Besorgnis über die Umweltauswirkungen von Rechenzentren. Die Gesetzgeber der Bundesstaaten brachten eine Handvoll Gesetzesentwürfe im Zusammenhang mit KI ein, zwei im Zusammenhang mit Rechenzentren wurden jedoch nicht genehmigt.","AI Boom Leads To Increased Concerns Of Environmental Impacts Of Data Centers. State lawmakers introduced a handful of AI-related bills, but two related to data centers were not approved.","AI BUTIO ducit ad Augeri Curas Environmental Impacts De Data Centra. Legumlatores Civitatis non paucas rogationum AI relatarum introduxerunt, sed duo ad centra data non approbata sunt.",2025-10-22 14:44:35+00:00
31874983fe01113c052a7a92abbe2728,2025-11-10T18:00:00Z,'water management',www.globenewswire.com,en,0.1,Linen Viscose Market to Reach US$ 38.84 Billion by 2033 | Astute Analytica,"The linen viscose market is rapidly growing, driven by rising consumer demand for eco-friendly, high-performance textiles. Innovations in fabric technology are broadening its uses, cementing its key position in the global textile industry. The linen viscose m…",https://www.globenewswire.com/news-release/2025/11/10/3184921/0/en/Linen-Viscose-Market-to-Reach-US-38-84-Billion-by-2033-Astute-Analytica.html,https://ml.globenewswire.com/Resource/Download/a77988df-ad1a-4619-9a4e-367c858dc70e,,"Chicago, Nov. 10, 2025 (GLOBE NEWSWIRE) -- The global linen viscose market size was valued at US$ 14.12 billion in 2024 and is expected to reach US$ 38.84 billion by 2033, growing at a CAGR of 11.9% … [+14819 chars]",,"Der Leinen-Viskose-Markt soll bis 2033 38,84 Milliarden US-Dollar erreichen | Scharfsinnige Analytica. Der Leinen-Viskose-Markt wächst schnell, angetrieben durch die steigende Verbrauchernachfrage nach umweltfreundlichen Hochleistungstextilien. Innovationen in der Textiltechnologie erweitern ihre Einsatzmöglichkeiten und festigen ihre Schlüsselposition in der globalen Textilindustrie. Die Leinen-Viskose-Mischung…","Linen Viscose Market to Reach US$ 38.84 Billion by 2033 | Astute Analytica. The linen viscose market is rapidly growing, driven by rising consumer demand for eco-friendly, high-performance textiles. Innovations in fabric technology are broadening its uses, cementing its key position in the global textile industry. The linen viscose m…","Linteum Viscose Market usque ad US$ 38.84 Billion indicem ab 2033 | Astutus Analytica. Mercatum linteum viscosum celeriter crescens, activitates edax surgendi postulatio pro eco-amica, summus operandi textilia. Innovationes in technologia fabricae suos usus dilatant, clavem suam positionem in industria textili globali coagmentantes. Linteum viscosum m…",2025-10-22 14:44:35+00:00
ca82b247ee295a61230a02403313e017,2025-11-10T18:00:00Z,'water management',www.stltoday.com,en,0.1,"Missouri still expects to release SNAP funds this week, despite legal wrangling","SNAP benefits provide food aid to 650,000 Missourians.",https://www.stltoday.com/news/local/government-politics/article_80cdee89-f5fe-4395-9f20-b47ca17ac2ca.html,https://bloximages.newyork1.vip.townnews.com/stltoday.com/content/tncms/assets/v3/editorial/0/ad/0addd84e-c67c-594b-bec8-e8039859a326/6894d5486fadf.image.jpg?crop=1009%2C530%2C0%2C0,,"Creating a healthy grocery list for weight loss can feel a bit overwhelming, especially if you're just getting started on your weight loss journey. But it's simpler than you thinkall healthy shopping… [+18111 chars]",,"Trotz rechtlicher Auseinandersetzungen geht Missouri weiterhin davon aus, SNAP-Mittel diese Woche freizugeben. SNAP-Leistungen stellen Nahrungsmittelhilfe für 650.000 Missourianer bereit.","Missouri still expects to release SNAP funds this week, despite legal wrangling. SNAP benefits provide food aid to 650,000 Missourians.","Missouri adhuc expectat hac septimana pecunias SNAP dimittere, licet iurgium legitimum. SNAP beneficia praebent auxilium cibariorum 650.000 Missurianorum.",2025-10-22 14:44:35+00:00
f5dc65a03f05d72d314f068dc490c534,2025-11-10T18:10:26Z,'water management',www.futurity.org,en,0.1,Could CBD treat pain without side effects?,Researchers found that they could effectively deliver CBD to mice brains for pain relief with no adverse side effects.,https://www.futurity.org/cbd-pain-3304102/,https://www.futurity.org/wp/wp-content/uploads/2025/11/cbd-pain-treatment-relief-1600.jpg,,"New research hints at the potential of pain relief with CBD.
Reaching for CBD-infused lotion or oil may seem like a low-risk way to find pain relief, but little is actually known about the impact th… [+3983 chars]",,"Könnte CBD Schmerzen ohne Nebenwirkungen behandeln? Forscher fanden heraus, dass sie CBD effektiv und ohne nachteilige Nebenwirkungen in das Gehirn von Mäusen einbringen konnten, um Schmerzen zu lindern.",Could CBD treat pain without side effects?. Researchers found that they could effectively deliver CBD to mice brains for pain relief with no adverse side effects.,Potuitne CBD dolere sine parte effectus? Investigatores invenerunt se cerebris muribus CBD efficaciter liberare pro subsidio doloris cum nulla parte adversa effectus.,2025-10-22 14:44:35+00:00
e9afee13f3460e18f448857508d4b636,2025-11-10T18:57:36Z,'water management',fortune.com,en,0.1,Warren Buffett is ‘going quiet’ after he steps down as Berkshire Hathaway CEO this year. Read his farewell letter to shareholders,Greg Abel will take Warren Buffett's post at year's end.,https://fortune.com/2025/11/10/read-full-warren-buffett-retirement-letter-berkshire-hathaway-shareholders/,"https://fortune.com/img-assets/wp-content/uploads/2025/11/GettyImages-849890606.jpg?resize=1200,600",,"Legendary investor and Berkshire Hathaway CEO Warren Buffett will retire at years end after an epic 60 years in leadership. In a letter published Monday, Buffett said hell be going quiet, and will no… [+20449 chars]",,Nach seinem Rücktritt als CEO von Berkshire Hathaway in diesem Jahr wird es still um Warren Buffett. Lesen Sie seinen Abschiedsbrief an die Aktionäre. Greg Abel wird zum Jahresende den Posten von Warren Buffett übernehmen.,Warren Buffett is ‘going quiet’ after he steps down as Berkshire Hathaway CEO this year. Read his farewell letter to shareholders. Greg Abel will take Warren Buffett's post at year's end.,Warren Buffett 'quietum eat' postquam descendit in Berk Hathaway CEO hoc anno. Lege vale epistolam ad socios. Greg Abel tollet stationem Warren Buffett expleto anno.,2025-10-22 14:44:35+00:00
ae08ca8d5191f681048d200ade0ccd7a,2025-11-10T18:58:18Z,'water management',www.dailydot.com,en,0.1,“Are we sleeping on those?”: Guest horrified after catching hotel worker using hot tub to clean bed sheets,"A hotel worker in Fargo, North Dakota, was filmed using a bubbling hot tub to “treat” stained bed sheets. The viral clip, recorded at Expressway Suites, shows an employee tossing piles of linens into the spa water. 


When confronted, staff claimed it’s an oc…",https://www.dailydot.com/news/hotel-washing-sheets-in-hot-tub-fargo-expressway-suites/,https://uploads.dailydot.com/2025/11/hotel-washing-sheets-in-hot-tub-.jpg?auto=compress&fm=pjpg&w=2000&h=1000,,"A hotel worker in Fargo, North Dakota, was filmed using a bubbling hot tub to treat stained bed sheets. The viral clip, recorded at Expressway Suites, shows an employee tossing piles of linens into t… [+2909 chars]",,"„Schlafen wir darauf?“: Gast ist entsetzt, nachdem er einen Hotelangestellten dabei erwischt hat, wie er den Whirlpool benutzt, um die Bettwäsche zu reinigen. Ein Hotelangestellter in Fargo, North Dakota, wurde dabei gefilmt, wie er einen sprudelnden Whirlpool benutzte, um verschmutzte Bettwäsche zu „behandeln“. Der virale Clip, der im Expressway Suites aufgenommen wurde, zeigt einen Mitarbeiter, der Stapel von Bettwäsche ins Spa-Wasser wirft. 


Als sie darauf angesprochen wurden, behaupteten die Mitarbeiter, es sei ein Problem …","“Are we sleeping on those?”: Guest horrified after catching hotel worker using hot tub to clean bed sheets. A hotel worker in Fargo, North Dakota, was filmed using a bubbling hot tub to “treat” stained bed sheets. The viral clip, recorded at Expressway Suites, shows an employee tossing piles of linens into the spa water. 


When confronted, staff claimed it’s an oc…","“Num in his dormimus?”: Hospes horret captans deversorium operarium calidum dolium utendo ad schedas mundandas. Deversorium operarium in Fargo, Dakota Septentrionalis, bulliente dolio calido ad ""tractandum"" schedae maculatae usus est. Tondeum virale, apud Expressway Suites scriptum, molestie stragem linteaminum in aqua spa monstrat. 


Cum constitisset, virgam affirmavit eam oc…",2025-10-22 14:44:35+00:00
a97e59d04e4258ef12a37c9c596eb6e8,2025-11-10T19:10:20Z,'water management',statetimes.in,en,0.1,Sham Lal reviews progress of development works on key ponds in Jammu North,"STATE TIMES NEWS JAMMU: MLA Jammu North, Sham Lal Sharma, on Monday conducted an extensive inspection of the ongoing rejuvenation works of three major water ponds under the jurisdiction of the Jammu Development Authority (JDA), whose tenders have recently bee…",https://statetimes.in/sham-lal-reviews-progress-of-development-works-on-key-ponds-in-jammu-north/,https://statetimes.in/wp-content/uploads/2025/11/Sham-.jpg,,"STATE TIMES NEWS
JAMMU: MLA Jammu North, Sham Lal Sharma, on Monday conducted an extensive inspection of the ongoing rejuvenation works of three major water ponds under the jurisdiction of the Jammu… [+2426 chars]",,"Sham Lal überprüft den Fortschritt der Entwicklungsarbeiten an wichtigen Teichen in Jammu North. STATE TIMES NEWS JAMMU: MLA Jammu North, Sham Lal Sharma, führte am Montag eine umfassende Inspektion der laufenden Verjüngungsarbeiten an drei großen Wasserteichen im Zuständigkeitsbereich der Jammu Development Authority (JDA) durch, deren Ausschreibungen kürzlich abgeschlossen wurden.","Sham Lal reviews progress of development works on key ponds in Jammu North. STATE TIMES NEWS JAMMU: MLA Jammu North, Sham Lal Sharma, on Monday conducted an extensive inspection of the ongoing rejuvenation works of three major water ponds under the jurisdiction of the Jammu Development Authority (JDA), whose tenders have recently bee…","Sham Lal recenset progressus progressus operum in vivariis clavis Jammu Septentrionalis. TEMPORE NUNTII JAMMU: MLA Jammu Septentrionalis, Sham Lal Sharma, die Lune protensam inspectionem renovationis operarum trium aquarum majorum stagnorum sub iurisdictione Jammu Development auctoritati (JDA) perduxit, quorum tenderes nuper apis…",2025-10-22 14:44:35+00:00
1751079434d9ec7f48e1fffb9e156d94,2025-11-10T19:11:25Z,'water management',statetimes.in,en,0.1,Ladakh moving towards self-reliance through integrated rural development: LG Kavinder,"STATE TIMES NEWS KARGIL: The Lieutenant Governor of Ladakh, Kavinder Gupta, on Monday inaugurated Phase I of the Sodh Lift Irrigation Scheme, developed under the Special Development Package at an estimated cost of Rs 9.97 crore. The project will provide assur…",https://statetimes.in/ladakh-moving-towards-self-reliance-through-integrated-rural-development-lg-kavinder/,https://statetimes.in/wp-content/uploads/2025/11/LG-2-1024x381.jpg,,"STATE TIMES NEWS
KARGIL: The Lieutenant Governor of Ladakh, Kavinder Gupta, on Monday inaugurated Phase I of the Sodh Lift Irrigation Scheme, developed under the Special Development Package at an es… [+2266 chars]",,"Ladakh auf dem Weg zur Eigenständigkeit durch integrierte ländliche Entwicklung: LG Kavinder. STATE TIMES NEWS KARGIL: Der Vizegouverneur von Ladakh, Kavinder Gupta, hat am Montag Phase I des Sodh-Lift-Bewässerungsplans eingeweiht, der im Rahmen des Sonderentwicklungspakets zu geschätzten Kosten von 9,97 Mrd. Rupien entwickelt wurde. Das Projekt wird Sicherheit bieten…","Ladakh moving towards self-reliance through integrated rural development: LG Kavinder. STATE TIMES NEWS KARGIL: The Lieutenant Governor of Ladakh, Kavinder Gupta, on Monday inaugurated Phase I of the Sodh Lift Irrigation Scheme, developed under the Special Development Package at an estimated cost of Rs 9.97 crore. The project will provide assur…","Ladakh movens ad se fiducia per integrationem rusticam progressionem: LG Kavinder. STATU TEMPORIBUS NUNTII KARGIL: Praefectus Ladakh, Kavinder Gupta legatus, die Lunae phase I Sodh Leva Irrigationis Schema inaugurata est, sub speciali Sarcina progressionis emolumento extimationis Rs 9.97 crore evoluta. Project assur…",2025-10-22 14:44:35+00:00
27e44b6f5ee9e047d467699c04969b6d,2025-11-10T19:23:00Z,'water management',www.globenewswire.com,en,0.1,Voxtur Analytics Corp. Initiates Court-Supervised Restructuring Process to Strengthen Financial Position and Support Long-Term Growth,"TORONTO and TAMPA, Fla., Nov. 10, 2025 (GLOBE NEWSWIRE) -- Voxtur Analytics Corp. (TSXV: VXTR; OTC PINK: VXTRF) (""Voxtur"" or the ""Company""), a North American technology company creating a more transparent and accessible real estate lending ecosystem, today an…",https://www.globenewswire.com/news-release/2025/11/10/3184947/0/en/Voxtur-Analytics-Corp-Initiates-Court-Supervised-Restructuring-Process-to-Strengthen-Financial-Position-and-Support-Long-Term-Growth.html,https://ml.globenewswire.com/Resource/Download/d6725d31-3165-48a9-a384-30f9a1f41fd4,,"TORONTO and TAMPA, Fla., Nov. 10, 2025 (GLOBE NEWSWIRE) -- Voxtur Analytics Corp. (TSXV: VXTR; OTC PINK: VXTRF) (""Voxtur"" or the ""Company""), a North American technology company creating a more transp… [+8841 chars]",,"Voxtur Analytics Corp. leitet gerichtlich überwachten Umstrukturierungsprozess ein, um die Finanzlage zu stärken und langfristiges Wachstum zu unterstützen. TORONTO und TAMPA, Florida, 10. November 2025 (GLOBE NEWSWIRE) – Voxtur Analytics Corp. (TSXV: VXTR; OTC PINK: VXTRF) („Voxtur“ oder das „Unternehmen“), ein nordamerikanisches Technologieunternehmen, das ein transparenteres und zugänglicheres Ökosystem für Immobilienkredite schafft, ist heute ein…","Voxtur Analytics Corp. Initiates Court-Supervised Restructuring Process to Strengthen Financial Position and Support Long-Term Growth. TORONTO and TAMPA, Fla., Nov. 10, 2025 (GLOBE NEWSWIRE) -- Voxtur Analytics Corp. (TSXV: VXTR; OTC PINK: VXTRF) (""Voxtur"" or the ""Company""), a North American technology company creating a more transparent and accessible real estate lending ecosystem, today an…","Voxtur Analytics Corp. Initiat Court-Supervised Processus Restructuring ad confirmandam Positionem Financialem et Suscipe Diu Term Augmentum. TORONTO and TAMPA, Fla., 10 Nov. 2025 (GLOBE NEWSWIRE) -- Voxtur Analytics Corp. (TSXV: VXTR; OTC PINK: VXTRF) (""Voxtur"" seu ""Societas""), societas technologiae Americanae septentrionalis efficit ut luculentius et perspicuum praedium ecosystem commodatum, hodie an…",2025-10-22 14:44:35+00:00
47cc1a74d8c7a6b54593465ae1789ef0,2025-11-10T19:24:07Z,'water management',me.pcmag.com,en,0.1,"Early Black Friday Smartwatch & Fitness Tracker Deals From Apple, Garmin, and More","There's no reason to delay your holiday shopping when you can already save up to $100 on popular smartwatches from Apple, Samsung, Garmin, Fitbit, and more.
Whether you're looking for expansive fitness tracking, innovative connectivity features, or a beautifu…",https://me.pcmag.com/en/smartwatches/33365/early-black-friday-smartwatch-fitness-tracker-deals-from-apple-garmin-and-more,https://sm.pcmag.com/t/pcmag_me/news/e/early-blac/early-black-friday-smartwatch-fitness-tracker-deals-from-app_gxak.1200.jpg,,"Whether you're looking for expansive fitness tracking, innovative connectivity features, or a beautiful design (or perhaps all three), there's an Early Black Friday smartwatch deal waiting for you.
… [+4727 chars]",,"Frühe Black Friday-Angebote für Smartwatches und Fitness-Tracker von Apple, Garmin und mehr. Es gibt keinen Grund, Ihren Weihnachtseinkauf zu verschieben, wenn Sie bei beliebten Smartwatches von Apple, Samsung, Garmin, Fitbit und anderen bereits bis zu 100 US-Dollar sparen können.
Ganz gleich, ob Sie auf der Suche nach umfangreichem Fitness-Tracking, innovativen Konnektivitätsfunktionen oder einem schönen … sind.","Early Black Friday Smartwatch & Fitness Tracker Deals From Apple, Garmin, and More. There's no reason to delay your holiday shopping when you can already save up to $100 on popular smartwatches from Apple, Samsung, Garmin, Fitbit, and more.
Whether you're looking for expansive fitness tracking, innovative connectivity features, or a beautifu…","Mane Niger Veneris Smartwatch & Opportunitas Tracker Deals Apple, Garmin, et More. Nulla causa est quod mercatum tuum feriatum moraris cum iam servare potes usque ad $100 in vigiliis popularibus Apple, Samsung, Garmin, Fitbit, et plura.
Utrum idoneitatem expansivam quaesieris vestigia, notae connectivity innovative, an pulchri- tudinem...",2025-10-22 14:44:35+00:00
fac7e803859c93e7bfdc3500884b5c31,2025-11-10T19:25:27Z,'water management',financialpost.com,en,0.1,Voxtur Analytics Corp. Initiates Court-Supervised Restructuring Process to Strengthen Financial Position and Support Long-Term Growth,"TORONTO and TAMPA, Fla., Nov. 10, 2025 (GLOBE NEWSWIRE) — Voxtur Analytics Corp. (TSXV: VXTR; OTC PINK: VXTRF) (“Voxtur” or the “Company”), a North American technology company creating a more transparent and accessible real estate lending ecosystem, today ann…",https://financialpost.com/globe-newswire/voxtur-analytics-corp-initiates-court-supervised-restructuring-process-to-strengthen-financial-position-and-support-long-term-growth,,,"TORONTO and TAMPA, Fla., Nov. 10, 2025 (GLOBE NEWSWIRE) Voxtur Analytics Corp. (TSXV: VXTR; OTC PINK: VXTRF) (Voxtur or the Company), a North American technology company creating a more transparent a… [+6064 chars]",,"Voxtur Analytics Corp. leitet gerichtlich überwachten Umstrukturierungsprozess ein, um die Finanzlage zu stärken und langfristiges Wachstum zu unterstützen. TORONTO und TAMPA, Florida, 10. November 2025 (GLOBE NEWSWIRE) – Voxtur Analytics Corp. (TSXV: VXTR; OTC PINK: VXTRF) („Voxtur“ oder das „Unternehmen“), ein nordamerikanisches Technologieunternehmen, das ein transparenteres und zugänglicheres Ökosystem für Immobilienkredite schafft, gibt heute bekannt…","Voxtur Analytics Corp. Initiates Court-Supervised Restructuring Process to Strengthen Financial Position and Support Long-Term Growth. TORONTO and TAMPA, Fla., Nov. 10, 2025 (GLOBE NEWSWIRE) — Voxtur Analytics Corp. (TSXV: VXTR; OTC PINK: VXTRF) (“Voxtur” or the “Company”), a North American technology company creating a more transparent and accessible real estate lending ecosystem, today ann…","Voxtur Analytics Corp. Initiat Court-Supervised Processus Restructuring ad confirmandam Positionem Financialem et Suscipe Diu Term Augmentum. TORONTO et TAMPA, Fla., 10 Nov. 2025 (GLOBE NEWSWIRE) — Voxtur Analyticorum Corp. (TSXV: VXTR; OTC PINK: VXTRF) (Voxtur"" seu ""Societas""), societas technologiae Americanae septentrionalis efficit luculentiorem ac pervia praeditum ecosystem commodatum, hodie ann…",2025-10-22 14:44:35+00:00
42105df86db104a17275159f11d21790,2025-11-10T19:56:12Z,'water management',freerepublic.com,en,0.1,'Chaos has gone' - quiet streets on Texas border after Trump crackdown,"In Chicago, Los Angeles and Portland, the immigration debate has spilled into the streets, sparking almost daily demonstrations while immigration agents ramp up arrests. But in El Paso - a city in Texas on the US-Mexico border - the streets are unusually quie…",https://freerepublic.com/focus/f-news/4351814/posts,,,"Skip to comments.
'Chaos has gone' - quiet streets on Texas border after Trump crackdownBBC ^
 | 11/10/2025
 | Bernd Debusmann Jr
Posted on 11/10/2025 11:56:12 AM PST by E. Pluribus Unum
In Chic… [+2817 chars]",,"„Das Chaos ist verschwunden“ – ruhige Straßen an der Grenze zu Texas nach dem Vorgehen von Trump. In Chicago, Los Angeles und Portland hat sich die Einwanderungsdebatte auf die Straßen ausgeweitet und löste fast täglich Demonstrationen aus, während die Einwanderungsbeamten immer häufiger Verhaftungen vornahmen. Aber in El Paso – einer Stadt in Texas an der Grenze zwischen den USA und Mexiko – ist es auf den Straßen ungewöhnlich ruhig …","'Chaos has gone' - quiet streets on Texas border after Trump crackdown. In Chicago, Los Angeles and Portland, the immigration debate has spilled into the streets, sparking almost daily demonstrations while immigration agents ramp up arrests. But in El Paso - a city in Texas on the US-Mexico border - the streets are unusually quie…","'Chaos abiit' - quies plateas in confinio Texas post BUCINUM crackdown. In Chicago, Los Angeles et Portland, immigratio disceptatio in vias effudit, demonstrationes cotidianas fere scintillantes dum immigratio agentes struunt deprehenduntur. Sed in El Paso - urbs Texas in confinio US-Mexico - plateae solitae sunt quietae...",2025-10-22 14:44:35+00:00
5969dc2832eddf9debfaea6b55f0afd9,2025-11-10T20:07:57Z,'water management',www.businessinsider.com,en,0.1,Read Warren Buffett's Thanksgiving shareholder letter — his last one as Berkshire CEO,Legendary investor Warren Buffett said he plans to continue sharing a Thanksgiving letter to shareholders after he steps down as Berkshire Hathaway CEO.,https://www.businessinsider.com/read-warren-buffett-thanksgiving-shareholder-letter-full-text-2025-11,https://i.insider.com/6912405046c4547ecb057f9a?width=800&format=jpeg,,"As Thanksgiving approaches, Warren Buffett has a lot to be grateful for.
With his third annual Thanksgiving letter to Berkshire Hathaway shareholders, the Oracle of Omaha expressed the sentiment in … [+20910 chars]",,"Lesen Sie Warren Buffetts Thanksgiving-Aktionärsbrief – seinen letzten als CEO von Berkshire. Der legendäre Investor Warren Buffett sagte, er plane, auch nach seinem Rücktritt als CEO von Berkshire Hathaway weiterhin einen Thanksgiving-Brief an die Aktionäre zu verschicken.",Read Warren Buffett's Thanksgiving shareholder letter — his last one as Berkshire CEO. Legendary investor Warren Buffett said he plans to continue sharing a Thanksgiving letter to shareholders after he steps down as Berkshire Hathaway CEO.,Legit Warren Buffett epistulam gratiarum actionis communicantis — ultimam suam pro Berk CEO. Investor fabulosus Warren Buffett dixit se communicaturum litteras gratiarum actio ad socios continuaturum postquam Berk Hathaway CEO descendit.,2025-10-22 14:44:35+00:00
f02593f1f20b49de0732f7c0ef030575,2025-11-10T20:30:07Z,'water management',freerepublic.com,en,0.1,"U.S. Military Kills 6 in Strikes on Suspected Drug Boats, Hegseth Says","The U.S. military killed six people on Sunday in two more strikes on boats suspected of smuggling drugs in the eastern Pacific Ocean, Defense Secretary Pete Hegseth announced on Monday. The latest strikes raised the death toll in the campaign to 76 people in …",https://freerepublic.com/focus/f-chat/4351824/posts,,,"Skip to comments.
U.S. Military Kills 6 in Strikes on Suspected Drug Boats, Hegseth SaysThe New York Times ^
 | Nov. 10, 2025Updated 9:27 a.m. ET
 | Eric Schmitt
Posted on 11/10/2025 12:30:07 PM … [+2831 chars]",,"Laut Hegseth tötet das US-Militär sechs Menschen bei Angriffen auf mutmaßliche Drogenboote. Das US-Militär hat am Sonntag bei zwei weiteren Angriffen auf Boote im östlichen Pazifik sechs Menschen getötet, die im Verdacht standen, Drogen zu schmuggeln, wie Verteidigungsminister Pete Hegseth am Montag mitteilte. Die jüngsten Streiks erhöhten die Zahl der Todesopfer im Wahlkampf auf 76 Menschen in …","U.S. Military Kills 6 in Strikes on Suspected Drug Boats, Hegseth Says. The U.S. military killed six people on Sunday in two more strikes on boats suspected of smuggling drugs in the eastern Pacific Ocean, Defense Secretary Pete Hegseth announced on Monday. The latest strikes raised the death toll in the campaign to 76 people in …","US Military Forum VI in Ictus Suspectus medicamentis Navis, inquit Hegseth. US militaris sex homines die Dominico occisis duobus pluribus navigiis suspectis smuggingentium medicamentorum in Oceano Orientali Pacifico ferit, Secretarius defensionis Pete Hegseth die Lunae denuntiavit. Aliquam ferit theloneo mortem in expeditione ad 76 homines in ... suscitavit.",2025-10-22 14:44:35+00:00
1ab42fa8083d81a372173d5c97f31732,2025-11-10T20:35:31Z,'water management',kotaku.com,en,0.1,T-Rex No Longer A Shitty Dad After New Jurassic World Evolution 3 Update,"The excellent dino park builder is also less buggy and includes a few new features after update 1.1.0
The post T-Rex No Longer A Shitty Dad After New Jurassic World Evolution 3 Update appeared first on Kotaku.",https://kotaku.com/jurassic-world-evolution-3-1-1-0-patch-notes-t-rex-fix-juveniles-2000642549,https://kotaku.com/app/uploads/2025/11/jwe33-1200x675.jpg,,"Being a dad is hard. You have to take care of your child. Protect it from dangers. Make sure it gets plenty of food, water, and sleep. Oh and yeah, not eat it. Unfortunately for juvenile Tyrannosaurs… [+10096 chars]",,"T-Rex ist nach dem neuen Jurassic World Evolution 3-Update kein beschissener Vater mehr. Der hervorragende Dino-Park-Builder ist außerdem weniger fehlerhaft und enthält nach dem Update 1.1.0 einige neue Funktionen
Der Beitrag T-Rex ist nach dem neuen Jurassic World Evolution 3-Update kein beschissener Vater mehr, erschien zuerst auf Kotaku.","T-Rex No Longer A Shitty Dad After New Jurassic World Evolution 3 Update. The excellent dino park builder is also less buggy and includes a few new features after update 1.1.0
The post T-Rex No Longer A Shitty Dad After New Jurassic World Evolution 3 Update appeared first on Kotaku.","T-Rex non diutius A Shitty Dad Post Novum Jurassic Mundus Evolutionis 3 Update. Praeclarus dino parcus architectus minor etiam buggy est et paucas notas novas post renovationem 1.1.0 . includit
Post T-Rex non diutius A Shitty Dad Post Novum Jurassic Mundus Evolutionis 3 Renovatio primum in Kotaku apparuit.",2025-10-22 14:44:35+00:00
ab104ebbb6acdb6bfad304d39eb409d0,2025-11-10T20:43:45Z,'water management',freerepublic.com,en,0.1,How the Witch of November doomed the ‘Edmund Fitzgerald’,"---SNIP--- Whenever the November Witch sweeps across the Great Lakes in autumn, mariners know to beware. Hurricane-force winds, born from collisions of lingering summer warmth and frigid Arctic air, can slam into the lakes and set loose 40-foot waves. But unl…",https://freerepublic.com/focus/f-chat/4351826/posts,,,"Skip to comments.
How the Witch of November doomed the Edmund FitzgeraldPopular Science ^
 | 11/8/2025
 | Bill Gourgey
Posted on 11/10/2025 12:43:45 PM PST by Kid Shelleen
---SNIP--- 
Whenever … [+1352 chars]",,"Wie die Novemberhexe den „Edmund Fitzgerald“ zum Scheitern verurteilte. ---SNIP--- Immer wenn die Novemberhexe im Herbst über die Großen Seen fegt, müssen Seeleute auf der Hut sein. Orkanartige Winde, die aus der Kollision anhaltender Sommerwärme und kalter arktischer Luft entstehen, können in die Seen eindringen und 40 Fuß hohe Wellen auslösen. Aber bis …","How the Witch of November doomed the ‘Edmund Fitzgerald’. ---SNIP--- Whenever the November Witch sweeps across the Great Lakes in autumn, mariners know to beware. Hurricane-force winds, born from collisions of lingering summer warmth and frigid Arctic air, can slam into the lakes and set loose 40-foot waves. But unl…","Qualiter Witch de Novembre perierit 'Edmund Fitzgerald'. ---SNIP---Quando Novembri venefica trans Magnos Lacus autumno verrit, nautae cavere sciunt. Procellae ventorum, ex collisione caloris aestatis et aeris frigidi arctici, in lacus impuli, et in undas 40 pedum solvuntur. Sed unl…",2025-10-22 14:44:35+00:00
cfd26896ae794b30a63ee51d0ee24e2f,2025-11-10T21:05:00Z,'water management',www.globenewswire.com,en,0.1,Outset Medical Reports Third-Quarter Results,"SAN JOSE, Calif., Nov. 10, 2025 (GLOBE NEWSWIRE) -- Outset Medical, Inc. (Nasdaq: OM), a medical technology company pioneering a first-of-its-kind technology to reduce the cost and complexity of dialysis, today reported financial results for the third quarter…",https://www.globenewswire.com/news-release/2025/11/10/3185039/0/en/Outset-Medical-Reports-Third-Quarter-Results.html,https://ml.globenewswire.com/Resource/Download/28778c78-03f1-4b17-9c13-3cc578c924dc,,"SAN JOSE, Calif., Nov. 10, 2025 (GLOBE NEWSWIRE) -- Outset Medical, Inc. (Nasdaq: OM), a medical technology company pioneering a first-of-its-kind technology to reduce the cost and complexity of dial… [+47097 chars]",,"Outset Medical berichtet über die Ergebnisse des dritten Quartals. SAN JOSE, Kalifornien, 10. November 2025 (GLOBE NEWSWIRE) – Outset Medical, Inc. (Nasdaq: OM), ein Medizintechnikunternehmen, das eine einzigartige Technologie zur Reduzierung der Kosten und der Komplexität der Dialyse entwickelt, gab heute die Finanzergebnisse für das dritte Quartal bekannt …","Outset Medical Reports Third-Quarter Results. SAN JOSE, Calif., Nov. 10, 2025 (GLOBE NEWSWIRE) -- Outset Medical, Inc. (Nasdaq: OM), a medical technology company pioneering a first-of-its-kind technology to reduce the cost and complexity of dialysis, today reported financial results for the third quarter…","Exitus Medical Renuntiationes Tertia-Quarta Proventus. SAN JOSE, Calif., die 10 Nov. 2025 (Globe NEWSWIRE) -- Outset Medical, Inc.",2025-10-22 14:44:35+00:00
7e7b62c8f66a2400b0d295f542dd801a,2025-11-10T21:10:00Z,'water management',www.globenewswire.com,en,0.1,Consolidated Water Reports Third Quarter 2025 Results,"GEORGE TOWN, Cayman Islands, Nov. 10, 2025 (GLOBE NEWSWIRE) -- Consolidated Water Co. Ltd. (NASDAQ Global Select Market: CWCO), a leading designer, builder and operator of advanced water supply and treatment plants, reported results for the third quarter ende…",https://www.globenewswire.com/news-release/2025/11/10/3185050/0/en/Consolidated-Water-Reports-Third-Quarter-2025-Results.html,https://ml.globenewswire.com/Resource/Download/5c6ba7bd-0deb-4d40-9b3e-f2fc39a3a96d,,"GEORGE TOWN, Cayman Islands, Nov. 10, 2025 (GLOBE NEWSWIRE) -- Consolidated Water Co. Ltd. (NASDAQ Global Select Market: CWCO), a leading designer, builder and operator of advanced water supply and t… [+55130 chars]",,"Consolidated Water meldet Ergebnisse für das dritte Quartal 2025. GEORGE TOWN, Cayman Islands, 10. November 2025 (GLOBE NEWSWIRE) – Consolidated Water Co. Ltd. (NASDAQ Global Select Market: CWCO), ein führender Entwickler, Bauunternehmer und Betreiber moderner Wasserversorgungs- und -aufbereitungsanlagen, gab die Ergebnisse für das dritte Quartal zum Ende des Jahres bekannt.","Consolidated Water Reports Third Quarter 2025 Results. GEORGE TOWN, Cayman Islands, Nov. 10, 2025 (GLOBE NEWSWIRE) -- Consolidated Water Co. Ltd. (NASDAQ Global Select Market: CWCO), a leading designer, builder and operator of advanced water supply and treatment plants, reported results for the third quarter ende…","Contexitur Aquae Renuntiationes Tertiae Quartae 2025 Proventus. GEORGIUS ville, Insulae Cayman, die 10 novembris 2025 (GLOBE NEWSWIRE) -- Aquae contextae Co. Ltd. (NASDAQ Global Market Selectae: CWCO), primus excogitator, fabricator et operator aquae provectae copiae et curationis plantarum, nuntiavit eventum pro tertia quarta parte ende…",2025-10-22 14:44:35+00:00
7c56731fb8374ee12b401502ce724e63,2025-11-10T21:20:07Z,'water management',financialpost.com,en,0.1,Watts Water Technologies Elects Suzanne L. Stefany to Its Board of Directors,"NORTH ANDOVER, Mass. — Watts Water Technologies, Inc. (NYSE: WTS) today announced the election of Suzanne L. Stefany as a member of the Board of Directors. Ms. Stefany was also appointed by the Board to serve as a member of the Governance and Sustainability C…",https://financialpost.com/pmn/business-wire-news-releases-pmn/watts-water-technologies-elects-suzanne-l-stefany-to-its-board-of-directors,,,"NORTH ANDOVER, Mass. Watts Water Technologies, Inc. (NYSE: WTS) today announced the election of Suzanne L. Stefany as a member of the Board of Directors. Ms. Stefany was also appointed by the Board t… [+4216 chars]",,"Watts Water Technologies wählt Suzanne L. Stefany in seinen Vorstand. NORTH ANDOVER, Massachusetts – Watts Water Technologies, Inc. (NYSE: WTS) gab heute die Wahl von Suzanne L. Stefany zum Mitglied des Board of Directors bekannt. Frau Stefany wurde außerdem vom Vorstand zum Mitglied des Governance and Sustainability C… ernannt.","Watts Water Technologies Elects Suzanne L. Stefany to Its Board of Directors. NORTH ANDOVER, Mass. — Watts Water Technologies, Inc. (NYSE: WTS) today announced the election of Suzanne L. Stefany as a member of the Board of Directors. Ms. Stefany was also appointed by the Board to serve as a member of the Governance and Sustainability C…","Watts Aquarum Technologiae Suzanne L. Stefany Electi ad Tabulam Directoris. NORTH ANDOVER, Mass. — Watts Water Technologies, Inc. (NYSE: WTS) Hodie electionem Suzannae L. Stefany ut membrum Tabulae Directorium annuntiavit. Ms Stefany etiam ab Tabula designatus est ut membrum Gubernii et Sustinabilitatis C…",2025-10-22 14:44:35+00:00
28e07456ad124454d01e46231e83a110,2025-11-10T21:24:00Z,'water management',www.techradar.com,en,0.1,"Lenovo goes literal with its view of the future of ""the cloud"" - here's what it thinks future data centers will really look like","Lenovo proposes extreme data center designs, from floating clouds to underground bunkers.",https://www.techradar.com/pro/lenovo-goes-literal-with-its-view-of-the-future-of-the-cloud-heres-what-it-thinks-future-data-centers-will-really-look-like,https://cdn.mos.cms.futurecdn.net/wjKEwLtwphuAYTmajPKfV5-1920-80.jpg,,"<ul><li>Lenovo imagines data centers suspended above clouds to save land and energy</li><li>Data Spas place servers near geothermal pools, raising serious security concerns</li><li>Underground bunker… [+3810 chars]",,"Lenovo geht mit seiner Sicht auf die Zukunft der „Cloud“ wörtlich – hier sehen Sie, wie zukünftige Rechenzentren seiner Meinung nach wirklich aussehen werden. Lenovo bietet extreme Rechenzentrumsdesigns, von schwebenden Wolken bis hin zu unterirdischen Bunkern.","Lenovo goes literal with its view of the future of ""the cloud"" - here's what it thinks future data centers will really look like. Lenovo proposes extreme data center designs, from floating clouds to underground bunkers.","Lenovo litteralis pergit cum intuitu futuri ""nubis"" - hic id quod cogitat futura centra notitiarum vere simile erit. Lenovo extremas notitias mediarum cogitationum proponit, a nubibus ad subterraneis evehitur.",2025-10-22 14:44:35+00:00
884c3697a57d260f81f7250eb4c8eecb,2025-11-10T21:39:00Z,'water management',www.globenewswire.com,en,0.1,"Burn Blend 2025 | Effective Weight Loss Supplement Read Benefits, Ingredients Lunch Burn Blend Canada & Australia","Burn Blend is a natural Weight Loss Supplement that combines nature’s most effective ingredients to support focus, endurance, and metabolism. Read BurnBlend consumer reports. Burn Blend is a natural Weight Loss Supplement that combines nature’s most effective…",https://www.globenewswire.com/news-release/2025/11/10/3185095/0/en/Burn-Blend-2025-Effective-Weight-Loss-Supplement-Read-Benefits-Ingredients-Lunch-Burn-Blend-Canada-Australia.html,,,"New York City, Nov. 10, 2025 (GLOBE NEWSWIRE) -- 
Introducing Burn Blend: 
[New York City, Nov. 11, 2025 Burn Blend is redefining the way people approach energy and wellness. Designed for todays bu… [+18370 chars]",,"Burn Blend 2025 | Effektive Nahrungsergänzung zur Gewichtsabnahme Lesen Sie Vorteile, Inhaltsstoffe Lunch Burn Blend Kanada und Australien. Burn Blend ist ein natürliches Nahrungsergänzungsmittel zur Gewichtsabnahme, das die wirksamsten Inhaltsstoffe der Natur kombiniert, um Konzentration, Ausdauer und Stoffwechsel zu unterstützen. Lesen Sie BurnBlend-Verbraucherberichte. Burn Blend ist ein natürliches Nahrungsergänzungsmittel zur Gewichtsreduktion, das die wirksamsten Wirkstoffe der Natur kombiniert.","Burn Blend 2025 | Effective Weight Loss Supplement Read Benefits, Ingredients Lunch Burn Blend Canada & Australia. Burn Blend is a natural Weight Loss Supplement that combines nature’s most effective ingredients to support focus, endurance, and metabolism. Read BurnBlend consumer reports. Burn Blend is a natural Weight Loss Supplement that combines nature’s most effective…","Burn Blend 2025 | Effective Pondus Damnum Supplementum Read Beneficia, Ingredientia Prandium Burn Blend Canada & Australia. Burn Blend est naturale pondus Loss Supplementum quae naturae ingredientia efficacissima coniungit ad focum, patientiam et metabolismum supportandum. Legere tradit BurnBlend dolor. Burn Blend est naturale pondus damnum Supplementum quod naturae efficacissimum est coniungit…",2025-10-22 14:44:35+00:00
a82ee0ea88051d01f4213065cc4bc1a9,2025-11-10T21:52:00Z,'water management',www.denverpost.com,en,0.1,"Ken and John Salazar: Despite a decade of planning for San Luis Valley land conservation, Colorado could break yet-another promise to southern Colorado",It has come to our attention that the governor-appointed State Land Board -- with no representation from southern Colorado -- may break another promise to the Valley and vote to kill this project.,https://www.denverpost.com/2025/11/10/state-land-board-colorado-la-jara-conservation-san-luis-valley/,https://www.denverpost.com/wp-content/uploads/2019/09/COOKS-03302017-JA-68723a.jpg?w=1024&h=683,,"You cant separate the history of Colorado from the iconic natural landscapes of the San Luis Valley, the first part of our state to see settlers who came from what is today New Mexico to farm and gra… [+5071 chars]",,"Ken und John Salazar: Trotz eines Jahrzehnts der Planung für den Landschutz im San Luis Valley könnte Colorado ein weiteres Versprechen gegenüber Süd-Colorado brechen. Wir sind darauf aufmerksam geworden, dass der vom Gouverneur ernannte State Land Board – ohne Vertretung aus Süd-Colorado – möglicherweise ein weiteres Versprechen gegenüber dem Valley bricht und dafür stimmt, dieses Projekt abzuschaffen.","Ken and John Salazar: Despite a decade of planning for San Luis Valley land conservation, Colorado could break yet-another promise to southern Colorado. It has come to our attention that the governor-appointed State Land Board -- with no representation from southern Colorado -- may break another promise to the Valley and vote to kill this project.","Ken et Ioannes Salazar: Quamvis decennium consiliorum ad conservationem Terrae San Luis Vallis, Colorado adhuc alia promissio Colorado meridionali frangere potuit. In mentem venit ut Praefectus Terrae Civitatis designatus Tabula - nulla repraesentatione a Colorado Australi - aliam promissionem in Vallem frangat et suffragium ad hoc propositum interficiendum.",2025-10-22 14:44:35+00:00
69a68a0b8543afe3d01748c0e51f34ac,2025-11-10T21:52:09Z,'water management',freerepublic.com,en,0.1,900-pound horse rescued from Virginia swimming pool,Nov. 10 (UPI) -- Firefighters in Virginia came to the rescue of an approximately 900-pound horse that fell into a resident's swimming pool. The Prince William County Fire & Rescue System said on social media that crews were dispatched to a home on Burwell Roa…,https://freerepublic.com/focus/f-chat/4351834/posts,,,"Skip to comments.
900-pound horse rescued from Virginia swimming poolUPI ^
 | 11/10/25
 | Ben Hooper
Posted on 11/10/2025 1:52:09 PM PST by DallasBiff
Nov. 10 (UPI) -- Firefighters in Virginia c… [+2046 chars]",,"900 Pfund schweres Pferd aus Schwimmbad in Virginia gerettet. 10. November (UPI) – Feuerwehrleute in Virginia retteten ein etwa 900 Pfund schweres Pferd, das in das Schwimmbad eines Anwohners fiel. Das Prince William County Fire & Rescue System teilte in den sozialen Medien mit, dass Einsatzkräfte zu einem Haus in Burwell Roa geschickt wurden …",900-pound horse rescued from Virginia swimming pool. Nov. 10 (UPI) -- Firefighters in Virginia came to the rescue of an approximately 900-pound horse that fell into a resident's swimming pool. The Prince William County Fire & Rescue System said on social media that crews were dispatched to a home on Burwell Roa…,900 librarum equitum ereptus Virginia lacus. Nov. 10 (UPI) -- Firefighters in Virginia succurrebant circiter 900 librarum equitum qui in piscinam residentis inciderunt. Princeps Gulielmi Comitatus Fire & Rescue System dixit de instrumentis socialibus quae nautae missi sunt ad domum in Burwell Roa…,2025-10-22 14:44:35+00:00
4c5c2bdd599b0e763a0b440983bc9938,2025-11-10T22:00:00Z,'water management',lancasteronline.com,en,0.1,Proposed data center rules and pact won't reach Lancaster city council this week,New rules on data centers in Lancaster city and a community benefits agreement with the developer proposing them won’t come before council until later this month.,https://lancasteronline.com/news/local/proposed-data-center-rules-and-pact-wont-reach-lancaster-city-council-this-week/article_579634d1-88a4-453c-8ba5-e319e91c9087.html,https://bloximages.newyork1.vip.townnews.com/lancasteronline.com/content/tncms/assets/v3/editorial/d/0f/d0f26d93-ee1b-4a3f-ba3d-6ff6c072dce8/68af70fa36192.image.jpg?crop=1662%2C873%2C0%2C187&resize=1200%2C630&order=crop%2Cresize,,"New rules on data centers in Lancaster city and a community benefits agreement with the developer proposing them wont come before council until later this month.
An amendment to the citys zoning ord… [+2178 chars]",,"Die vorgeschlagenen Regeln und Vereinbarungen für Rechenzentren werden diese Woche nicht im Stadtrat von Lancaster eintreffen. Neue Regeln für Rechenzentren in Lancaster City und eine Vereinbarung über gemeinschaftliche Vorteile mit dem Entwickler, der sie vorschlägt, werden dem Rat erst später in diesem Monat vorgelegt.",Proposed data center rules and pact won't reach Lancaster city council this week. New rules on data centers in Lancaster city and a community benefits agreement with the developer proposing them won’t come before council until later this month.,Data media praecepta et foedus propositum hac septimana ad consilium civitatis Lancastriae non perveniet. Novae regulae de centris notitiis in urbe Lancastra et communitate beneficiorum consensum cum elit illis proponentibus non ante consilium venerunt usque serius hoc mense.,2025-10-22 14:44:35+00:00
cf0710d4ef59f0a0ee0cbd680595bf9e,2025-11-10T23:19:31Z,'water management',bringatrailer.com,en,0.1,18k-Mile 1995 Ferrari 348 Spider,"This 1995 Ferrari 348 Spider was initially delivered to Ferrari of Los Gatos in California, and now shows 18k miles. Powered by a 3.4-liter DOHC V8 linked with a dogleg five-speed manual transaxle and a limited-slip differential, it is finished in Nero over b…",https://bringatrailer.com/listing/1995-ferrari-348-13/,https://bringatrailer.com/wp-content/uploads/2025/10/1995_ferrari_348_studio-4-61949.jpg,,"This 1995 Ferrari 348 Spider was initially delivered to Ferrari of Los Gatos in California, and now shows 18k miles. Powered by a 3.4-liter DOHC V8 linked with a dogleg five-speed manual transaxle an… [+2791 chars]",,"18.000 Meilen 1995 Ferrari 348 Spider. Dieser Ferrari 348 Spider aus dem Jahr 1995 wurde ursprünglich an Ferrari aus Los Gatos in Kalifornien ausgeliefert und hat jetzt eine Laufleistung von 18.000 Meilen. Angetrieben von einem 3,4-Liter-DOHC-V8, der mit einem Dogleg-Fünfgang-Schaltgetriebe und einem Sperrdifferenzial verbunden ist, ist er in Nero über Schwarz gehalten.","18k-Mile 1995 Ferrari 348 Spider. This 1995 Ferrari 348 Spider was initially delivered to Ferrari of Los Gatos in California, and now shows 18k miles. Powered by a 3.4-liter DOHC V8 linked with a dogleg five-speed manual transaxle and a limited-slip differential, it is finished in Nero over b…","18k-Mile 1995 Ferrari 348 Aranea. Haec 1995 Ferrari 348 Aranea initio Ferrario Los Gatos in California tradita est et nunc XVIII milia passuum ostendit. Powered by 3.4-liter DOHC V8, cum canali velocitate manuali transaxlo et limitato differentiali terminato, in Nerone super b... finitur.",2025-10-22 14:44:35+00:00
7b4082aca900b61d69e48ebbec198e7f,2025-11-11T05:25:33Z,'drought Iran',freerepublic.com,en,0.1,The End Is Near. Tehran Faces Evacuation As Water Supplies Reach Zero and the City Sinks Into the Desert,"Then the anger of the Lord will be kindled against you, and he will shut up the heavens, so that there will be no rain, and the land will yield no fruit, and you will perish quickly off the good land that the Lord is giving you.— Deuteronomy 11:17Mother Natur…",https://freerepublic.com/focus/f-news/4351879/posts,,,"Skip to comments.
The End Is Near. Tehran Faces Evacuation As Water Supplies Reach Zero and the City Sinks Into the DesertRed State ^
 | 11/10/2025
 | streiff
Posted on 11/10/2025 9:25:33 PM PST … [+6616 chars]",,"Das Ende ist nahe. Teheran steht vor der Evakuierung, da die Wasservorräte zur Neige gehen und die Stadt in der Wüste versinkt. Dann wird der Zorn des Herrn gegen dich entbrennen, und er wird den Himmel verschließen, sodass es keinen Regen geben wird und das Land keine Frucht bringen wird, und du wirst schnell umkommen aus dem guten Land, das der Herr dir gibt. – Deuteronomium 11:17 Mutter Natur…","The End Is Near. Tehran Faces Evacuation As Water Supplies Reach Zero and the City Sinks Into the Desert. Then the anger of the Lord will be kindled against you, and he will shut up the heavens, so that there will be no rain, and the land will yield no fruit, and you will perish quickly off the good land that the Lord is giving you.— Deuteronomy 11:17Mother Natur…","Finis prope est. Tehran Faces Evacuatio As Aquae Supplies Extende Nulla et Urbs Descendit in Desertum. Iratusque est furor Domini contra te, et claudet cælum, ne pluat, et terra non dabit fructum, et pereas cito de terra optima, quam Dominus daturus est tibi.",2025-10-22 14:44:35+00:00
b0c726045f5e9bd9d013736a46bddebd,2025-11-11T12:00:42Z,'water management',www.ycombinator.com,en,0.1,Hazel (YC W24) Is Hiring Full Stack Engineers,"Note: These roles are exclusively available to U.S. citizens who can obtain and maintain a U.S. government-issued Top Secret security clearance. There are no exceptions.
Who We Are:
Our mission at Hazel is simple and powerful. We use AI to help U.S. governmen…",https://www.ycombinator.com/companies/hazel-2/jobs/fCdGOZw-full-stack-engineer,https://bookface-images.s3.amazonaws.com/logos/4eee6e19647ab5f3be3cda18b2a87d90ea956332.png?1705544917,,"Note: These roles are exclusively available to U.S. citizens who can obtain and maintain a U.S. government-issued Top Secret security clearance. There are no exceptions.
Who We Are:
Our mission at … [+6524 chars]",,"Hazel (YC W24) stellt Full-Stack-Ingenieure ein. Hinweis: Diese Rollen stehen ausschließlich US-Bürgern zur Verfügung, die eine von der US-Regierung ausgestellte „Top Secret“-Sicherheitsfreigabe erhalten und aufrechterhalten können. Es gibt keine Ausnahmen.
Wer wir sind:
Unsere Mission bei Hazel ist einfach und wirkungsvoll. Wir nutzen KI, um US-Regierungen zu helfen…","Hazel (YC W24) Is Hiring Full Stack Engineers. Note: These roles are exclusively available to U.S. citizens who can obtain and maintain a U.S. government-issued Top Secret security clearance. There are no exceptions.
Who We Are:
Our mission at Hazel is simple and powerful. We use AI to help U.S. governmen…","Hazel (YC W24) Is Hiring Full Stack Engineers. Nota: Hae partes unice praesto sunt civibus US US imperium-latis Top Secret securitatis alvi obtinendum et conservandum. Exceptiones nullae sunt.
Qui sumus:
Nostra missio apud Corylum simplex est et potens. Utimur AI ad auxilium US imperium…",2025-10-22 14:44:35+00:00
493ce3c2da4b15998b782c5b474ce43f,2025-11-11T14:16:53Z,'drought weather',theconversation.com,en,0.1,"Smartphones, women’s rights and coupons: new trends that can boost insurance for African farmers","African farmers face rising climate disasters that destroy crops and livestock The G20 must champion new, affordable tech-based insurance for them.",https://theconversation.com/smartphones-womens-rights-and-coupons-new-trends-that-can-boost-insurance-for-african-farmers-268575,https://images.theconversation.com/files/700531/original/file-20251105-64-prnsg9.jpg?ixlib=rb-4.1.0&rect=0%2C500%2C5999%2C2999&q=45&auto=format&w=1356&h=668&fit=crop,,"Storms, drought, floods and heatwaves are a disaster for small scale farmers in Africa, who can’t all afford insurance. Yet new, technologically advanced and cheaper types of agricultural insurance e… [+8451 chars]",,"Smartphones, Frauenrechte und Gutscheine: Neue Trends, die die Versicherung afrikanischer Landwirte ankurbeln können. Afrikanische Landwirte sind mit zunehmenden Klimakatastrophen konfrontiert, die Ernten und Viehbestand zerstören. Die G20 muss sich für neue, erschwingliche, technologiebasierte Versicherungen für sie einsetzen.","Smartphones, women’s rights and coupons: new trends that can boost insurance for African farmers. African farmers face rising climate disasters that destroy crops and livestock The G20 must champion new, affordable tech-based insurance for them.","Smartphones, feminae iura et ligula: nova trends quae assecurationis Africanae agricolae boost fieri possunt. Afri agricolae calamitates climatis orientem spectantes quae fruges et iumenta destruunt",2025-10-22 14:44:35+00:00
789c01a793cae38d8350b26ab8d415a1,2025-11-11T14:51:13Z,'water management',constitutionofinnovation.eu,en,0.1,Europe converged rapidly on the United States before stagnating,An academic paper examining Europe's innovation challenges and proposing a constitutional framework for economic renaissance.,https://constitutionofinnovation.eu/,https://constitutionofinnovation.eu/og-image.png,http://web.archive.org/web/20251111214148/https://constitutionofinnovation.eu/,"Introduction
In 1945, Europe was ruined. Average incomes were 22 percent lower than the United States at the start of the war; by the end that gap had grown to 75 percent. These economies were diffe… [+49585 chars]",,"Europa näherte sich schnell den Vereinigten Staaten an, bevor es stagnierte. Eine wissenschaftliche Arbeit, die die Innovationsherausforderungen Europas untersucht und einen Verfassungsrahmen für die wirtschaftliche Renaissance vorschlägt.",Europe converged rapidly on the United States before stagnating. An academic paper examining Europe's innovation challenges and proposing a constitutional framework for economic renaissance.,Europa celeriter in Civitatibus Foederatis Americae ante stagnantibus confluxit. Charta academica examinans provocationes innovationis Europae et proponit compagem constitutionis ad renascentiae oeconomicae.,2025-10-22 14:44:35+00:00
196c976437fbf6f7099e5f61dd60882d,2025-11-11T20:50:05Z,'drought weather',foreignpolicy.com,en,0.1,Tehran’s Residents Are Panicking as Taps Run Dry,Years of drought and neglect have left the city nearly unsustainable.,http://foreignpolicy.com/2025/11/11/tehran-evacuation-water-drought-crisis/,https://foreignpolicy.com/wp-content/uploads/2025/11/IRAN-WATER-DROUGHT-TEHRAN-EVACUATION-GettyImages-2213498075.png?w=1000,http://web.archive.org/web/20251113025352/https://foreignpolicy.com/2025/11/11/tehran-evacuation-water-drought-crisis/,"In recent days, prolonged water cuts across Tehran have created widespread panic among the Iranian capitals 10 million residents. Last week, after years of drought and reduced rainfall and snowfall, … [+6287 chars]",,"Teherans Einwohner geraten in Panik, da die Wasserhähne versiegen. Jahrelange Dürre und Vernachlässigung haben die Stadt nahezu untragbar gemacht.",Tehran’s Residents Are Panicking as Taps Run Dry. Years of drought and neglect have left the city nearly unsustainable.,Residentes Tehran sunt Panicking sicut Taps Curre Dry. Siccitatis et incuriae annos propemodum inconstans urbem reliquerunt.,2025-10-22 14:44:35+00:00
54e4fec1996ebaf7e1fc4cf3fcd2c783,2025-11-11T23:00:24Z,'drought weather',theweek.com,en,0.1,Taps could run dry in drought-stricken Tehran,"President warns that unless rationing eases water crisis, citizens may have to evacuate the capital",https://theweek.com/environment/iran-drought-tehran-water-shortage-crisis,https://cdn.mos.cms.futurecdn.net/Gb6fj3Mzx52frt7NsFQbNK-2000-80.jpg,,"Decades of mismanagement and environmental exploitation, and an unprecedented drought have left Iran teetering on the edge of a water crisis.
The reservoirs are nearly empty following record-low rai… [+3565 chars]",,"Im dürregeplagten Teheran könnten die Wasserhähne versiegen. Der Präsident warnt davor, dass die Bürger die Hauptstadt möglicherweise evakuieren müssen, wenn die Wasserkrise nicht durch Rationierung gemildert wird","Taps could run dry in drought-stricken Tehran. President warns that unless rationing eases water crisis, citizens may have to evacuate the capital","Taps posset sicca in siccitate Tehran. Praeses admonet ut, nisi ratiocinatio crisi aquae pressit, cives possint capitale decedere",2025-10-22 14:44:35+00:00
f0e96a8d33e3de3319b07c36cb9b9f56,2025-11-12T09:19:21Z,'water management',www.abc.net.au,en,0.1,'Cruel' removal of sawfish rostrum likened to trophy hunting rhino horns,"A video showing a critically endangered sawfish lying dead on a beach with its saw removed is described as ""cruel"" and ""trophy hunting"".",https://www.abc.net.au/news/2025-11-12/sawfish-found-dead-with-rostrum-cut-off-port-hedland/105999948,https://live-production.wcms.abc-cdn.net.au/37d7a08aefdfddd7a313f5aa9eb321a2?impolicy=wcms_watermark_news&cropH=720&cropW=1280&xPos=0&yPos=280&width=862&height=485&imformat=generic,,"A sawfish found dead in Port Hedland with its rostrum, or ""saw"", cut off has sparked anger in the community. 
A video posted to social media showed the fish on the beach, missing its signature saw.
… [+2764 chars]",,"„Grausame“ Entfernung des Sägefisch-Podiums, vergleichbar mit Trophäenjagd-Nashornhörnern. Ein Video, das einen vom Aussterben bedrohten Sägefisch zeigt, der tot am Strand liegt und dessen Säge entfernt wurde, wird als „grausam“ und „Trophäenjagd“ beschrieben.","'Cruel' removal of sawfish rostrum likened to trophy hunting rhino horns. A video showing a critically endangered sawfish lying dead on a beach with its saw removed is described as ""cruel"" and ""trophy hunting"".","'Crudelis' depositio serrae rostri assimilatur trophaeo rhinocerotis cornibus venantibus. Video monstrans criticum periclitetur serratim mortuum in litore iacentem cum suo serra remotum esse describitur ""crudelis"" et ""trophaeum venationis"".",2025-10-22 14:44:35+00:00
07671c832fad145dbeb9fc126f680605,2025-11-12T09:26:00Z,'water management',www.globenewswire.com,en,0.1,"Data Center Coolant Distribution Units Research Report 2025-2032: Opportunities in Waste Heat Recovery Systems Integration, Nanofluids and Next-Generation Coolant Innovations, AI-Based Optimization","The global data center coolant distribution units market is set to soar from USD 1.05 billion in 2025 to USD 7.74 billion by 2032, achieving a CAGR of 33.0%. Essential for liquid cooling, these units support precision cooling and energy optimization, fueling …",https://www.globenewswire.com/news-release/2025/11/12/3185952/28124/en/Data-Center-Coolant-Distribution-Units-Research-Report-2025-2032-Opportunities-in-Waste-Heat-Recovery-Systems-Integration-Nanofluids-and-Next-Generation-Coolant-Innovations-AI-Base.html,https://ml.globenewswire.com/Resource/Download/908fb457-7f8e-4a08-9081-5565e3dfb3d7,,"Dublin, Nov. 12, 2025 (GLOBE NEWSWIRE) -- The ""Data Center Coolant Distribution Units Market by Type (In-Row, In-Rack, FDU), Cooling Type (Direct to Chip Cooling, Immersion Cooling), End User (Coloca… [+10456 chars]",,"Forschungsbericht zu Kühlmittelverteilungseinheiten für Rechenzentren 2025–2032: Chancen bei der Integration von Abwärmerückgewinnungssystemen, Nanoflüssigkeiten und Kühlmittelinnovationen der nächsten Generation, KI-basierte Optimierung. Der weltweite Markt für Kühlmittelverteilungseinheiten für Rechenzentren soll von 1,05 Milliarden US-Dollar im Jahr 2025 auf 7,74 Milliarden US-Dollar im Jahr 2032 ansteigen und eine jährliche Wachstumsrate von 33,0 % erreichen. Diese Einheiten sind für die Flüssigkeitskühlung unerlässlich und unterstützen die Präzisionskühlung und Energieoptimierung sowie die Betankung …","Data Center Coolant Distribution Units Research Report 2025-2032: Opportunities in Waste Heat Recovery Systems Integration, Nanofluids and Next-Generation Coolant Innovations, AI-Based Optimization. The global data center coolant distribution units market is set to soar from USD 1.05 billion in 2025 to USD 7.74 billion by 2032, achieving a CAGR of 33.0%. Essential for liquid cooling, these units support precision cooling and energy optimization, fueling …","Data Centre Coolant Distribution Unitates Research Report 2025-2032: Opportunitates in Vasto Calore Recuperationis Systemata Integration, Nanofluides et Postera Generatio Coolant Innovationes, AI-Ex Optimization. Centrum notitiarum globalis distributio unitatis mercaturae ab USD 1.05 sescenti 2025 ad USD 7.74 sescenti ab 2032 escendere constituit, assequendum CAGR de 33.0%. Essential ad refrigerationem liquidam, hae unitates subtilitatem refrigerandi et energiae optimiizationis sustentant, demumque.",2025-10-22 14:44:35+00:00
a6f8c60990303a03446b532b5ab05fc6,2025-11-12T09:57:17Z,'water management',www.thehindubusinessline.com,en,0.1,Va Tech WABAG commits first investment under Blue Seed start-up programme,"WABAG has invested in Nimble Vision, a Bengaluru-based start-up developing advanced indigenous DeepTech solutions for water conservation, automation, and real-time analytics",https://www.thehindubusinessline.com/info-tech/va-tech-wabag-commits-first-investment-under-start-up-investment-programme/article70270593.ece,https://bl-i.thgim.com/public/incoming/t7twv3/article70270615.ece/alternates/LANDSCAPE_1200/IMG_WhatsApp_Image_2023-_2_1_35B2AQQA.jpg,,"Va Tech WABAG, a pure-play water technology company has made its first investment commitment under its Blue Seed investment programme. WABAG has invested in Nimble Vision, a Bengaluru-based start-up … [+1126 chars]",,"Va Tech WABAG tätigt erste Investition im Rahmen des Blue Seed-Startup-Programms. WABAG hat in Nimble Vision investiert, ein in Bengaluru ansässiges Start-up, das fortschrittliche einheimische DeepTech-Lösungen für Wassereinsparung, Automatisierung und Echtzeitanalysen entwickelt","Va Tech WABAG commits first investment under Blue Seed start-up programme. WABAG has invested in Nimble Vision, a Bengaluru-based start-up developing advanced indigenous DeepTech solutions for water conservation, automation, and real-time analytics","Va Tech WABAG primam obsidionem sub Blue Semen satus-usque programmatis committit. WABAG in visione perniciosa collocavit, Bengaluru-substructio in initio progressus indigenarum solutionum DeepTech pro aqua conservatione, automatione, et analytica reali temporis collocavit.",2025-10-22 14:44:35+00:00
d9aba0be4da260a298993e05f0493115,2025-11-12T10:00:00Z,'water management',www.globenewswire.com,en,0.1,LoRa Alliance® Highlights How LoRaWAN® Technology is Powering Europe’s Digital Energy Transition at Enlit Europe 2025,LoRa Alliance returns to Enlit Europe 2025 with 30+ members showcasing LoRaWAN® innovations driving energy and smart infrastructure modernization.......,https://www.globenewswire.com/news-release/2025/11/12/3185966/0/en/LoRa-Alliance-Highlights-How-LoRaWAN-Technology-is-Powering-Europe-s-Digital-Energy-Transition-at-Enlit-Europe-2025.html,https://ml.globenewswire.com/Resource/Download/aad3931f-9040-456d-808b-44a6357a8643,,"FREMONT, Calif., Nov. 12, 2025 (GLOBE NEWSWIRE) -- The LoRa Alliance®, the global association of companies backing the open LoRaWAN® standard for internet of things (IoT) low-power wide-area networks… [+7988 chars]",,"LoRa Alliance® hebt auf der Enlit Europe 2025 hervor, wie die LoRaWAN®-Technologie Europas digitale Energiewende vorantreibt. Die LoRa Alliance kehrt mit mehr als 30 Mitgliedern zur Enlit Europe 2025 zurück und präsentiert LoRaWAN®-Innovationen, die die Modernisierung von Energie und intelligenter Infrastruktur vorantreiben.",LoRa Alliance® Highlights How LoRaWAN® Technology is Powering Europe’s Digital Energy Transition at Enlit Europe 2025. LoRa Alliance returns to Enlit Europe 2025 with 30+ members showcasing LoRaWAN® innovations driving energy and smart infrastructure modernization.......,LoRa Alliance® Highlights How LoRaWAN® Technology is Powering Europe's Digital Energy Transition at Enlit Europe 2025. LoRa Alliance returns to Enlit Europe 2025 with 30+ members showcasing LoRaWAN® innovationes energiam et captiosam infrastructuram modernizationis .......,2025-10-22 14:44:35+00:00
6d0204cb3c74c0d975dd74a1ec38dd31,2025-11-12T11:00:22Z,'water management',www.gov.uk,en,0.1,Derailment of a passenger train at Shap,"Investigation into the derailment of a passenger train at Shap, Cumbria, 3 November 2025.",https://www.gov.uk/government/news/derailment-of-a-passenger-train-at-shap,https://www.gov.uk/assets/frontend/govuk-opengraph-image-4196a4d6333cf92aaf720047f56cfd91b3532d7635fc21ebcf0d5897df6b5f77.png,http://web.archive.org/web/20251113091535/https://www.gov.uk/government/news/derailment-of-a-passenger-train-at-shap,"At around 06:10 on 3 November 2025, a passenger train travelling from Glasgow Central to London Euston derailed after striking a landslip around 3 miles (5 km) south of Shap, Cumbria. The train was t… [+1625 chars]",,"Entgleisung eines Personenzuges in Shap. Untersuchung der Entgleisung eines Personenzuges in Shap, Cumbria, 3. November 2025.","Derailment of a passenger train at Shap. Investigation into the derailment of a passenger train at Shap, Cumbria, 3 November 2025.","Derailment of a vectore train ad Shap. Investigatio in derailtationem traminis vectoris apud Shap, Cumbria, die 3 mensis Novembris anno 2025 .",2025-10-22 14:44:35+00:00
9bc135dae050a3c7206f6e2ccd1297ac,2025-11-12T11:01:00Z,'water management',en.protothema.gr,en,0.1,Stournaras: “Triple dividend” from adapting to climate change,"The Governor of the Bank of Greece, Yannis Stournaras, highlighted the “triple dividend” of tackling the climate crisis at the 1st Helleno-German Sustainability Forum, *“NEW World – NEW Sustainable Policy,”* held at the Stavros Niarchos Foundation Cultural Ce…",https://en.protothema.gr/2025/11/12/stournaras-triple-dividend-from-adapting-to-climate-change/,https://en.protothema.gr/wp-content/uploads/2025/11/Screenshot-2025-11-12-at-1.00.23-PM.png,,"Citing a study, Stournaras noted that for every dollar invested in climate adaptation, the benefit over a decade was ten dollars a tenfold return.
The head of the Bank of Greece highlighted three ke… [+7007 chars]",,"Stournaras: „Dreifache Dividende“ durch die Anpassung an den Klimawandel. Der Gouverneur der Bank von Griechenland, Yannis Stournaras, hob die „dreifache Dividende“ der Bewältigung der Klimakrise beim 1. Hellenisch-Deutschen Nachhaltigkeitsforum „NEW World – NEW Sustainable Policy“* hervor, das im Kulturzentrum der Stavros Niarchos Foundation stattfand.","Stournaras: “Triple dividend” from adapting to climate change. The Governor of the Bank of Greece, Yannis Stournaras, highlighted the “triple dividend” of tackling the climate crisis at the 1st Helleno-German Sustainability Forum, *“NEW World – NEW Sustainable Policy,”* held at the Stavros Niarchos Foundation Cultural Ce…","Stournaras: ""Triplex dividendum"" ex adaptatione ad mutationem climatis. Gubernator Ripae Graeciae, Yannis Stournaras illustravit ""triplex dividendi"" armandi discriminis climatis in 1 foro Helleno-Germanico sustentabilitatis, *""Novi Mundi - Novae Sustainable Policy"" apud Stavros Niarchos Foundation culturale Ce…",2025-10-22 14:44:35+00:00
ed6bc3242b171ba5a84fdc9214cdb5a7,2025-11-12T11:15:12Z,'water management',www.hospitalitynet.org,en,0.1,"Influencer discussions on AI bubble surge 200% on X as concerns grow over massive investments, reveals GlobalData","Discussions of the ‘AI Bubble’ among social media influencers surged in October 2025, increasing by almost 200% on platform ‘X’ compared to the previous month. This dramatic escalation was fueled by growing concerns over the sustainability of massive investme…",https://www.hospitalitynet.org/news/4129747.html,https://www.hospitalitynet.org/HN-icon.jpg,,"Discussions of the AI Bubble among social media influencers surged in October 2025, increasing by almost 200% on platform X compared to the previous month. This dramatic escalation was fueled by grow… [+3126 chars]",,"Influencer-Diskussionen über die KI-Blase nehmen auf X um 200 % zu, da die Besorgnis über massive Investitionen zunimmt, verrät GlobalData. Die Diskussionen über die „KI-Blase“ unter Social-Media-Influencern nahmen im Oktober 2025 stark zu und stiegen auf der Plattform „X“ im Vergleich zum Vormonat um fast 200 %. Diese dramatische Eskalation wurde durch wachsende Bedenken hinsichtlich der Nachhaltigkeit massiver Investitionen angeheizt.","Influencer discussions on AI bubble surge 200% on X as concerns grow over massive investments, reveals GlobalData. Discussions of the ‘AI Bubble’ among social media influencers surged in October 2025, increasing by almost 200% on platform ‘X’ compared to the previous month. This dramatic escalation was fueled by growing concerns over the sustainability of massive investme…","Disputationes influentes de AI bullae assurgat 200% in X quod de rebus in ingentes collocationibus crescant, GlobalData revelat. Discussiones de 'AI Bubble' inter influxores instrumentorum sociales mense Octobri 2025 agebantur, crescentibus prope CC% in suggestu 'X' priori mense comparati. Haec propagationis dramatica cibus est, curas augendo super sustineri molem obsidionis...",2025-10-22 14:44:35+00:00
5a764a77061d16d17219c32c23f21f45,2025-11-12T11:20:00Z,'water management',www.globenewswire.com,en,0.1,"North America and European Smart Homes and Home Automation Research Report 2025: A $155+ Billion Market by 2029 - Growth Opportunities in Security, Energy Management, and Connected Devices","The smart home market presents growth opportunities in security, energy management, and connected devices, driven by consumer demand for convenience and energy savings. North America leads in adoption, with Europe rising. Connectivity as a standard feature is…",https://www.globenewswire.com/news-release/2025/11/12/3186020/28124/en/North-America-and-European-Smart-Homes-and-Home-Automation-Research-Report-2025-A-155-Billion-Market-by-2029-Growth-Opportunities-in-Security-Energy-Management-and-Connected-Device.html,https://ml.globenewswire.com/Resource/Download/908fb457-7f8e-4a08-9081-5565e3dfb3d7,,"Dublin, Nov. 12, 2025 (GLOBE NEWSWIRE) -- The ""Smart Homes and Home Automation - 12th Edition"" report has been added to ResearchAndMarkets.com's offering.
The outlook for the smart home market in th… [+10868 chars]",,"Forschungsbericht 2025 zu Smart Homes und Hausautomation in Nordamerika und Europa: Ein Markt von über 155 Milliarden US-Dollar bis 2029 – Wachstumschancen in den Bereichen Sicherheit, Energiemanagement und vernetzte Geräte. Der Smart-Home-Markt bietet Wachstumschancen in den Bereichen Sicherheit, Energiemanagement und vernetzte Geräte, angetrieben durch die Nachfrage der Verbraucher nach Komfort und Energieeinsparungen. Nordamerika ist bei der Akzeptanz führend, Europa nimmt zu. Konnektivität als Standardfunktion ist…","North America and European Smart Homes and Home Automation Research Report 2025: A $155+ Billion Market by 2029 - Growth Opportunities in Security, Energy Management, and Connected Devices. The smart home market presents growth opportunities in security, energy management, and connected devices, driven by consumer demand for convenience and energy savings. North America leads in adoption, with Europe rising. Connectivity as a standard feature is…","America Septentrionalis et Europae Smart Homes et Domus Automation Research Report 2025: A $155+ Billion Market by 2029 - Augmentum Opportunitates in Securitate, Energy Procuratio, et Connexae machinis. Dolor domi mercatus dat occasiones incrementi securitatis, administrationis industriae, et connexorum machinarum, quae postulatio commoditatis et industriae peculi acti sunt. America septentrionalis in adoptionem ducit, cum Europa oritur. Connectivity as a vexillum pluma est…",2025-10-22 14:44:35+00:00
af4d5d078f716c0a22d025c3e72441ec,2025-11-12T11:33:52Z,'water management',en.protothema.gr,en,0.1,Public health of the future requires harmony with the environment – A professor explains,"How public health and sound environmental practices can protect our lives and improve our quality of everyday living
The post Public health of the future requires harmony with the environment – A professor explains appeared first on ProtoThema English.",https://en.protothema.gr/2025/11/12/public-health-of-the-future-requires-harmony-with-the-environment-a-professor-explains/,https://en.protothema.gr/wp-content/uploads/2025/11/Screenshot-2025-11-12-at-1.33.19-PM.png,,"Health is not limited to the absence of disease, nor to the healthcare systems we visit when we fall ill. In reality, public health depends largely on the environment in which we live the air we brea… [+4622 chars]",,"Die öffentliche Gesundheit der Zukunft erfordert Harmonie mit der Umwelt – erklärt ein Professor. Wie öffentliche Gesundheit und vernünftige Umweltpraktiken unser Leben schützen und unsere Lebensqualität verbessern können
Der Beitrag „Die öffentliche Gesundheit der Zukunft erfordert Harmonie mit der Umwelt – Ein Professor erklärt“ erschien zuerst auf ProtoThema English.","Public health of the future requires harmony with the environment – A professor explains. How public health and sound environmental practices can protect our lives and improve our quality of everyday living
The post Public health of the future requires harmony with the environment – A professor explains appeared first on ProtoThema English.","Publica valetudo futuri temporis congruentiam cum ambitu requirit – professor exponit. Ut salus publica et sana exercitia environmental possunt vitam nostram tueri ac qualitatem nostram cotidianae vitae emendare
Post Publica salutem futurae harmoniam cum ambitu requirit – Professor primum apparuit in ProtoThema Anglica.",2025-10-22 14:44:35+00:00
1c7c3c957e3d561afadcdcf2711dcb01,2025-11-12T11:38:55Z,'water management',financialpost.com,en,0.1,"Rupert Resources Reports Results for the Three and Nine Months Ending September 30, 2025","TORONTO — Rupert Resources Ltd (“Rupert” or the “Company”) announces that it has published its unaudited financial results for the three and nine months ending September 30, 2025 and accompanying Management’s Discussion and Analysis for the same period. The a…",https://financialpost.com/pmn/business-wire-news-releases-pmn/rupert-resources-reports-results-for-the-three-and-nine-months-ending-september-30-2025,,,"TORONTO Rupert Resources Ltd (Rupert or the Company) announces that it has published its unaudited financial results for the three and nine months ending September 30, 2025 and accompanying Managemen… [+7841 chars]",,"Rupert Resources gibt Ergebnisse für die drei und neun Monate bis zum 30. September 2025 bekannt. TORONTO – Rupert Resources Ltd („Rupert“ oder das „Unternehmen“) gibt bekannt, dass es seine ungeprüften Finanzergebnisse für die drei und neun Monate bis zum 30. September 2025 und die begleitende Diskussion und Analyse des Managements für denselben Zeitraum veröffentlicht hat. Die a…","Rupert Resources Reports Results for the Three and Nine Months Ending September 30, 2025. TORONTO — Rupert Resources Ltd (“Rupert” or the “Company”) announces that it has published its unaudited financial results for the three and nine months ending September 30, 2025 and accompanying Management’s Discussion and Analysis for the same period. The a…","Rupert Resources Renuntiationes Proventus pro tribus et novem mensibus Ending 30 Septembris 2025. TORONTO - Rupert Resources Ltd (""Rupert"" seu ""Societas"") nuntiat se edidisse suum incomitatum financial eventum tribus et novem mensibus exeuntes 30 Septembris 2025 et comitante Administratione Discussionem et Analysin pro eadem periodo. The a…",2025-10-22 14:44:35+00:00
cc0e8dda24faae0bceaba2d2914b2b1b,2025-11-12T12:27:29Z,'water management',www.hospitalitynet.org,en,0.1,"Same product, same pitch: How to stand out when everyone is selling the same thing","Picture this: You’re standing on the beach in Zanzibar - oh yes, it is another lessons of those. The sun’s out. The sea’s calm. And within seconds, you’re surrounded AND ... everyone selling the same thing.",https://www.hospitalitynet.org/opinion/4129753.html,https://www.hospitalitynet.org/picture/social_153191165.jpg?t=1762950309,,"Picture this: Youre standing on the beach in Zanzibar - oh yes, it is another lessons of those. The suns out. The seas calm. And within seconds, youre surrounded AND ... everyone selling the same thi… [+3683 chars]",,"Gleiches Produkt, gleicher Pitch: So heben Sie sich ab, wenn alle das Gleiche verkaufen. Stellen Sie sich Folgendes vor: Sie stehen am Strand von Sansibar – oh ja, das ist eine weitere Lektion daraus. Die Sonne scheint. Das Meer ist ruhig. Und innerhalb von Sekunden sind Sie umzingelt UND ... jeder verkauft das Gleiche.","Same product, same pitch: How to stand out when everyone is selling the same thing. Picture this: You’re standing on the beach in Zanzibar - oh yes, it is another lessons of those. The sun’s out. The sea’s calm. And within seconds, you’re surrounded AND ... everyone selling the same thing.","Idem, product, same pice: Quam eminere cum quisque vendit idem. Imaginare hoc: in litore in Zanzibar statis - oh immo, alia lectio est eorum. Sol egreditur. Tranquillitas maris. Et infra secundis circumventus es ET ... omnes idem vendentes.",2025-10-22 14:44:35+00:00
0efd19f960fb8bee29acfbea1f9591ed,2025-11-12T12:30:00Z,'water management',www.globenewswire.com,en,0.1,Functional Non-Meat Ingredients Market Size Worth USD 189.72 Billion by 2034 | Towards FnB,"According to Towards FnB, the global functional non-meat ingredients market size is evaluated at USD 126.57 billion in 2025 and is anticipated to surge USD 189.72 billion by 2034, reflecting at a CAGR of 4.6% from 2025 to 2034. This growth trajectory reflects…",https://www.globenewswire.com/news-release/2025/11/12/3186126/0/en/Functional-Non-Meat-Ingredients-Market-Size-Worth-USD-189-72-Billion-by-2034-Towards-FnB.html,https://ml.globenewswire.com/Resource/Download/01eb1f79-0c67-420b-b423-376619f975cd,,"Ottawa, Nov. 12, 2025 (GLOBE NEWSWIRE) -- The global functional non-meat ingredients market size was valued at USD 121 billion in 2024 and is anticipated to increase from USD 126.57 billion in 2025 t… [+33189 chars]",,"Marktgröße für funktionelle Nichtfleischzutaten im Wert von 189,72 Milliarden US-Dollar bis 2034 | In Richtung FnB. Laut Towards FnB wird die globale Marktgröße für funktionelle Nichtfleischzutaten im Jahr 2025 auf 126,57 Milliarden US-Dollar geschätzt und soll bis 2034 um 189,72 Milliarden US-Dollar ansteigen, was einer durchschnittlichen jährlichen Wachstumsrate von 4,6 % von 2025 bis 2034 entspricht. Dieser Wachstumskurs spiegelt… wider.","Functional Non-Meat Ingredients Market Size Worth USD 189.72 Billion by 2034 | Towards FnB. According to Towards FnB, the global functional non-meat ingredients market size is evaluated at USD 126.57 billion in 2025 and is anticipated to surge USD 189.72 billion by 2034, reflecting at a CAGR of 4.6% from 2025 to 2034. This growth trajectory reflects…","Functional Non-Meat Ingredients Market Size Worth USD 189.72 Billion ab 2034 | * ad FnB. Secundum ad FnB, operando globalem ingredientia non-escam molem mercatus in USD 126,57 sescenti 2025 aestimatur, et USD 189,72 sescenti ab 2034 assurgere praecipitur, cogitans ad CAGR de 4.6% ab 2025 ad 2034. Haec incrementa trajectoriam reflectit...",2025-10-22 14:44:35+00:00
f48903c9523545c5c0177d662943294f,2025-11-12T12:45:25Z,'water management',agwired.com,en,0.1,Syngenta Turns 25,"Syngenta is celebrating its 25th anniversary this month, created in 2000 with the merger of Novartis and AstraZeneca, and built on a legacy extending back more than 250 years to the Swiss chemical company Geigy founded in 1758. Today, Syngenta Crop Protection…",https://agwired.com/2025/11/12/syngenta-looks-at-25/,http://agwired.com/wp-content/uploads/2016/09/AW-agwired-alpha-full-color.png,,"Syngenta is celebrating its 25th anniversary this month, created in 2000 with the merger of Novartis and AstraZeneca, and built on a legacy extending back more than 250 years to the Swiss chemical co… [+1595 chars]",,"Syngenta wird 25. Syngenta feiert diesen Monat sein 25-jähriges Jubiläum. Das Unternehmen wurde im Jahr 2000 durch die Fusion von Novartis und AstraZeneca gegründet und baut auf einem Erbe auf, das mehr als 250 Jahre bis zum 1758 gegründeten Schweizer Chemieunternehmen Geigy zurückreicht. Heute ist Syngenta Crop Protection…","Syngenta Turns 25. Syngenta is celebrating its 25th anniversary this month, created in 2000 with the merger of Novartis and AstraZeneca, and built on a legacy extending back more than 250 years to the Swiss chemical company Geigy founded in 1758. Today, Syngenta Crop Protection…","Syngenta Turs 25. Syngenta suum 25th anniversarium celebrat hoc mense, anno 2000 cum merger Novartis et AstraZeneca conditum, et plus quam 250 annos ad Helvetios chemicum comitatum Geigy conditum.",2025-10-22 14:44:35+00:00
25bf16bd083c07913e95d336b3f0ac82,2025-11-12T12:46:48Z,'water management',www.resilience.org,en,0.1,"Labour, capital, and the ‘free gifts of nature’","Political economists of the eighteenth and nineteenth century employed a curious phrase to denote the source of wealth at the base of the economy: the “free gifts of nature.” Alyssa Battistoni, a political science professor at Barnard College, believes that c…",https://www.resilience.org/stories/2025-11-12/labour-capital-and-the-free-gifts-of-nature/,https://www.resilience.org/wp-content/uploads/2025/11/Uranium_mining–Colorado.jpg,,"Political economists of the eighteenth and nineteenth century employed a curious phrase to denote the source of wealth at the base of the economy: the free gifts of nature.
Alyssa Battistoni, a poli… [+9201 chars]",,"Arbeit, Kapital und die „kostenlosen Gaben der Natur“. Politische Ökonomen des 18. und 19. Jahrhunderts verwendeten einen merkwürdigen Ausdruck, um die Quelle des Reichtums auf der Grundlage der Wirtschaft zu bezeichnen: die „kostenlosen Gaben der Natur“. Alyssa Battistoni, Professorin für Politikwissenschaft am Barnard College, glaubt, dass c…","Labour, capital, and the ‘free gifts of nature’. Political economists of the eighteenth and nineteenth century employed a curious phrase to denote the source of wealth at the base of the economy: the “free gifts of nature.” Alyssa Battistoni, a political science professor at Barnard College, believes that c…","Labor, capitale, et 'libera naturae dona'. Oeconomus politici saeculi XVIII et XIX curiosam locutionem adhibebat ad significandum fontem divitiarum in basi oeconomiae: ""gratia naturae"". Alyssa Battistoni, scientiarum politicarum professor in Collegio Barnardo, credit c...",2025-10-22 14:44:35+00:00
c03545718b3abc1f050a6cebcb713ee8,2025-11-12T13:10:54Z,'water management',freerepublic.com,en,0.1,Eyesore of the Month - November 2025 | Eyesore,"Behold, the “Sky Stadium” announced by the Kingdom of Saudi Arabia as the latest jazzy edition to their utopian “smart city” project known as The Line or NEOM — an $8-trillion, 105-mile-long megastructure composed of two 1640-foot-high mirrored slabs that enc…",https://freerepublic.com/focus/f-chat/4352087/posts,,,"Skip to comments.
Eyesore of the Month - November 2025 | EyesoreKunstler.com - https://www.kunstler.com/p/november-2025-eyesore ^
 | 9 Nov, 2025
 | James Howard Kunstler
Posted on 11/12/2025 5:10… [+3939 chars]",,"Schandfleck des Monats – November 2025 | Schandfleck. Schauen Sie sich das „Sky Stadium“ an, das das Königreich Saudi-Arabien als neueste jazzige Ausgabe seines utopischen „Smart City“-Projekts namens The Line oder NEOM angekündigt hat – eine 8 Billionen US-Dollar teure, 105 Meilen lange Megastruktur, die aus zwei 1640 Fuß hohen Spiegelplatten besteht, die …","Eyesore of the Month - November 2025 | Eyesore. Behold, the “Sky Stadium” announced by the Kingdom of Saudi Arabia as the latest jazzy edition to their utopian “smart city” project known as The Line or NEOM — an $8-trillion, 105-mile-long megastructure composed of two 1640-foot-high mirrored slabs that enc…","Oculus Mensis - November 2025 | Eyesore. Ecce ""Stadium caelum"" a Regno Arabiae Saudianae annuntiatum ut novissimam jazzy editionem suam utopian ""urbem callidi"" notam ut Linea seu NEOM - an $8-trillion, 105 megastructuram longam megastructuram ex duabus 1640 peditibus altae tabulae speculativae quae en…",2025-10-22 14:44:35+00:00
5f1fb84b5c6f85e82bc40abb24bdd54b,2025-11-12T13:30:00Z,'water management',www.globenewswire.com,en,0.1,Eagle Energy Metals Reports Positive Metallurgical Optimization Results for its Aurora Uranium Project,Uranium recoveries in the high-80-percent range and lower processing costs strengthen the Aurora Project and support Eagle’s growth into a leading domestic supplier of nuclear power Uranium recoveries in the high-80-percent range and lower processing costs st…,https://www.globenewswire.com/news-release/2025/11/12/3186255/0/en/Eagle-Energy-Metals-Reports-Positive-Metallurgical-Optimization-Results-for-its-Aurora-Uranium-Project.html,https://ml.globenewswire.com/Resource/Download/bf2bb454-5e96-4ce8-8c63-09cfde9ca9f2,,"RENO, Nev., Nov. 12, 2025 (GLOBE NEWSWIRE) -- Eagle Energy Metals Corp. (Eagle or the Company), a next-generation nuclear energy company with rights to the largest, measured and indicated uranium dep… [+18303 chars]",,Eagle Energy Metals meldet positive metallurgische Optimierungsergebnisse für sein Uranprojekt Aurora. Uranausbeuten im hohen Bereich von 80 Prozent und niedrigere Verarbeitungskosten stärken das Aurora-Projekt und unterstützen Eagles Wachstum zu einem führenden inländischen Anbieter von Kernenergie. Uranausbeute im Bereich von hohen 80 Prozent und niedrigere Verarbeitungskosten …,Eagle Energy Metals Reports Positive Metallurgical Optimization Results for its Aurora Uranium Project. Uranium recoveries in the high-80-percent range and lower processing costs strengthen the Aurora Project and support Eagle’s growth into a leading domestic supplier of nuclear power Uranium recoveries in the high-80-percent range and lower processing costs st…,Aquila Energy Metals Renuntiationes Positive Metallurgical Optimization Proventus pro Aurora Uranium suum Project. Uranium recuperationes in summo-80-sentio range et inferiores processus gratuita confirma Auroram Project et aquilae incrementum sustinent in principalem domesticum supplementum potentiae nuclearis Uranium recuperationum in summo 80-cento range et inferiores processus sumptibus st…,2025-10-22 14:44:35+00:00
496ac11ada7dd452d268ae1daca0da32,2025-11-12T13:30:00Z,'water management',www.allaboutthejersey.com,en,0.1,"The NHL has a Problem Keeping Players Healthy, and They Owe It To Their Fans To Try To Do Something To Address It",The rash of injuries around the league isn’t a Devils problem. It’s a league problem. And they need to do something.,https://www.allaboutthejersey.com/devils-injury-report/62837/the-nhl-has-a-problem-keeping-players-healthy-and-they-owe-it-to-their-fans-to-try-to-do-something-to-address-it,https://platform.allaboutthejersey.com/wp-content/uploads/sites/6/chorus/uploads/chorus_asset/file/26018129/2211366386.jpg?quality=90&strip=all&crop=0%2C10.737892056687%2C100%2C78.524215886627&w=1200,,"There was one line from Elliotte Friedmans most recent 32 Thoughts column that caught my attention this week.
I dont have an answer for this, but there is a lot of concern about all of the injuries.… [+24284 chars]",,"Die NHL hat ein Problem damit, ihre Spieler gesund zu halten, und sie ist es ihren Fans schuldig, etwas dagegen zu unternehmen. Die Verletzungshäufigkeit in der gesamten Liga ist kein Problem der Devils. Es ist ein Ligaproblem. Und sie müssen etwas tun.","The NHL has a Problem Keeping Players Healthy, and They Owe It To Their Fans To Try To Do Something To Address It. The rash of injuries around the league isn’t a Devils problem. It’s a league problem. And they need to do something.","The NHL has a problem Keeping Players Healthy, and they debere fans To try to something to address it. Temeritas iniuriarum circa foedus diaboli problema non est. Problema foedus est. Facere aliquid et necessitatibus.",2025-10-22 14:44:35+00:00
e05e3eb455a4a430f5de5750887e9ffe,2025-11-12T13:30:00Z,'water management',www.globenewswire.com,en,0.1,The Clean Energy Breakthrough That Could Power the AI Era,"This article has been disseminated on behalf of MAX Power Mining Corp. and may include a paid advertisement  AUSTIN, Texas, Nov.  12, 2025  (GLOBE......",https://www.globenewswire.com/news-release/2025/11/12/3186251/0/en/The-Clean-Energy-Breakthrough-That-Could-Power-the-AI-Era.html,https://ml.globenewswire.com/Resource/Download/70d66aad-0167-4711-8d11-a1a166c273aa,,"This article has been disseminated on behalf of MAX Power Mining Corp. and may include a paid advertisement
AUSTIN, Texas, Nov. 12, 2025 (GLOBE NEWSWIRE) -- NetworkNewsWire Editorial Coverage: Artif… [+19709 chars]",,"Der Durchbruch bei sauberer Energie, der das KI-Zeitalter vorantreiben könnte. Dieser Artikel wurde im Namen von MAX Power Mining Corp. verbreitet und kann eine bezahlte Werbung enthalten. AUSTIN, Texas, 12. November 2025 (GLOBE......","The Clean Energy Breakthrough That Could Power the AI Era. This article has been disseminated on behalf of MAX Power Mining Corp. and may include a paid advertisement  AUSTIN, Texas, Nov.  12, 2025  (GLOBE......","Clean Energy Breakthrough That Could Power the AI ​​Era. Articulus hic pro MAX Power Mining Corp. disseminatus est, et potest includere solutionem tabulae AUSTINI, Texas, die 12 novembris 2025 (GLOBE .......",2025-10-22 14:44:35+00:00
f92e36f045b8454c5d2bfeaf7083b351,2025-11-12T13:30:40Z,'water management',financialpost.com,en,0.1,Eagle Energy Metals Reports Positive Metallurgical Optimization Results for its Aurora Uranium Project,"Uranium recoveries in the high-80-percent range and lower processing costs strengthen the Aurora Project and support Eagle’s growth into a leading domestic supplier of nuclear power RENO, Nev., Nov. 12, 2025 (GLOBE NEWSWIRE) — Eagle Energy Metals Corp. (“Eagl…",https://financialpost.com/globe-newswire/eagle-energy-metals-reports-positive-metallurgical-optimization-results-for-its-aurora-uranium-project,,,Eagle will continue working closely with Aurora Energy as the Project advances toward the next phase of technical and economic studies. The optimization results reinforce Eagles long-term vision to d… [+10974 chars],,"Eagle Energy Metals meldet positive metallurgische Optimierungsergebnisse für sein Uranprojekt Aurora. Uranausbeuten im hohen Bereich von 80 Prozent und niedrigere Verarbeitungskosten stärken das Aurora-Projekt und unterstützen Eagles Wachstum zu einem führenden inländischen Anbieter von Kernenergie RENO, Nevada, 12. November 2025 (GLOBE NEWSWIRE) – Eagle Energy Metals Corp. („Eagl…","Eagle Energy Metals Reports Positive Metallurgical Optimization Results for its Aurora Uranium Project. Uranium recoveries in the high-80-percent range and lower processing costs strengthen the Aurora Project and support Eagle’s growth into a leading domestic supplier of nuclear power RENO, Nev., Nov. 12, 2025 (GLOBE NEWSWIRE) — Eagle Energy Metals Corp. (“Eagl…","Aquila Energy Metals Renuntiationes Positive Metallurgical Optimization Proventus pro Aurora Uranium suum Project. Uranium recuperationes in summo 80-sentio range et inferiores processus gratuita confirma Aurorae Project et Aquilae incrementum sustinent in ducens domesticum supplementum potentiae nuclei RENO, Nev., 12 Nov. 2025 (GLOBE NEWSWIRE) — Aquila Energy Metallorum Corp. (“Eagl...",2025-10-22 14:44:35+00:00
8bdbc8f848900f819af622d255f1bb68,2025-11-12T13:31:40Z,'water management',economictimes.indiatimes.com,en,0.1,"Jitendra Singh calls for India-Mauritius cooperation in 'Blue Economy', ocean technologies","Cooperation between the two countries spans infrastructure, education, maritime security, and skill development, he said. Singh said the ongoing collaboration in civil service capacity building represents a ""fruitful investment in future governance,"" one that…",https://economictimes.indiatimes.com/news/economy/foreign-trade/jitendra-singh-calls-for-india-mauritius-cooperation-in-blue-economy-ocean-technologies/articleshow/125276108.cms,"https://img.etimg.com/thumb/msid-125276158,width-1200,height-630,imgsize-119238,overlay-economictimes/articleshow.jpg",,"India's vast experience in marine resource management and ocean-based technologies could play a pivotal role in supporting Mauritius's development goals, Union Minister Jitendra Singh said on Wednesd… [+1741 chars]",,"Jitendra Singh fordert eine Zusammenarbeit zwischen Indien und Mauritius im Bereich „Blue Economy“ und Meerestechnologien. Die Zusammenarbeit zwischen den beiden Ländern umfasst Infrastruktur, Bildung, maritime Sicherheit und Kompetenzentwicklung, sagte er. Singh sagte, die laufende Zusammenarbeit beim Kapazitätsaufbau im öffentlichen Dienst stelle eine „fruchtbare Investition in die zukünftige Regierungsführung“ dar, eine, die…","Jitendra Singh calls for India-Mauritius cooperation in 'Blue Economy', ocean technologies. Cooperation between the two countries spans infrastructure, education, maritime security, and skill development, he said. Singh said the ongoing collaboration in civil service capacity building represents a ""fruitful investment in future governance,"" one that…","Jitendra Singh vocat cooperationem Indiae-Mauritii in 'Economy', technologia oceanica. Cooperatio inter duas regiones palmorum infrastructuram, educationem, securitatem maritimam et peritiam progressus dixit. Singh dixit permanentem cooperationem in civili servitio capacitatis aedificationis repraesentat ""obsesionem fructualem in futuro regimine"", unam quae ...",2025-10-22 14:44:35+00:00
8cf74aec5e1f7c64122921255c6852ea,2025-11-12T13:50:02Z,'water management',www.forbes.com,en,0.1,PPA Teams Up With Veolia To Tackle Sustainability In Pickleball,Veolia is the Professional Pickleball Association's official sustainability partner. It's helping pickleball find solutions to limit its environmental impact as it grows,https://www.forbes.com/sites/vitascarosella/2025/11/12/ppa-teams-up-with-veolia-to-tackle-sustainability-in-pickleball/,https://imageio.forbes.com/specials-images/imageserve/69148db3c0f6f2604779f93c/0x0.jpg?format=jpg&height=900&width=1600&fit=bounds,,"The Professional Pickleball Association hosts the nation's premier pickleball tournaments, for professionals and amateurs. As it grows the sport across the U.S. it is trying to improve its environmen… [+8715 chars]",,"PPA arbeitet mit Veolia zusammen, um Nachhaltigkeit im Pickleball anzugehen. Veolia ist der offizielle Nachhaltigkeitspartner der Professional Pickleball Association. Es hilft Pickleball dabei, Lösungen zu finden, um seine Umweltauswirkungen während seines Wachstums zu begrenzen",PPA Teams Up With Veolia To Tackle Sustainability In Pickleball. Veolia is the Professional Pickleball Association's official sustainability partner. It's helping pickleball find solutions to limit its environmental impact as it grows,PPA Teams Sursum Cum Veolia occupari sustentationem in Pickleball. Veolia est Societas professionalis Pickleball officialis sustinendi particeps. Pickleball solutiones ad circumscribere impulsum environmental adiuvat ut adolescit,2025-10-22 14:44:35+00:00
be59b0bfc0b632eca8a7fb3f12d16ade,2025-11-12T13:52:52Z,'water management',finance.yahoo.com,en,0.1,Should You Be Excited About Long-Term Growth Prospects of CRH plc (CRH)?,"Baron Funds, an investment management company, released its “Baron Real Estate Fund” third-quarter 2025 investor letter. A copy of the letter can be...",https://finance.yahoo.com/news/excited-long-term-growth-prospects-135252018.html,https://media.zenfs.com/en/insidermonkey.com/d679f61eec62fd275bd3f4e079c253ee,,"Baron Funds, an investment management company, released its Baron Real Estate Fund third-quarter 2025 investor letter. A copy of the letter can be downloaded here. The fund delivered strong results i… [+1806 chars]",,"Sollten Sie sich über die langfristigen Wachstumsaussichten von CRH plc (CRH) freuen? Baron Funds, eine Investmentverwaltungsgesellschaft, hat ihren Anlegerbrief „Baron Real Estate Fund“ für das dritte Quartal 2025 veröffentlicht. Eine Kopie des Briefes kann...","Should You Be Excited About Long-Term Growth Prospects of CRH plc (CRH)?. Baron Funds, an investment management company, released its “Baron Real Estate Fund” third-quarter 2025 investor letter. A copy of the letter can be...","Excitari debes de Long-Term Augmentum Prospectus CRH plc (CRH)?. Baron Funds, societas administrationis obsidendi, suum ""Fundi Baronis Real Estate"" tertia-quarta 2025 litteras collocatoris dimisit. Exemplar epistolae potest esse...",2025-10-22 14:44:35+00:00
9e33e5c2189beabdbc958bf3be1c0498,2025-11-12T13:56:26Z,'water management',nep123.com,en,0.1,Nepali Scientists Shine Globally,31 Nepalese Scientists Recognized in Global Ranking of Top Scientists! Great news for the scientific community in Nepal! Thirty-one scientists working in Nepal have been included in the prestigious annual ‘Global Ranking’ prepared by Stanford University in co…,https://nep123.com/nepali-scientists-shine-globally/,https://nep123.com/wp-content/uploads/2025/09/basantapur_featured.jpg,,"31 Nepalese Scientists Recognized in Global Ranking of Top Scientists!
Great news for the scientific community in Nepal! Thirty-one scientists working in Nepal have been included in the prestigious … [+2721 chars]",,"Nepalesische Wissenschaftler glänzen weltweit. 31 nepalesische Wissenschaftler im weltweiten Ranking der Top-Wissenschaftler ausgezeichnet! Tolle Neuigkeiten für die wissenschaftliche Gemeinschaft in Nepal! Einunddreißig in Nepal tätige Wissenschaftler wurden in das prestigeträchtige jährliche „Global Ranking“ aufgenommen, das von der Stanford University in Zusammenarbeit mit… erstellt wurde.",Nepali Scientists Shine Globally. 31 Nepalese Scientists Recognized in Global Ranking of Top Scientists! Great news for the scientific community in Nepal! Thirty-one scientists working in Nepal have been included in the prestigious annual ‘Global Ranking’ prepared by Stanford University in co…,Nepalica Scientistae Globally lucere. 31 Nepalese Scientists Recogniti in Global Ranking of Top Scientists! Magnum nuntium pro communitate scientifica in Nepal! Triginta et una scientiarum quae in Nepalia laborantibus in annui prestigious inclusa sunt 'Global Ranking' a Stanford University in co…parata.,2025-10-22 14:44:35+00:00
c7ae2cad13f81f673c9cc5fa3bfdb920,2025-11-12T14:00:00Z,'water management',journals.plos.org,en,0.1,PIM1 induces hypoxia-related fibroblast senescence in a mouse model of stress urinary incontinence,Objective This study aims to explore the contribution of PIM1 kinase-mediated cellular senescence to the pathogenesis of stress urinary incontinence (SUI) and to assess the therapeutic potential of inhibiting PIM1.   Methods A mouse model of SUI was developed…,https://journals.plos.org/plosone/article?id=10.1371/journal.pone.0335501,https://journals.plos.org/plosone/article/figure/image?id=10.1371/journal.pone.0335501.g009&size=inline,,"Citation: Xiao Y, Chen M, Li L, Chen L, Tian X, Huang X, et al. (2025) PIM1 induces hypoxia-related fibroblast senescence in a mouse model of stress urinary incontinence. PLoS One 20(11):
 e0335501.… [+61944 chars]",,"PIM1 induziert in einem Mausmodell für Stressharninkontinenz eine hypoxiebedingte Seneszenz von Fibroblasten. Ziel dieser Studie ist es, den Beitrag der PIM1-Kinase-vermittelten zellulären Seneszenz zur Pathogenese der Stressharninkontinenz (SUI) zu untersuchen und das therapeutische Potenzial der Hemmung von PIM1 zu bewerten.   Methoden Ein Mausmodell von SUI wurde entwickelt…",PIM1 induces hypoxia-related fibroblast senescence in a mouse model of stress urinary incontinence. Objective This study aims to explore the contribution of PIM1 kinase-mediated cellular senescence to the pathogenesis of stress urinary incontinence (SUI) and to assess the therapeutic potential of inhibiting PIM1.   Methods A mouse model of SUI was developed…,PIM1 hypoxiam fibroblast lucescentiae relatas inducit exemplar muris accentus incontinentiae urinariae. Objective Hoc studium intendit explorare collationem senescentiae cellulosae PIM1 mediatae ad pathogenesis accentus urinae incontinentiae (SUI) et perpendere potentiam therapeuticam inhibitionis PIM1.   Modi Mus exemplar SUI processit…,2025-10-22 14:44:35+00:00
2eab077b844264bd5238f52289604f19,2025-11-12T14:00:00Z,'water management',journals.plos.org,en,0.1,Dominance of Zygosaccharomyces and shifts in bacterial pathways: Effects of antimicrobials on composition and diversity of the Ceratitis capitata bacterial and fungal microbiome,"The Mediterranean fruit fly (Ceratitis capitata Wied.) is an agricultural pest of significant economic importance. This species has been globally managed using the Sterile Insect Technique (SIT). Insects, including tephritid flies, harbor a diverse gut microb…",https://journals.plos.org/plosone/article?id=10.1371/journal.pone.0335811,https://journals.plos.org/plosone/article/figure/image?id=10.1371/journal.pone.0335811.g005&size=inline,,"Abstract
The Mediterranean fruit fly (Ceratitis capitata Wied.) is an agricultural pest of significant economic importance. This species has been globally managed using the Sterile Insect Technique … [+42406 chars]",,"Dominanz von Zygosaccharomyces und Verschiebungen in bakteriellen Signalwegen: Auswirkungen antimikrobieller Mittel auf die Zusammensetzung und Diversität des Bakterien- und Pilzmikrobioms von Ceratitis capitata. Die Mittelmeerfruchtfliege (Ceratitis capitata Wied.) ist ein landwirtschaftlicher Schädling von erheblicher wirtschaftlicher Bedeutung. Diese Art wurde weltweit mit der Sterile Insect Technique (SIT) bekämpft. Insekten, einschließlich Tephritidenfliegen, beherbergen eine vielfältige Darmmikroflora …","Dominance of Zygosaccharomyces and shifts in bacterial pathways: Effects of antimicrobials on composition and diversity of the Ceratitis capitata bacterial and fungal microbiome. The Mediterranean fruit fly (Ceratitis capitata Wied.) is an agricultural pest of significant economic importance. This species has been globally managed using the Sterile Insect Technique (SIT). Insects, including tephritid flies, harbor a diverse gut microb…","Dominatio Zygosaccharomyces et varia in vias bacterial: Effectus antimicrobialium in compositione et diversitate Ceratitis capitatae bacterial et fungal microbiomm. fructus muscae Mediterranei (Ceratitis capitata Wied.) pestis agriculturae est momenti oeconomici significantis. Haec species globally in arte Insectorum Sterilis ars (SIT). Insecta, cum muscis tephritidis inclusis, diversam viscera microb.",2025-10-22 14:44:35+00:00
f275946e7b07bb8a4a3020090d2aabe9,2025-11-12T14:00:00Z,'water management',journals.plos.org,en,0.1,Neglected risks in the Chinese insurers’ misconduct caused by digitalization,"Digital transformation offers opportunities for innovative growth while also introducing emerging risks of misconduct in the insurance industry. This study examines the impact of digital transformation on insurers’ misconduct, focusing on 72 Chinese insurers …",https://journals.plos.org/plosone/article?id=10.1371/journal.pone.0336488,https://journals.plos.org/plosone/article/figure/image?id=10.1371/journal.pone.0336488.t010&size=inline,,"Abstract
Digital transformation offers opportunities for innovative growth while also introducing emerging risks of misconduct in the insurance industry. This study examines the impact of digital tr… [+77077 chars]",,Vernachlässigte Risiken im Fehlverhalten der chinesischen Versicherer durch die Digitalisierung. Die digitale Transformation bietet Chancen für innovatives Wachstum und birgt gleichzeitig neue Risiken für Fehlverhalten in der Versicherungsbranche. Diese Studie untersucht die Auswirkungen der digitalen Transformation auf das Fehlverhalten von Versicherern und konzentriert sich dabei auf 72 chinesische Versicherer …,"Neglected risks in the Chinese insurers’ misconduct caused by digitalization. Digital transformation offers opportunities for innovative growth while also introducing emerging risks of misconduct in the insurance industry. This study examines the impact of digital transformation on insurers’ misconduct, focusing on 72 Chinese insurers …","Periculis neglectus in Insuratoribus Sinensium improbitatis causa digitalization. Digital transmutatio occasiones praebet incrementi incrementi dum etiam pericula proveniens culpae in industria assecurationis introducit. Hoc studium impulsum digitalis mutationis in insurers infortunii examinat, quod in 72 Insurores Sinenses examinat.",2025-10-22 14:44:35+00:00
1de12d0fb8e566a2f84a475b93eb021c,2025-11-12T14:00:00Z,'water management',wattsupwiththat.com,en,0.1,"SPACE.com Swallows Lies that Climate Change Is Making Wildfires Worse, It Isn’t","The underlying study used cherry picked data to claim wildfires were worsening. A review of larger data sets, both location-based historical measurements of wildfire acreage burned and large satellite data sets for recent decades, show the total number of wil…",https://wattsupwiththat.com/2025/11/12/space-com-swallows-lies-that-climate-change-is-making-wildfires-worse-it-isnt/,https://i0.wp.com/wattsupwiththat.com/wp-content/uploads/2024/03/charlesrotter_Texas_Panhandled_wildfires_Picasso_midjourney.webp?fit=1024%2C512&quality=75&ssl=1,,"From ClimateREALISM
By H. Sterling Burnett
SPACE.com ran a story claiming that 2024/2025s wildfires are proof that climate change is making wildfires larger and more severe. This is false. Ground b… [+5986 chars]",,"SPACE.com schluckt Lügen herunter, dass der Klimawandel Waldbrände verschlimmert, aber das ist nicht der Fall. Die zugrunde liegende Studie nutzte ausgewählte Daten, um zu behaupten, dass sich die Waldbrände verschlimmerten. Eine Überprüfung größerer Datensätze, sowohl ortsbezogener historischer Messungen der durch Waldbrände verbrannten Flächen als auch großer Satellitendatensätze der letzten Jahrzehnte, zeigt die Gesamtzahl der Waldbrände.","SPACE.com Swallows Lies that Climate Change Is Making Wildfires Worse, It Isn’t. The underlying study used cherry picked data to claim wildfires were worsening. A review of larger data sets, both location-based historical measurements of wildfire acreage burned and large satellite data sets for recent decades, show the total number of wil…","SPACE.com Hirundines qui Clima Mutationem facit Wildfires Gravius ​​est, Non est. Ratio studio adhibita cerasus lecta notitia ad calumpniandum truculenta augebatur. Recognitio amplioris notitiae copiae, sive locus-substructio mensurarum historicarum ignis acrarum ignitorum et magnarum satellitium notitiarum recentium decenniis ponit, numerum voluntatis ostendit.",2025-10-22 14:44:35+00:00
31c4abb3d3851c301a3bf1d00a0c9e1d,2025-11-12T14:00:00Z,'water management',journals.plos.org,en,0.1,Innovative spectral methods for modeling and enhancing biogas yield from wastewater,The optimization of biogas production from various organic wastes in anaerobic digestion relies on accurate mathematical models. Spectral methods offer a promising analytical approach for modeling process dynamics. This study assesses their performance in pre…,https://journals.plos.org/water/article?id=10.1371/journal.pwat.0000451,https://journals.plos.org/water/article/figure/image?id=10.1371/journal.pwat.0000451.g007&size=inline,,"Abstract
The optimization of biogas production from various organic wastes in anaerobic digestion relies on accurate mathematical models. Spectral methods offer a promising analytical approach for m… [+62477 chars]",,Innovative Spektralmethoden zur Modellierung und Steigerung der Biogasausbeute aus Abwasser. Die Optimierung der Biogasproduktion aus verschiedenen organischen Abfällen bei der anaeroben Vergärung beruht auf genauen mathematischen Modellen. Spektrale Methoden bieten einen vielversprechenden analytischen Ansatz zur Modellierung der Prozessdynamik. In dieser Studie wird ihre Leistung im Vorfeld bewertet.,Innovative spectral methods for modeling and enhancing biogas yield from wastewater. The optimization of biogas production from various organic wastes in anaerobic digestion relies on accurate mathematical models. Spectral methods offer a promising analytical approach for modeling process dynamics. This study assesses their performance in pre…,Innovativi methodi spectralis ad formandum et amplificandum biogas ex wastewater cedunt. Optimization of biogas productio e variis vastitatibus organicis in digestione anaerobic nititur exemplaribus mathematicis accuratis. Methodi spectrales praebent accessum analyticum pollicendo ad processus dynamicas formandas. Hoc studium suum perficiendi in pre… taxat.,2025-10-22 14:44:35+00:00
e12ea57b0ad3379ccee26668cee9986d,2025-11-12T14:00:00Z,'water management',journals.plos.org,en,0.1,Safety and efficacy of quick-soluble gelatin microparticles for transarterial embolization of the lower urinary tract: Preclinical study in a rabbit urinary bladder embolization model,"Quick-soluble gelatin microparticles (QS-GMP) are emerging embolic agents under investigation for temporary vascular occlusion, offering reduced ischemic risk compared to permanent materials. The aim of this preclinical study was to evaluate the safety and ef…",https://journals.plos.org/plosone/article?id=10.1371/journal.pone.0335894,https://journals.plos.org/plosone/article/figure/image?id=10.1371/journal.pone.0335894.g005&size=inline,,"Citation: Jeon S, Kim K, Choe C, Choi J, Lee G, Lee C-D, et al. (2025) Safety and efficacy of quick-soluble gelatin microparticles for transarterial embolization of the lower urinary tract: Preclinic… [+33532 chars]",,"Sicherheit und Wirksamkeit schnelllöslicher Gelatine-Mikropartikel für die transarterielle Embolisation des unteren Harntrakts: Präklinische Studie an einem Harnblasenembolisationsmodell von Kaninchen. Schnell lösliche Gelatine-Mikropartikel (QS-GMP) sind neue Emboliemittel, die für temporäre Gefäßverschlüsse untersucht werden und im Vergleich zu permanenten Materialien ein geringeres ischämisches Risiko bieten. Ziel dieser präklinischen Studie war es, die Sicherheit und Wirksamkeit zu bewerten.","Safety and efficacy of quick-soluble gelatin microparticles for transarterial embolization of the lower urinary tract: Preclinical study in a rabbit urinary bladder embolization model. Quick-soluble gelatin microparticles (QS-GMP) are emerging embolic agents under investigation for temporary vascular occlusion, offering reduced ischemic risk compared to permanent materials. The aim of this preclinical study was to evaluate the safety and ef…","Salus et efficacia microparticulorum gelatinorum vivo-solubilium ad embolizationem transarterial inferioris tractus urinarii: studium preclinicum in embolizationis vesicae urinariae exemplar. Gelatinae microparticulae vivo-solubiles (QS-GMP) oriuntur agentia embolica in investigatione ad occlusionem vascularium temporalem, offerens periculum ischemicum imminutum cum materiis permanentibus comparatum. Finis huius preclinici studii erat aestimare salutem et ef…",2025-10-22 14:44:35+00:00
c6543d9edef87bfac36017b7de28590a,2025-11-12T14:00:00Z,'water management',journals.plos.org,en,0.1,Impact of artificial feeding policies on space use and competition dynamics in overwintering hooded crane and goose populations,Understanding the spatial distribution of wintering birds in areas with interspecific competition is essential for the development of effective conservation and management strategies. This study investigated habitat use and resource partitioning in hooded cra…,https://journals.plos.org/plosone/article?id=10.1371/journal.pone.0336710,https://journals.plos.org/plosone/article/figure/image?id=10.1371/journal.pone.0336710.g006&size=inline,,"Introduction
Understanding how species partition resources and mitigate competition is a fundamental area of interest in ecology, influencing population dynamics, habitat use, and conservation strat… [+38908 chars]",,Einfluss künstlicher Fütterungsmaßnahmen auf die Raumnutzung und die Konkurrenzdynamik bei überwinternden Haubenkranich- und Gänsepopulationen. Das Verständnis der räumlichen Verteilung überwinternder Vögel in Gebieten mit interspezifischem Wettbewerb ist für die Entwicklung wirksamer Schutz- und Managementstrategien von entscheidender Bedeutung. Diese Studie untersuchte die Habitatnutzung und die Ressourcenaufteilung bei Haubenkrebsen.,Impact of artificial feeding policies on space use and competition dynamics in overwintering hooded crane and goose populations. Understanding the spatial distribution of wintering birds in areas with interspecific competition is essential for the development of effective conservation and management strategies. This study investigated habitat use and resource partitioning in hooded cra…,Impulsum artificialis pastio consiliorum in spatio usu et dynamica certandi in overwintering incolarum gruis et anseris cucullatis. Intelligere distributionem spatialem avium hiemandi in locis cum certaminibus interspecificis essentialis est ad progressionem efficax conservationis et administrationis consiliorum. Hoc studium exploratum habitat usum ac resource partitionibus in sacris initiatorum cra ...,2025-10-22 14:44:35+00:00
b5c584c3cfe5fc2831abd95143e8acce,2025-11-12T14:08:54Z,'water management',www.bleepingcomputer.com,en,0.1,New UK laws to strengthen critical infrastructure cyber defenses,"The United Kingdom has introduced new legislation to boost cybersecurity defenses for hospitals, energy systems, water supplies, and transport networks against cyberattacks, linked to annual damages of nearly £15 billion ($19.6 billion). [...]",https://www.bleepingcomputer.com/news/security/new-uk-laws-to-strengthen-critical-infrastructure-cyber-defenses/,https://www.bleepstatic.com/content/hl-images/2025/07/22/UK_Flag.jpg,,"The United Kingdom has introduced new legislation to boost cybersecurity defenses for hospitals, energy systems, water supplies, and transport networks against cyberattacks, linked to annual damages … [+3574 chars]",,"Neue britische Gesetze zur Stärkung der Cyberabwehr kritischer Infrastrukturen. Das Vereinigte Königreich hat neue Gesetze erlassen, um die Cybersicherheitsabwehr für Krankenhäuser, Energiesysteme, Wasserversorgung und Transportnetze gegen Cyberangriffe zu verbessern, die mit jährlichen Schäden von fast 15 Milliarden Pfund (19,6 Milliarden US-Dollar) verbunden sind. [...]","New UK laws to strengthen critical infrastructure cyber defenses. The United Kingdom has introduced new legislation to boost cybersecurity defenses for hospitals, energy systems, water supplies, and transport networks against cyberattacks, linked to annual damages of nearly £15 billion ($19.6 billion). [...]","Novae leges UK ad defensiones cyberas criticas infrastructuras confirmandas. Regnum Britanniae novas leges induxit ut cybersecurity defensiones hospitalium, systematum energiae, commeatus aquatici, reticulas contra cyberattacks transportandas invexit, cum damna annua fere 15 miliardis £ ($19.6 miliardis). [...]",2025-10-22 14:44:35+00:00
3e01c5f61b227b202fc1e5ff7171b066,2025-11-12T15:54:43Z,'drought reservoir',www.wnd.com,en,0.1,‘Dangerously low’: Israel refilling depleted Sea of Galilee with washed ocean water,"'The groundbreaking project, years in the making and a sign of both Israel's success in converting previously unusable water into a vital resource and the rapidly dropping water levels in the country's largest freshwater reservoir'",https://www.wnd.com/2025/11/dangerously-low-israel-refilling-depleted-sea-galilee-washed/,https://www.wnd.com/wp-content/uploads/2022/11/sea-of-galilee-israel-wading-water-woman-backside-vacation-tourists-pixabay.jpg,,"Double rainbow over Sea of Galilee (copyright Elizabeth Farah)
In a land that has been turned from a desert into lush croplands, a first-of-its-kind project is taking place: Israeli officials are re… [+2191 chars]",,"„Gefährlich niedrig“: Israel füllt den erschöpften See Genezareth mit gewaschenem Meerwasser wieder auf. „Das bahnbrechende Projekt, an dem seit Jahren gearbeitet wird, ist ein Zeichen sowohl für den Erfolg Israels bei der Umwandlung von zuvor unbrauchbarem Wasser in eine lebenswichtige Ressource als auch für den rasch sinkenden Wasserspiegel im größten Süßwasserreservoir des Landes.“","‘Dangerously low’: Israel refilling depleted Sea of Galilee with washed ocean water. 'The groundbreaking project, years in the making and a sign of both Israel's success in converting previously unusable water into a vital resource and the rapidly dropping water levels in the country's largest freshwater reservoir'","'Periculose humilia': Israel replens infrequenti Mare Galilaeae lotis aquis oceani. ""Inceptio fundamenti, anni in conficiendo et in signum utriusque successus Israelis in convertendo prius inutilem aquam in subsidium vitale et rapide distillantia aquae gradus in alveus aquae dulcis patriae""",2025-10-22 14:44:35+00:00
10d98e3cb63f0c9c6d297a378b832262,2025-11-12T16:00:00Z,'water management',www.ign.com,en,0.1,Where Winds Meet Review,An action RPG amusement park where every ride is being run at half speed.,https://www.ign.com/articles/where-winds-meet-review,https://assets-prd.ignimgs.com/2025/11/12/wherewindsmeet-blogroll-1762910222630.jpg?width=1280&format=jpg&auto=webp&quality=80,,Where Winds Meet is an ambitious exercise in maximalism. Its sprawling world is a vibrant Wuxia love letter filled with over the top characters with infectious charisma who can run up walls and pract… [+15821 chars],,"Rezension „Where Winds Meet“. Ein Action-RPG-Vergnügungspark, in dem jede Fahrt mit halber Geschwindigkeit durchgeführt wird.",Where Winds Meet Review. An action RPG amusement park where every ride is being run at half speed.,Ubi Venti Meet Review. Actio RPG ludicrum parcum in quo omnis equitatio media celeritate curritur.,2025-10-22 14:44:35+00:00
cc759aa1ae5de143df19b1a40f371dc2,2025-11-12T18:54:39Z,'drought Iran',petapixel.com,en,0.1,These 10 Award-Winning Drone Photos Bring Brilliant Photography to the Skies,"The Siena Drone Photo Awards 2025 winners have been revealed, showcasing incredible aerial photography across a diverse range of subjects, from landscapes to wildlife and even people.
[Read More]",https://petapixel.com/2025/11/12/these-10-award-winning-drone-photos-bring-brilliant-photography-to-the-skies/,https://petapixel.com/assets/uploads/2025/11/siena-drone-photo-awards-2025-featured.jpg,http://web.archive.org/web/20251112194948/https://petapixel.com/2025/11/12/these-10-award-winning-drone-photos-bring-brilliant-photography-to-the-skies/,"The Siena Drone Photo Awards 2025 winners have been revealed, showcasing incredible aerial photography across a diverse range of subjects, from landscapes to wildlife and even people. 
Alongside nin… [+4391 chars]",,"Diese 10 preisgekrönten Drohnenfotos bringen brillante Fotografie in den Himmel. Die Gewinner der Siena Drone Photo Awards 2025 wurden bekannt gegeben und zeigen unglaubliche Luftaufnahmen zu einer Vielzahl von Motiven, von Landschaften über Wildtiere bis hin zu Menschen.
[Mehr lesen]","These 10 Award-Winning Drone Photos Bring Brilliant Photography to the Skies. The Siena Drone Photo Awards 2025 winners have been revealed, showcasing incredible aerial photography across a diverse range of subjects, from landscapes to wildlife and even people.
[Read More]","Hae 10 Award-Winning Drone Photos splendidas imagines ad caelos adducunt. Senenses Drone Photo Awards 2025 victores revelatae sunt, ostendens incredibilem consequat aeream per diversam rerum extensionem, ex landscapes ad bestias et etiam homines.
[Read More]",2025-10-22 14:44:35+00:00
87a5c478701efb6b7c5138764c9b6e1b,2025-11-12T19:02:51Z,'drought climate change',abcnews.go.com,en,0.1,Drought linked to increased conflict between humans and wildlife in California,Researchers in California have pinpointed an unexpected impact of frequent droughts: an increase in human-wildlife conflict.,https://abcnews.go.com/US/drought-linked-increased-conflict-humans-wildlife-california-study/story?id=127429328,https://i.abcnewsfe.com/a/c906e9ab-eb6e-465b-8faa-3678063b855e/coyote-california-03-gty-jt-251111_1762901286926_hpMain_16x9.jpg?w=1600,,"Researchers in California have pinpointed an unexpected impact of climate change within the state: an increase in human-wildlife conflict due to prolonged, climate-exacerbated drought conditions.
Cl… [+3627 chars]",,Dürre im Zusammenhang mit zunehmenden Konflikten zwischen Menschen und Wildtieren in Kalifornien. Forscher in Kalifornien haben eine unerwartete Auswirkung häufiger Dürren festgestellt: eine Zunahme von Konflikten zwischen Mensch und Tier.,Drought linked to increased conflict between humans and wildlife in California. Researchers in California have pinpointed an unexpected impact of frequent droughts: an increase in human-wildlife conflict.,Siccitas coniungitur inter homines et truculenter in California conflictus auctus. Investigatores in California constituerunt inopinatum ictum crebrarum siccitatum: augmentum conflictus hominum truculentorum.,2025-10-22 14:44:35+00:00
31e4c42d75ee114e691b09f98e537d02,2025-11-02T19:16:15Z,'drought Iran',www.aljazeera.com,en,0.8,"Drinking water in Tehran could run dry in two weeks, Iranian official says",A historic drought in the country has culminated in a '100 percent drop in precipitation' in the Tehran region.,https://www.aljazeera.com/news/2025/11/2/drinking-water-in-tehran-could-run-dry-in-two-weeks-iranian-official-says,https://www.aljazeera.com/wp-content/uploads/2025/11/AFP__20250730__AA_30072025_2352234__v1__HighRes__DamsInTehranSoundTheAlarmInFifthYea-1762108359.jpg?resize=1920%2C1440,,"The main source of drinking water for residents of the Iranian capital Tehran is at risk of running dry within two weeks, according to state media, due to a historic drought plaguing the country.
Th… [+2263 chars]",,"Das Trinkwasser in Teheran könnte in zwei Wochen versiegen, sagt ein iranischer Beamter. Eine historische Dürre im Land hat in der Region Teheran zu einem „Rückgang der Niederschläge um 100 Prozent“ geführt.","Drinking water in Tehran could run dry in two weeks, Iranian official says. A historic drought in the country has culminated in a '100 percent drop in precipitation' in the Tehran region.","Aquam bibens in Tehran duabus septimanis siccare potuit, officialis Iranian dicit. Siccitas historica in regione cum ""100 centesimis stilla praecipitationis"" in regione Tehran culminavit.",2025-10-22 14:44:35+00:00
3bfdb1fb785492d6ca00781c029672e2,2025-11-08T14:20:58Z,'drought Iran',www.channelnewsasia.com,en,0.8,Tehran to restrict water as Iran battles drought,"TEHRAN: Iran was laying plans on Saturday (Nov 8) to cut off water supplies periodically to Tehran's 10-million-strong population as it battles its worst drought in many decades.Rainfall in the capital has this year been at its lowest level in a century, loca…",https://www.channelnewsasia.com/world/iran-drought-tehran-restrict-water-supply-5455326,"https://dam.mediacorp.sg/image/upload/s--C84HFiTc--/c_fill,g_auto,h_676,w_1200/fl_relative,g_south_east,l_mediacorp:cna:watermark:2023-11:afp_watermark_14112023,w_0.1/f_auto,q_auto/v1/mediacorp/cna/image/2025/11/08/000_83g42zq.jpg?itok=bBfqBctv",,"TEHRAN: Iran was laying plans on Saturday (Nov 8) to cut off water supplies periodically to Tehran's 10-million-strong population as it battles its worst drought in many decades.
Rainfall in the cap… [+1970 chars]",,"Teheran begrenzt die Wassermenge, da der Iran mit der Dürre zu kämpfen hat. TEHERAN: Der Iran legte am Samstag (8. November) Pläne vor, die Wasserversorgung der 10 Millionen Einwohner Teherans in regelmäßigen Abständen zu unterbrechen, da das Land mit der schlimmsten Dürre seit vielen Jahrzehnten zu kämpfen hat. Die Niederschläge in der Hauptstadt waren dieses Jahr auf dem niedrigsten Stand seit einem Jahrhundert.","Tehran to restrict water as Iran battles drought. TEHRAN: Iran was laying plans on Saturday (Nov 8) to cut off water supplies periodically to Tehran's 10-million-strong population as it battles its worst drought in many decades.Rainfall in the capital has this year been at its lowest level in a century, loca…","Tehran aquam restringere sicut Irania proelia sitim facere. TEHRAN: Irania die Sabbati (Nov 8) commeatus aqua interclusa intervenit ut multitudo hominum Tehran X decies centena milia fortis dimicat ut pessimum siccitatem suam in multis decenniis pugnat. Rainfall in urbe hoc anno in ultimo gradu, in centuria, loca…, fuit.",2025-10-22 14:44:35+00:00
cc16523b0c2bb81652910f0132eefd46,2025-11-08T15:50:56Z,'drought Iran',www.haaretz.com,en,0.8,"Amid severe drought, Iran announces water supply will be cut off overnight in several regions","Iran's President Masoud Pezeshkian warned this week of drastic rationing of water supply if there is no rain by December, and even said he is considering evacuating the capital Tehran in the event of a prolonged dry period",https://www.haaretz.com/middle-east-news/2025-11-08/ty-article/.premium/amid-severe-drought-iran-announces-water-supply-will-be-cut-off-overnight/0000019a-63f1-d5d0-a59f-63ff1fd80000,https://img.haarets.co.il/bs/0000019a-63f1-d5d0-a59f-63ff1fd80000/99/4d/3f9a1065428eb8203ad5cfa28b49/725407-1-2.jpg?&width=1200&height=630&cmsprod,http://web.archive.org/web/20251110053429/https://www.haaretz.com/middle-east-news/2025-11-08/ty-article/.premium/amid-severe-drought-iran-announces-water-supply-will-be-cut-off-overnight/0000019a-63f1-d5d0-a59f-63ff1fd80000,"Iran announced Saturday that it would temporarily shut off the water supply in the evening hours until the morning, particularly in the capital city, Tehran, in light of the acute water crisis the co… [+15 chars]",,"Inmitten schwerer Dürre kündigt der Iran an, dass die Wasserversorgung in mehreren Regionen über Nacht unterbrochen wird. Irans Präsident Masoud Pezeshkian warnte diese Woche vor einer drastischen Rationierung der Wasserversorgung, wenn es bis Dezember nicht regnet, und sagte sogar, er erwäge im Falle einer längeren Trockenperiode die Evakuierung der Hauptstadt Teheran","Amid severe drought, Iran announces water supply will be cut off overnight in several regions. Iran's President Masoud Pezeshkian warned this week of drastic rationing of water supply if there is no rain by December, and even said he is considering evacuating the capital Tehran in the event of a prolonged dry period","Inter magnam siccitatem Iran nuntiat copia aquae pernoctare in pluribus regionibus perituram. Praeses Irania Masoud Pezeshkian monuit hac septimana de acerrima ratiocinatione aquae copiae si pluviis per Decembrem non datur, et etiam dixit se considerare evacuationem capitis Tehran in eventu longae sicci temporis.",2025-10-22 14:44:35+00:00
0d6dee17660cd03a9a83369775043b5e,2025-11-08T20:11:58Z,'drought Iran',nypost.com,en,0.8,"Iran to cut water to Tehran, weigh evacuations as it faces worst drought in decades",The Islamic Republic announced it will start cutting its water supply to Tehran on Saturday night as it tries to stave off intense drought conditions that are crippling the nation.,https://nypost.com/2025/11/08/world-news/iran-to-cut-water-to-tehran-weigh-evacuations-as-it-faces-worst-drought-in-decades/,https://nypost.com/wp-content/uploads/sites/2/2025/11/115033448.jpg?quality=75&strip=all&w=1200,,"Iran is set to turn off the water in several regions, including Tehran — as the country falls into the grips of its worst drought in decades.
The Islamic Republic announced it would be shutting off … [+2167 chars]",,"Iran wird die Wasserversorgung nach Teheran unterbrechen und Evakuierungen abwägen, da das Land mit der schlimmsten Dürre seit Jahrzehnten konfrontiert ist. Die Islamische Republik kündigte an, dass sie am Samstagabend damit beginnen werde, ihre Wasserversorgung nach Teheran zu drosseln, um die schwere Dürre abzuwenden, die das Land lahmlegt.","Iran to cut water to Tehran, weigh evacuations as it faces worst drought in decades. The Islamic Republic announced it will start cutting its water supply to Tehran on Saturday night as it tries to stave off intense drought conditions that are crippling the nation.","Irania aquam in Tehran secare, evacuationes ponderare sicut in decenniis siccitatem pessimam respicit. Respublica islamica denuntiavit eam copiam aquae Tehran die Sabbati noctis incidere, dum condiciones siccitatis intensae, quae debilitas nationis sunt, arcere conatur.",2025-10-22 14:44:35+00:00
de30c7d849ca419e6032171a273141ff,2025-11-08T23:14:16Z,'drought Iran',freerepublic.com,en,0.8,"Iran in crisis as major drought forces regime to cut off water to Tehran, consider evacuation","Iran is set to turn off the water in several regions, including Tehran — as the country falls into the grips of its worst drought in decades. The Islamic Republic announced it would be shutting off its water supply on Saturday night due to the mounting crisis…",https://freerepublic.com/focus/f-news/4351515/posts,,,"Skip to comments.
Iran in crisis as major drought forces regime to cut off water to Tehran, consider evacuationNY Post ^
 | 11-8-25
 | Shane Galvin
Posted on 11/08/2025 3:14:16 PM PST by dynachro… [+2732 chars]",,"Der Iran steckt in der Krise, da eine große Dürre das Regime dazu zwingt, die Wasserversorgung nach Teheran abzuschneiden, und erwägt eine Evakuierung. Iran wird in mehreren Regionen, darunter auch Teheran, das Wasser abstellen – da das Land in die schlimmste Dürre seit Jahrzehnten gerät. Die Islamische Republik kündigte an, dass sie aufgrund der zunehmenden Krise am Samstagabend ihre Wasserversorgung abstellen werde …","Iran in crisis as major drought forces regime to cut off water to Tehran, consider evacuation. Iran is set to turn off the water in several regions, including Tehran — as the country falls into the grips of its worst drought in decades. The Islamic Republic announced it would be shutting off its water supply on Saturday night due to the mounting crisis…","Irania in discrimine quod maiores siccitates copias regiminis ad aquam in Tehran abscindendam censent evacuationem. Irania in pluribus regionibus, incluso Tehran, aquam avertendam constituit — sicut patria in decenniis siccitatis pessimae incidit. Publica Islamica denuntiavit se inclusurum esse eius aquae copiam die sabbati noctu ob inscensum discriminis…",2025-10-22 14:44:35+00:00
9825f323f2c9b1d6d51b55ad1f16f692,2025-11-08T23:20:00Z,'drought Iran',www.bbc.co.uk,en,0.8,Iran's worst drought in decades,"The Iranian government says water supplies in the capital Tehran will suffer periodic cuts, as the country struggles to cope with its worst drought in decades. The announcement came two days after President Masoud Pezeshkian suggested Tehran might have to be …",https://www.bbc.co.uk/programmes/w172zssdx2pp6nq,https://ichef.bbci.co.uk/images/ic/1200x675/p0mfkq63.jpg,,"The Iranian government says water supplies in the capital Tehran will suffer periodic cuts, as the country struggles to cope with its worst drought in decades. The announcement came two days after Pr… [+775 chars]",,"Die schlimmste Dürre im Iran seit Jahrzehnten. Die iranische Regierung sagt, dass die Wasserversorgung in der Hauptstadt Teheran regelmäßig eingeschränkt werden wird, da das Land mit der schlimmsten Dürre seit Jahrzehnten zu kämpfen hat. Die Ankündigung erfolgte zwei Tage, nachdem Präsident Masoud Pezeshkian angedeutet hatte, dass Teheran möglicherweise …","Iran's worst drought in decades. The Iranian government says water supplies in the capital Tehran will suffer periodic cuts, as the country struggles to cope with its worst drought in decades. The announcement came two days after President Masoud Pezeshkian suggested Tehran might have to be …","Pessima siccitas Irania in decenniis. Imperium Iranian aquam dicit commeatus in capitis Tehran incidere periodicas passurum, cum patria cum suis siccitatibus decenniis pessimis conflictatur. Nuntiatio venit post biduum Praeses Masoud Pezeshkian suggessit Tehran potuisse esse ...",2025-10-22 14:44:35+00:00
b0f132ce8274d11523dbdeb2b17301c9,2025-11-09T02:27:48Z,'drought Iran',www.spacewar.com,en,0.8,Iran president warns Tehran may face evacuation due to drought,"Tehran (AFP) Nov 7, 2025


 Iranian President Masoud Pezeshkian warned in a speech broadcast on Friday that the capital Tehran may need evacuating because of water shortages if it doesn't rain before the end of the year. 

""If it doesn't rain, we'll have to s…",https://www.spacewar.com/reports/Iran_president_warns_Tehran_may_face_evacuation_due_to_drought_999.html,https://www.spxdaily.com/images-hg/tehran-city-smog-hg.jpg,,"Iran president warns Tehran may face evacuation due to droughtby AFP Staff WritersTehran (AFP) Nov 7, 2025
Iranian President Masoud Pezeshkian warned in a speech broadcast on Friday that the capital… [+2644 chars]",,"Der iranische Präsident warnt davor, dass Teheran aufgrund der Dürre evakuiert werden könnte. Teheran (AFP), 7. November 2025


 Der iranische Präsident Masoud Pezeshkian warnte in einer am Freitag ausgestrahlten Rede, dass die Hauptstadt Teheran aufgrund von Wasserknappheit möglicherweise evakuiert werden muss, wenn es nicht vor Jahresende regnet. 

„Wenn es nicht regnet, müssen wir …“","Iran president warns Tehran may face evacuation due to drought. Tehran (AFP) Nov 7, 2025


 Iranian President Masoud Pezeshkian warned in a speech broadcast on Friday that the capital Tehran may need evacuating because of water shortages if it doesn't rain before the end of the year. 

""If it doesn't rain, we'll have to s…","Irania praeses Tehran monet ut ob siccitatem evacuationem facet. Tehran (AFP) Nov 7, 2025


 Praeses Iranianus Masoud Pezeshkian die Veneris in oratione emissa monuit capitale Tehran propter aquarum inopias egere posse si ante finem anni non pluat. 

""Si non pluit, habebimus ad s...",2025-10-22 14:44:35+00:00
8b0e890beacd1c6132de59913976139d,2025-11-09T17:53:02Z,'drought Iran',slashdot.org,en,0.8,"Water levels below 3% in dam reservoirs for Iran’s second city, say reports - The Guardian","Water levels below 3% in dam reservoirs for Iran’s second city, say reportsThe Guardian As Aquifers Dry Up, Tehran Rations Water and Calls for Rain PrayersThe New York Times Iran plans water cuts for Tehran amid worst drought in decadesFrance 24 Iran in crisi…",https://slashdot.org/firehose.pl?op=view&amp;id=180018578,,,The Fine Print: The following comments are owned by whoever posted them. We are not responsible for them in any way.,,"Berichten zufolge liegt der Wasserstand in den Stauseen von Irans zweitgrößter Stadt unter 3 % – The Guardian. Laut Berichten liegt der Wasserstand in Staudämmen für Irans zweitgrößte Stadt unter 3 %. The Guardian Während die Grundwasserleiter austrocknen, rationiert Teheran Wasser und ruft zu Regengebeten auf. Die New York Times Iran plant Wasserkürzungen für Teheran inmitten der schlimmsten Dürre seit JahrzehntenFrankreich 24 Iran in der Krise…","Water levels below 3% in dam reservoirs for Iran’s second city, say reports - The Guardian. Water levels below 3% in dam reservoirs for Iran’s second city, say reportsThe Guardian As Aquifers Dry Up, Tehran Rations Water and Calls for Rain PrayersThe New York Times Iran plans water cuts for Tehran amid worst drought in decadesFrance 24 Iran in crisi…","Gradus aquae infra 3% in receptaculis dam in urbe secunda Iran's nuntia dicunt - Custos. Aquae gradus infra 3% in receptaculis dam in secunda urbe Irania, dicunt tradit Custos ut Aquifers Siccare, Tehran Rationes Water et Vocatus pro Rain Preces",2025-10-22 14:44:35+00:00
d10ae845a1d84df7176880a1f457a78a,2025-11-09T18:12:48Z,'drought Iran',slashdot.org,en,0.8,"As Aquifers Dry Up, Tehran Rations Water and Calls for Rain Prayers - The New York Times","As Aquifers Dry Up, Tehran Rations Water and Calls for Rain PrayersThe New York Times Water levels below 3% in dam reservoirs for Iran’s second city, say reportsThe Guardian Iran plans water cuts for Tehran amid worst drought in decadesFrance 24 Iran in crisi…",https://slashdot.org/firehose.pl?op=view&amp;id=180018776,,http://web.archive.org/web/20160119174443/http://slashdot.org/firehose.pl?op=view,The Fine Print: The following comments are owned by whoever posted them. We are not responsible for them in any way.,,"Während die Grundwasserleiter austrocknen, rationiert Teheran das Wasser und ruft zu Regengebeten auf – The New York Times. Während Grundwasserleiter austrocknen, rationiert Teheran das Wasser und ruft zu Regengebeten auf.The New York Times Berichten zufolge liegt der Wasserstand in Staudämmen für Irans zweitgrößte Stadt unter 3 %.The Guardian Iran plant Wasserkürzungen für Teheran inmitten der schlimmsten Dürre seit JahrzehntenFrankreich 24 Iran in der Krise…","As Aquifers Dry Up, Tehran Rations Water and Calls for Rain Prayers - The New York Times. As Aquifers Dry Up, Tehran Rations Water and Calls for Rain PrayersThe New York Times Water levels below 3% in dam reservoirs for Iran’s second city, say reportsThe Guardian Iran plans water cuts for Tehran amid worst drought in decadesFrance 24 Iran in crisi…","Ut aquifers exsiccant, Tehran Rationes aquae et invocat preces pluviae - Novi Eboraci Times. As Aquifers Dry Up, Tehran Rationes Water and Vocats for Rain Prayers The New York Times Water levels infra 3% in dam receptaculis in secunda civitate Irania, dicunt tradit Custodes Iran consilia aquae secat pro Tehran inter siccitatem pessimam in decade Francia 24 Iran in crisi…",2025-10-22 14:44:35+00:00
f030fcf17905fdea0e6da651892391c7,2025-11-09T21:38:26Z,'drought Iran',www.bbc.com,en,0.8,Iran faces unprecedented drought as water crisis hits Tehran,The government is pleading with Iranians to save water as reservoirs dry up and rainfall is at a record low.,https://www.bbc.com/news/articles/cy4p2yzmem0o,https://ichef.bbci.co.uk/news/1024/branded_news/6a59/live/3564abe0-bdac-11f0-8456-eff94716b162.jpg,http://web.archive.org/web/20251110014516/https://www.bbc.com/news/articles/cy4p2yzmem0o,"Iran - especially its capital, Tehran - is facing an unprecedented drought this autumn, with rainfall at record lows and reservoirs nearly empty. Officials are pleading with citizens to conserve wate… [+4077 chars]",,"Der Iran ist mit einer beispiellosen Dürre konfrontiert, da Teheran von einer Wasserkrise heimgesucht wird. Die Regierung fleht die Iraner an, Wasser zu sparen, da die Stauseen austrocknen und die Niederschläge auf einem Rekordtief sind.",Iran faces unprecedented drought as water crisis hits Tehran. The government is pleading with Iranians to save water as reservoirs dry up and rainfall is at a record low.,Irania inauditam siccitatem spectat sicut discrimen aquae Tehran percusserit. Regimen cum Iranianis deprecatur ut aquae vivae ut piscinas exsiccant et pluvias in recordum deprimant.,2025-10-22 14:44:35+00:00
305ec38097028f2791de6014d0846f48,2025-11-10T04:45:16Z,'drought Iran',www.globalsecurity.org,en,0.8,Iranian Officials Plan Major Water Cuts For Tehran Amid Drought Crisis,"Iranian officials warned of cuts to drinking supplies for parts of Tehran, as the country grapples with a deepening water crisis caused by a yearslong drought.",https://www.globalsecurity.org/wmd/library/news/iran/2025/11/iran-251109-rferl01.htm,,,"By RFE/RL's Radio Farda November 09, 2025
Iranian officials warned of cuts to drinking supplies for parts of Tehran, as the country grapples with a deepening water crisis caused by a yearslong droug… [+1542 chars]",,"Iranische Beamte planen inmitten der Dürrekrise große Wasserkürzungen für Teheran. Iranische Beamte warnten vor Kürzungen bei der Trinkwasserversorgung für Teile Teherans, da das Land mit einer sich verschärfenden Wasserkrise aufgrund einer jahrelangen Dürre zu kämpfen hat.","Iranian Officials Plan Major Water Cuts For Tehran Amid Drought Crisis. Iranian officials warned of cuts to drinking supplies for parts of Tehran, as the country grapples with a deepening water crisis caused by a yearslong drought.","Iraniani Officiales Plan Maior Aquae Secat For Tehran Inter siccitatis Crisis. Magistratus Iraniani monuit de plagis commeatus ad partes Tehran bibendas, ut patriae dimicaret cum discrimine aquae profundioris siccitatis anni causatae.",2025-10-22 14:44:35+00:00
dc2ae777e10b7f023965f98e7fc425e3,2025-11-10T11:00:00Z,'drought climate change',www.marketplace.org,en,0.8,Chocolate's high tech and climate-friendly pivot,"Extreme weather caused by climate change is affecting agriculture and raising the cost of foods like coffee, olive oil and chocolate. Cocoa prices have been hitting record highs due to extreme rainfall, drought and heat. And some experts say most of the land …",https://www.marketplace.org/episode/2025/11/10/chocolates-high-tech-and-climatefriendly-pivot,https://img.apmcdn.org/5ffdba6036cf6af835fed66cdfaa4bf1ee337544/widescreen/6d9329-20251013-steve-stearns-and-alan-perlstein-with-their-cultivated-chocolate-samples-2000.jpg,,"Extreme weather caused by climate change is affecting agriculture and raising the cost of foods like coffee, olive oil and chocolate.
Cocoa prices have been hitting record highs due to extreme rainf… [+335 chars]",,"Hightech- und klimafreundlicher Dreh- und Angelpunkt der Schokolade. Durch den Klimawandel verursachte extreme Wetterbedingungen beeinträchtigen die Landwirtschaft und erhöhen die Kosten für Lebensmittel wie Kaffee, Olivenöl und Schokolade. Aufgrund extremer Regenfälle, Dürre und Hitze haben die Kakaopreise Rekordhöhen erreicht. Und einige Experten sagen, dass der größte Teil des Landes …","Chocolate's high tech and climate-friendly pivot. Extreme weather caused by climate change is affecting agriculture and raising the cost of foods like coffee, olive oil and chocolate. Cocoa prices have been hitting record highs due to extreme rainfall, drought and heat. And some experts say most of the land …","Princeps tech technicae et climatis amica scelerisque versorium. Extremae tempestatis mutatio per climata agriculturam afficit et sumptus ciborum levavit sicut capulus, oleum et scelerisque. Cocos pretia recordum grauis ferendi sunt propter extremam pluviam, siccitatem et calorem. Et quidam periti maximam terram dicunt.",2025-10-22 14:44:35+00:00
e0f42553ca5705603ae1532eed4055a3,2025-11-10T13:09:25Z,'water management',freerepublic.com,en,0.8,"Iran's 'water bankruptcy' will weaken regime and nuclear program, UN expert warns
President Pezeshkian warns of evacuations without rainfall","Madani, who has long warned of environmental mismanagement in Iran, said the current water crisis across the nation was predictable. ""The water bankruptcy situation was not created overnight,"" he said. ""The house was already on fire, and people like myself ha…",https://freerepublic.com/focus/f-news/4351744/posts,,,"Skip to comments.
Iran's 'water bankruptcy' will weaken regime and nuclear program, UN expert warns
President Pezeshkian warns of evacuations without rainfallFox News ^
 | Published November 9, 20… [+3258 chars]",,"Der „Wasserbankrott“ des Iran wird das Regime und das Atomprogramm schwächen, warnt ein UN-Experte
Präsident Pezeshkian warnt vor Evakuierungen ohne Regen. Madani, der seit langem vor Missmanagement der Umwelt im Iran warnt, sagte, die aktuelle Wasserkrise im ganzen Land sei vorhersehbar. „Die Situation des Wasserbankrotts ist nicht über Nacht entstanden“, sagte er. „Das Haus stand bereits in Flammen und Leute wie ich …","Iran's 'water bankruptcy' will weaken regime and nuclear program, UN expert warns
President Pezeshkian warns of evacuations without rainfall. Madani, who has long warned of environmental mismanagement in Iran, said the current water crisis across the nation was predictable. ""The water bankruptcy situation was not created overnight,"" he said. ""The house was already on fire, and people like myself ha…","Iran 'aquarum conturbauit' regimen et programmata nuclei debilitabit, IR perito admonet
Praeses Pezeshkian monet de evacuationibus sine pluviis. Madani, qui iamdiu monuit de defectione environmental in Irania, dixit discrimen aquae currentis per nationem praedictibilem fuisse. ""Aquae condicio decoctionis pernoctare non creata est"" dixit. ""domus iam incensa erat, et homines similes me ha…",2025-10-22 14:44:35+00:00
b83fa399d7d0f8bd0aecb48c2393aa1c,2025-11-11T15:28:00Z,'drought Iran',www.dw.com,en,0.8,Iran's drought: A disaster in slow motion,"As Iran faces an unprecedented drought, the chronic incompetence of the country's officials is driving millions into a fully predictable disaster.",https://www.dw.com/en/irans-drought-a-disaster-in-slow-motion/a-74700581,https://static.dw.com/image/70110863_6.jpg,,"Half of Iran has not seen a drop of rain since the end of summer  after the summer itself brought extreme heat and exacerbatedwater supply issues. 
Official data, which starts measuring precipitatio… [+5208 chars]",,"Dürre im Iran: Eine Katastrophe in Zeitlupe. Während der Iran mit einer beispiellosen Dürre konfrontiert ist, treibt die chronische Inkompetenz der Beamten des Landes Millionen Menschen in eine völlig vorhersehbare Katastrophe.","Iran's drought: A disaster in slow motion. As Iran faces an unprecedented drought, the chronic incompetence of the country's officials is driving millions into a fully predictable disaster.","Siccitas Iran: Calamitas in motu tardo. Sicut Irania inauditam siccitatem respicit, chronica inscitia magistratus patriae decies centena millia in plenam praedictibilem calamitatem agit.",2025-10-22 14:44:35+00:00
b69cf69415edbd18ccca16a9c96d123e,2025-11-11T16:14:22Z,'drought Iran',www.breitbart.com,en,0.8,Iran Throttles Nightly Water Pressure in Tehran Due to Brutal Drought — Denies ‘Rationing’,"Officials in Iran have begun cutting the water pressure to homes in Tehran in response to an increasingly dire drought and water supply crisis, but refused this week to describe the ""pressure cuts"" as rationing even as it reduced Tehranis' access to water.
Th…",https://www.breitbart.com/middle-east/2025/11/11/iran-throttles-nightly-water-pressure-in-tehran-due-to-brutal-drought-denies-rationing/,https://media.breitbart.com/media/2025/11/GettyImages-2245259717-640x335.png,,"Officials in Iran have begun cutting the water pressure to homes in Tehran in response to an increasingly dire drought and water supply crisis, but refused this week to describe the “pressure cuts” a… [+4953 chars]",,"Iran drosselt den nächtlichen Wasserdruck in Teheran aufgrund brutaler Dürre – bestreitet „Rationierung“. Als Reaktion auf die immer schlimmer werdende Dürre und die Wasserversorgungskrise haben iranische Beamte damit begonnen, den Wasserdruck für Häuser in Teheran zu drosseln. Diese Woche weigerten sie sich jedoch, die „Druckkürzungen“ als Rationierung zu bezeichnen, obwohl dadurch der Zugang der Teheraner zu Wasser eingeschränkt wurde.
Das…","Iran Throttles Nightly Water Pressure in Tehran Due to Brutal Drought — Denies ‘Rationing’. Officials in Iran have begun cutting the water pressure to homes in Tehran in response to an increasingly dire drought and water supply crisis, but refused this week to describe the ""pressure cuts"" as rationing even as it reduced Tehranis' access to water.
Th…","Irania Throttles Nocturne Aquarum Pressurae in Tehran Ob brutali siccitatis - Denies 'Rationing'. Magistratus in Irania aquam pressionem ad domos Tehran secare coeperunt cum responsio ad siccitatem et aquarum copiam magis magisque discriminum, sed hac septimana recusaverunt describere ""pressurae secet"" pro ratiocinatione etiam sicut accessus ad aquam Tehranis redegit.
Th…",2025-10-22 14:44:35+00:00
420d0fe843e95bc8bac89464b54d15f9,2025-11-11T23:16:40Z,'drought Iran',biztoc.com,en,0.8,Taps could run dry in drought-stricken Tehran,"Decades of mismanagement and environmental exploitation, and an unprecedented drought have left Iran teetering on the edge of a water crisis.
The reservoirs are nearly empty following record-low rainfall, and officials are “pleading with citizens to conserve …",https://biztoc.com/x/bdaae85ed45cbe23,https://biztoc.com/cdn/bdaae85ed45cbe23_s.webp,,"Decades of mismanagement and environmental exploitation, and an unprecedented drought have left Iran teetering on the edge of a water crisis.The reservoirs are nearly empty following record-low rainf… [+142 chars]",,"Im dürregeplagten Teheran könnten die Wasserhähne versiegen. Jahrzehntelange Misswirtschaft und Umweltausbeutung sowie eine beispiellose Dürre haben dazu geführt, dass der Iran am Rande einer Wasserkrise steht.
Die Stauseen sind nach rekordtiefen Niederschlägen fast leer, und die Beamten „flehen die Bürger an, sie zu schonen …“","Taps could run dry in drought-stricken Tehran. Decades of mismanagement and environmental exploitation, and an unprecedented drought have left Iran teetering on the edge of a water crisis.
The reservoirs are nearly empty following record-low rainfall, and officials are “pleading with citizens to conserve …","Taps posset sicca in siccitate Tehran. Decades de infortunio et abusione environmental, et inaudita siccitas Irania in extremis discrimen aquae discriminis reliquerunt.
Piscinae vacuae sunt fere sequentia tabulae pluuiae, et magistratus ""cum civibus ad conservationem causae sunt"".",2025-10-22 14:44:35+00:00
14618ffc7ab3bb167fa828b2762f1aba,2025-11-12T13:46:39Z,'water management',www.aljazeera.com,en,0.8,"As the dams feeding Tehran run dry, Iran struggles with a dire water crisis",Iran spends 90 percent of its water on low-yield agriculture in a pursuit of self-sufficiency that exacerbates drought.,https://www.aljazeera.com/news/2025/11/12/as-the-dams-feeding-tehran-run-dry-iran-struggles-with-a-dire-water-crisis,https://www.aljazeera.com/wp-content/uploads/2025/11/afp_69148f29bb25-1762955049.jpg?resize=1920%2C1440,http://web.archive.org/web/20251112204658/https://www.aljazeera.com/news/2025/11/12/as-the-dams-feeding-tehran-run-dry-iran-struggles-with-a-dire-water-crisis,"Tehran, Iran Authorities are scrambling to provide drinking water across Iran, particularly in the capital, Tehran, as Iranians grapple with the effects of multiple ongoing crises.
If there is no ra… [+9039 chars]",,"Während die Staudämme, die Teheran versorgen, versiegen, kämpft der Iran mit einer schlimmen Wasserkrise. Der Iran gibt 90 Prozent seines Wassers für die ertragsschwache Landwirtschaft aus, um sich selbst zu versorgen, was die Dürre verschärft.","As the dams feeding Tehran run dry, Iran struggles with a dire water crisis. Iran spends 90 percent of its water on low-yield agriculture in a pursuit of self-sufficiency that exacerbates drought.","Ut matres Tehran pascentes siccitate currunt, Irania cum discrimine aquarum dirum luctatur. Irania 90 centesimas suas aquae in low-acmissionis agriculturae in studio sui ipsius sufficientiae quod exacerbat siccitatem expendit.",2025-10-22 14:44:35+00:00
18deb7acd57c5b2d1bf1525190171bf2,2025-11-14T00:00:00Z,'dry soil',www.nature.com,en,0.8,Land use-induced soil carbon loss in the dry tropics nearly offsets gains in northern lands,"Soil carbon loss from human agriculture-related land use in the dry tropics largely offsets gains in northern lands, leading to a small net sink of 0.34 ± 0.30 PgC yr−1 at a global scale.",https://www.nature.com/articles/s41467-025-64929-3,https://media.springernature.com/m685/springer-static/image/art%3A10.1038%2Fs41467-025-64929-3/MediaObjects/41467_2025_64929_Fig1_HTML.png,,"SMOS-IC L-VOD
We take advantage of microwave remote sensing low-frequency L-band (1.4GHz) vegetation optical depth (VOD) products, derived from Soil Moisture and Ocean Salinity (SMOS) satellite obse… [+25861 chars]",,"Der durch die Landnutzung verursachte Kohlenstoffverlust im Boden in den trockenen Tropen gleicht die Zuwächse in den nördlichen Ländern nahezu aus. Der Kohlenstoffverlust im Boden durch landwirtschaftliche Landnutzung in den trockenen Tropen gleicht die Zuwächse in nördlichen Gebieten weitgehend aus, was auf globaler Ebene zu einer kleinen Nettosenke von 0,34 ± 0,30 PgC pro Jahr führt.","Land use-induced soil carbon loss in the dry tropics nearly offsets gains in northern lands. Soil carbon loss from human agriculture-related land use in the dry tropics largely offsets gains in northern lands, leading to a small net sink of 0.34 ± 0.30 PgC yr−1 at a global scale.","Terrae usus carbonis terrae inductus damnum in tropicis siccis fere exsertionibus lucratur in terris septentrionalibus. Solo carbonis damnum ab agri culturae actis terrae humanae usu in tropicis siccis late exsertiones lucratur in terris septentrionalibus, ducens ad parvum rete submersionis 0.34 ± 0.30 PgC yr−1 in scala globali.",2025-10-22 14:44:35+00:00
761425015921842d5c9bb5caca9df1bc,2025-11-16T11:35:30Z,'drought climate change',www.nbcnews.com,en,0.8,Taps run dry as water crisis forces Iran to consider evacuating its capital,"Iran is facing its worst water crisis in decades, with authorities warning they may even have to evacuate Tehran amid a drought, climate change and mismanagement.",https://www.nbcnews.com/world/iran/iran-water-crisis-taps-run-dry-tehran-evacuation-looms-rcna243430,"https://media-cldnry.s-nbcnews.com/image/upload/t_nbcnews-fp-1200-630,f_auto,q_auto:best/rockcms/2025-11/251112-iran-water-mb-1326-0b463a.jpg",,"Part of the reason the Iranian government is so concerned is that a water crisis can build into a political grievance and fuel unrest.
Videos posted on social media and verified by NBC News showed s… [+2226 chars]",,"Wasserhähne sind leer, da die Wasserkrise den Iran dazu zwingt, über die Evakuierung seiner Hauptstadt nachzudenken. Der Iran steht vor der schlimmsten Wasserkrise seit Jahrzehnten, und die Behörden warnen davor, dass sie angesichts der Dürre, des Klimawandels und der Misswirtschaft möglicherweise sogar Teheran evakuieren müssen.","Taps run dry as water crisis forces Iran to consider evacuating its capital. Iran is facing its worst water crisis in decades, with authorities warning they may even have to evacuate Tehran amid a drought, climate change and mismanagement.","Taps siccescit ut crisi aquae copiae Iran ad caput suum evacuandum consideret. Irania suum pessimum discrimen aquae in decenniis respicit, cum auctoritates monentes possunt etiam Tehran evacuare inter siccitatem, mutationem climatis et male.",2025-10-22 14:44:35+00:00
32c41c9a2620d92c14dcb63f6bd7cfa1,2025-11-17T06:00:00Z,'drought reservoir',www.naturalnews.com,en,0.8,Iran’s DROUGHT crisis poses a greater threat than war,"Iran is facing a catastrophic, multi-year drought that is now an existential crisis, potentially more threatening to its government than foreign military conflicts or sanctions. The situation is described as “water bankruptcy,” with reservoirs nearly empty. T…",https://www.naturalnews.com/2025-11-17-iran-drought-crisis-greater-threat-than-war.html,https://www.naturalnews.com/wp-content/uploads/sites/91/2025/11/Hand-for-drinking-water-to-live-through-drought-1.jpeg,,"<ul><li>Iran is facing a catastrophic, multi-year drought that is now an existential crisis, potentially more threatening to its government than foreign military conflicts or sanctions. The situation… [+6399 chars]",,"Die DÜRRE-Krise im Iran stellt eine größere Bedrohung dar als der Krieg. Der Iran steht vor einer katastrophalen, mehrjährigen Dürre, die mittlerweile zu einer existenziellen Krise geworden ist und für seine Regierung möglicherweise eine größere Bedrohung darstellt als militärische Konflikte oder Sanktionen im Ausland. Die Situation wird als „Wasserbankrott“ beschrieben, da die Stauseen fast leer sind. T…","Iran’s DROUGHT crisis poses a greater threat than war. Iran is facing a catastrophic, multi-year drought that is now an existential crisis, potentially more threatening to its government than foreign military conflicts or sanctions. The situation is described as “water bankruptcy,” with reservoirs nearly empty. T…","SITIS crisi Irania maius periculum quam bellum movet. Irania adversus calamitatem, multi-annum siccitatis nunc discrimen exsistentiale est, potentia magis suo imperio minatur quam conflictus aut sanctiones militares externae. Situs ""aquarum decoctionis"" describitur, cum receptaculis paene vacua. T…",2025-10-22 14:44:35+00:00
d1b04a1f4c4d3d21670323bf84ce698c,2025-11-17T09:30:00Z,'drought climate change',www.cbc.ca,en,0.8,The Signal is putting a spotlight on climate change this week,"Wildfires, drought, flooding, disappearing shorelines — these are the climate change effects people living in communities across Newfoundland and Labrador are struggling with.",https://www.cbc.ca/news/canada/newfoundland-labrador/signal-climate-week-9.6979476,"https://i.cbc.ca/ais/1.5969315,1617106191000/full/max/0/default.jpg?im=Crop%2Crect%3D%280%2C100%2C3074%2C1729%29%3BResize%3D620",,"Wildfires, drought, flooding, disappearing shorelines these are the climate change effects people living in communities across Newfoundland and Labrador are struggling with. 
Its also the focus for … [+2019 chars]",,"The Signal wirft diese Woche ein Schlaglicht auf den Klimawandel. Waldbrände, Dürre, Überschwemmungen, verschwindende Küsten – das sind die Auswirkungen des Klimawandels, mit denen Menschen in Gemeinden in Neufundland und Labrador zu kämpfen haben.","The Signal is putting a spotlight on climate change this week. Wildfires, drought, flooding, disappearing shorelines — these are the climate change effects people living in communities across Newfoundland and Labrador are struggling with.","Signum arcus in mutatione climatis hac septimana ponit. Ignes, siccitas, inundationes, litora evanescentium — hae sunt mutationis climatis effectorum qui in communitatibus trans Nova Terram et Labrador habitant, obluctant.",2025-10-22 14:44:35+00:00
83170a3bdfb8dbca99d567fea053c9bb,2025-11-17T13:31:00Z,'water management',www.globenewswire.com,en,0.8,Global Water Resources Appoints Christa Steele to Board of Directors,"PHOENIX, Nov. 17, 2025 (GLOBE NEWSWIRE) -- Global Water Resources, Inc. (NASDAQ: GWRS), a pure-play water resource management company, has appointed Christa Steele to its board of directors, effective January 1, 2026. She succeeds Debra G. Coy who, as previou…",https://www.globenewswire.com/news-release/2025/11/17/3189172/0/en/Global-Water-Resources-Appoints-Christa-Steele-to-Board-of-Directors.html,https://ml.globenewswire.com/Resource/Download/b19109a4-6070-4379-802d-799236282a3d,,"PHOENIX, Nov. 17, 2025 (GLOBE NEWSWIRE) -- Global Water Resources, Inc. (NASDAQ: GWRS), a pure-play water resource management company, has appointed Christa Steele to its board of directors, effectiv… [+7101 chars]",,"Global Water Resources ernennt Christa Steele in den Vorstand. PHOENIX, 17. November 2025 (GLOBE NEWSWIRE) – Global Water Resources, Inc. (NASDAQ: GWRS), ein reines Wasserressourcenmanagementunternehmen, hat Christa Steele mit Wirkung zum 1. Januar 2026 in seinen Vorstand berufen. Sie tritt die Nachfolge von Debra G. Coy an, die wie zuvor…","Global Water Resources Appoints Christa Steele to Board of Directors. PHOENIX, Nov. 17, 2025 (GLOBE NEWSWIRE) -- Global Water Resources, Inc. (NASDAQ: GWRS), a pure-play water resource management company, has appointed Christa Steele to its board of directors, effective January 1, 2026. She succeeds Debra G. Coy who, as previou…","Global Resources Aquae Ponit Christam Steele ad Tabulam Directorium. PHOENIX, die 17 novembris 2025 (GLOBE NEWSWIRE) -- Resources aquae globalis, Inc. (NASDAQ: GWRS), aqua pura societas instrumenti administrandi, Christa Steele ad suam tabulam moderatorum, efficax, die 1 ianuarii 2026. succedit Debra G. Coy quae, ut previou...",2025-10-22 14:44:35+00:00
b06853978f6166c31fbd23c1395aded6,2025-11-17T13:35:27Z,'water management',financialpost.com,en,0.8,Global Water Resources Appoints Christa Steele to Board of Directors,"PHOENIX, Nov. 17, 2025 (GLOBE NEWSWIRE) — Global Water Resources, Inc. (NASDAQ: GWRS), a pure-play water resource management company, has appointed Christa Steele to its board of directors, effective January 1, 2026. She succeeds Debra G. Coy who, as previous…",https://financialpost.com/globe-newswire/global-water-resources-appoints-christa-steele-to-board-of-directors,https://smartcdn.gprod.postmedia.digital/financialpost/wp-content/uploads/2025/11/christa-steele.png,,"Steele holds an MBA from the University of Southern California, a Bachelor of Arts from California State University Sacramento, and a CERT in Cybersecurity Oversight from Carnegie Mellon Universitys … [+3813 chars]",,"Global Water Resources ernennt Christa Steele in den Vorstand. PHOENIX, 17. November 2025 (GLOBE NEWSWIRE) – Global Water Resources, Inc. (NASDAQ: GWRS), ein reines Wasserressourcenmanagementunternehmen, hat Christa Steele mit Wirkung zum 1. Januar 2026 in seinen Vorstand berufen. Sie tritt die Nachfolge von Debra G. Coy an, die wie zuvor…","Global Water Resources Appoints Christa Steele to Board of Directors. PHOENIX, Nov. 17, 2025 (GLOBE NEWSWIRE) — Global Water Resources, Inc. (NASDAQ: GWRS), a pure-play water resource management company, has appointed Christa Steele to its board of directors, effective January 1, 2026. She succeeds Debra G. Coy who, as previous…","Global Resources Aquae Ponit Christam Steele ad Tabulam Directorium. PHOENIX, die 17 novembris 2025 (GLOBE NEWSWIRE) — Resources aquae globalis, Inc. (NASDAQ: GWRS), aqua pura-fabula subsidiorum societatis administrandae, Christa Steele ad suam tabulam moderatorum, efficax, die 1 ianuarii 2026. Successit Debra G. Coy quae, ut praecedens...",2025-10-22 14:44:35+00:00
1ec4016df3cc798e96e5b8a69baf4d1b,2025-11-15T12:03:15Z,'water management',www.redding.com,en,0.9,"Groundwater workshop looks at Shasta County water security, land subsidence","The public is invited to a groundwater workshop to discuss Shasta County water security, land subsidence and sustainable groundwater management.",https://www.redding.com/story/news/local/2025/11/15/groundwater-land-subsidence-workshop-meets-in-redding/87271023007/,https://s.yimg.com/ny/api/res/1.2/_0slwX7uFENZlAc31H2vNg--/YXBwaWQ9aGlnaGxhbmRlcjt3PTEyMDA7aD0xNDE2O2NmPXdlYnA-/https://media.zenfs.com/en/redding-record-searchlight/f6446466eb91d95fe1a89fd8e48196d2,,"The Enterprise-Anderson Groundwater Sustainability Agency will host a community workshop in Redding on groundwater.
The event will explore what land subsidence means for Shasta Countys long-term inf… [+2055 chars]",,"Der Grundwasser-Workshop befasst sich mit der Wassersicherheit im Shasta County und der Bodensenkung. Die Öffentlichkeit ist zu einem Grundwasser-Workshop eingeladen, um über Wassersicherheit, Landsenkung und nachhaltiges Grundwassermanagement im Shasta County zu diskutieren.","Groundwater workshop looks at Shasta County water security, land subsidence. The public is invited to a groundwater workshop to discuss Shasta County water security, land subsidence and sustainable groundwater management.","Officina Groundwater spectat Shasta Comitatus aquae securitatis, terrae subsidia. Publicum invitatur ad officinam groundwater ut Shasta Comitatus aquarum de securitate, terra subsidia et administratio aquae sustinendae.",2025-10-22 14:44:35+00:00
4d23320a337738bf757c12b837841850,2025-11-17T14:00:00Z,'irrigation',journals.plos.org,en,0.9,Hydro-physical and chemical suitability of rosewood sawdust as a hydroponic substrate under drip irrigation,"Comprehensive characterization of hydroponic substrate is important to determine its suitability as a growing media. Therefore, the suitability hypothesis was tested by determining the rosewood sawdust substrate hydrological response at different sizes: < 0.4…",https://journals.plos.org/plosone/article?id=10.1371/journal.pone.0336497,https://journals.plos.org/plosone/article/figure/image?id=10.1371/journal.pone.0336497.g007&size=inline,,"Citation: Samuel SI, Faloye OT, Okunola AA, Adediran A, Kamchoom V, Sinsamutpadung N (2025) Hydro-physical and chemical suitability of rosewood sawdust as a hydroponic substrate under drip irrigation… [+51451 chars]",,"Hydrophysikalische und chemische Eignung von Palisandersägemehl als hydroponisches Substrat unter Tropfbewässerung. Eine umfassende Charakterisierung des Hydrokultursubstrats ist wichtig, um seine Eignung als Wachstumsmedium zu bestimmen. Daher wurde die Eignungshypothese getestet, indem die hydrologische Reaktion des Palisander-Sägemehlsubstrats bei verschiedenen Größen bestimmt wurde: < 0,4…","Hydro-physical and chemical suitability of rosewood sawdust as a hydroponic substrate under drip irrigation. Comprehensive characterization of hydroponic substrate is important to determine its suitability as a growing media. Therefore, the suitability hypothesis was tested by determining the rosewood sawdust substrate hydrological response at different sizes: < 0.4…",Convenientia hydro-physica et chemica scobe rosae scobe hydroponico substrata sub stillicidio irrigationis. Comprehensiva characterisation substrati hydroponici momenti est ad determinandam eius idoneitatem instrumentorum crescentium. Convenientia igitur hypothesis tentabatur determinando responsionem hydrologicam scobem rosae substratae diversis magnitudinibus: <0.4...,2025-10-22 14:44:35+00:00
63998754537df805b4aa0372a59d2ac7,2025-11-05T19:31:04Z,'irrigation',phys.org,en,1.0,"When irrigation backfires: Global farming practices are driving heat stress and water strain, research warns","Three new high-profile studies led by Dr. Yi Yao (Vrije Universiteit Brussel and ETH Zurich) show that while irrigation may be seen as a tool to dampen heat extremes, its benefits will come with adverse impacts.",https://phys.org/news/2025-11-irrigation-backfires-global-farming-stress.html,https://scx2.b-cdn.net/gfx/news/hires/2025/when-irrigation-backfi.jpg,,"Three new high-profile studies led by Dr. Yi Yao (Vrije Universiteit Brussel and ETH Zurich) show that while irrigation may be seen as a tool to dampen heat extremes, its benefits will come with adve… [+5647 chars]",,"Wenn die Bewässerung nach hinten losgeht: Globale landwirtschaftliche Praktiken führen laut Forschung zu Hitzestress und Wasserknappheit. Drei neue, hochkarätige Studien unter der Leitung von Dr. Yi Yao (Vrije Universiteit Brussel und ETH Zürich) zeigen, dass Bewässerung zwar als Instrument zur Dämpfung von Hitzeextremen angesehen werden kann, ihre Vorteile jedoch auch nachteilige Auswirkungen haben.","When irrigation backfires: Global farming practices are driving heat stress and water strain, research warns. Three new high-profile studies led by Dr. Yi Yao (Vrije Universiteit Brussel and ETH Zurich) show that while irrigation may be seen as a tool to dampen heat extremes, its benefits will come with adverse impacts.","Cum irrigationes backfires: Globalia agriculturae exercitia calores accentus et aquae contentionem depellunt, investigationes monet. Tres studia nova summus profile studiis a Dr. Yi Yao (Vrije Universiteit Brussel et ETH Zurich ducti) ostendunt, dum irrigatio videri potest ut instrumentum ad extrema caloris madefaciendum, eius beneficia cum adversis impactibus venturum esse.",2025-10-22 14:44:35+00:00
929b8be7b155f0f7d9e27daa8ceac264,2025-11-06T15:39:35Z,'water management',statetimes.in,en,1.0,"Omar approves used water management project, heritage courses in J&K","JAMMU: Jammu and Kashmir Chief Minister Omar Abdullah on Thursday approved a used water management project, which includes a Rs 19.99 crore sewage treatment plant for Ganderbal town in central Kashmir. “This will ensure proper treatment of used water, keep ou…",https://statetimes.in/omar-approves-used-water-management-project-heritage-courses-in-jk/,https://statetimes.in/wp-content/uploads/2025/11/CM-1-1024x713.jpg,,"JAMMU: Jammu and Kashmir Chief Minister Omar Abdullah on Thursday approved a used water management project, which includes a Rs 19.99 crore sewage treatment plant for Ganderbal town in central Kashmi… [+663 chars]",,"Omar genehmigt Projekt zur Bewirtschaftung genutzter Gewässer und Kurse zum Kulturerbe in J&K. JAMMU: Der Ministerpräsident von Jammu und Kaschmir, Omar Abdullah, genehmigte am Donnerstag ein Projekt zur Abwasserbewirtschaftung, das eine Kläranlage für 19,99 Crore Rupien für die Stadt Ganderbal im Zentrum Kaschmirs umfasst. „Dadurch wird eine ordnungsgemäße Behandlung des Brauchwassers sichergestellt, …","Omar approves used water management project, heritage courses in J&K. JAMMU: Jammu and Kashmir Chief Minister Omar Abdullah on Thursday approved a used water management project, which includes a Rs 19.99 crore sewage treatment plant for Ganderbal town in central Kashmir. “This will ensure proper treatment of used water, keep ou…","Omar approbat usum administrationis aquae project, cursus hereditatis in J&K. JAMMU: Jammu et Kashmir dux minister Omar Abdullah die Iovis approbaverunt usum administrationis aquae projectae, quod includit Rs 19.99 crore purgamentorum tractationis plantae pro oppido Ganderbal in Kashmir centrali. ""Hoc curabit recte tractationem aquae adhibitae, serva ou…",2025-10-22 14:44:35+00:00
4d05be109d5315cab6a55205e2af846d,2025-11-17T06:00:00Z,'drought weather',www.naturalnews.com,en,0.8,Iran deploys risky cloud seeding chemicals in desperate bid to end historic drought,Iran is using cloud seeding to combat its worst drought in 50 years. Rainfall is 89% below average and key reservoirs are nearly empty. The government warns Tehran could face evacuation without rain. Iran had previously accused Israel and the UAE of stealing …,https://www.naturalnews.com/2025-11-17-rain-cloud-seeding-historic-drought.html,https://www.naturalnews.com/wp-content/uploads/sites/91/2025/11/Desert-Dry-Lake-Land-Drought.jpg,,<ul><li>Iran is using cloud seeding to combat its worst drought in 50 years.</li><li>Rainfall is 89% below average and key reservoirs are nearly empty.</li><li>The government warns Tehran could face … [+4772 chars],,"Der Iran setzt in seinem verzweifelten Versuch, die historische Dürre zu beenden, riskante Wolkenbildungschemikalien ein. Der Iran setzt Cloud-Seeding ein, um die schlimmste Dürre seit 50 Jahren zu bekämpfen. Die Niederschlagsmenge liegt 89 % unter dem Durchschnitt und wichtige Stauseen sind fast leer. Die Regierung warnt davor, dass Teheran ohne Regen evakuiert werden könnte. Der Iran hatte zuvor Israel und den Vereinigten Arabischen Emiraten vorgeworfen, gestohlen zu haben …",Iran deploys risky cloud seeding chemicals in desperate bid to end historic drought. Iran is using cloud seeding to combat its worst drought in 50 years. Rainfall is 89% below average and key reservoirs are nearly empty. The government warns Tehran could face evacuation without rain. Iran had previously accused Israel and the UAE of stealing …,Irania disponit periculosam nubem seminis oeconomiae in desperatis iussa ad siccitatem historicam finiendam. Iran nubes seminis utitur ad siccitatem pessimam in 50 annis pugnaturus. Pluvia 89% infra mediocris et receptacula clavis fere vacua sunt. Imperium Tehran monet sine pluvia face evacuari posse. Irania antea accusavit Israelem et UAE furandi ...,2025-11-21 14:44:35+00:00
02e34942872ec39179c4cee904cf60ad,2025-11-20T17:59:31Z,'dry soil',www.palmbeachpost.com,en,0.9,"When grass fades, 'Florida snow' takes over the Sunshine State with a blanket of blooms",Pusley grows well in dry soil and this month has seen statewide rain deficits that rank several areas as having the driest November on record.,https://www.palmbeachpost.com/story/news/local/2025/11/20/florida-pusley-snow-weed-what-you-can-do/87315553007/,https://media.zenfs.com/en/palm_beach_post_natl_articles_437/089c84cb2a8dcafe1713e421e2b9e148,,"As the ripe heat of subtropical summer slides to fall and king tides rise and days shorten and skies go dry, a dapple of white spreads low across Floridas green landscape with petals of the pusley pl… [+4536 chars]",,"Wenn das Gras verblasst, erobert „Florida Snow“ den Sunshine State mit einer Blütendecke. Pusley gedeiht gut auf trockenem Boden und in diesem Monat kam es landesweit zu Niederschlagsdefiziten, die mehrere Gebiete als den trockensten November aller Zeiten bezeichnen.","When grass fades, 'Florida snow' takes over the Sunshine State with a blanket of blooms. Pusley grows well in dry soil and this month has seen statewide rain deficits that rank several areas as having the driest November on record.","Cum herba marcescit, 'Florida nix' sole rem publicam occupat cum stragulo floret. Pusley in solo sicco bene crescit et hoc mense pluviis stativis defectus statos vidit, qui plures areas sicut Novembres aridissimum in actis habent.",2025-11-23 20:43:20+00:00
f8ff9394d444a3dcd679d64b806c4ab8,2025-11-01T13:16:36Z,'cloud seeding',timesofindia.indiatimes.com,en,0.9,Rainmakers at work: Decoding the hope and hype of cloud seeding,"Environment News: Delhi’s failed trial may have burst a few bubbles, but experts say cloud seeding shows promise in tackling drought",https://timesofindia.indiatimes.com/toi-plus/environment/rainmakers-at-work-decoding-the-hope-and-hype-of-cloud-seeding/articleshow/125016828.cms,"https://static.toiimg.com/thumb/msid-125016921,width-1070,height-580,imgsize-51322,resizemode-75,overlay-toi_sw,pt-32,y_pad-40/photo.jpg",,"Delhis failed trial may have burst a few bubbles, but experts say cloud seeding shows promise in tackling drought
In Hindu mythology, mortals prayed and performed elaborate rituals to please Indra, … [+190 chars]",,"Regenmacher bei der Arbeit: Die Hoffnung und der Hype um die Wolkenbildung entschlüsseln. Umweltnachrichten: Der gescheiterte Versuch in Delhi hat vielleicht ein paar Blasen zum Platzen gebracht, aber Experten sagen, dass die Aussaat von Wolken bei der Bekämpfung der Dürre vielversprechend ist","Rainmakers at work: Decoding the hope and hype of cloud seeding. Environment News: Delhi’s failed trial may have burst a few bubbles, but experts say cloud seeding shows promise in tackling drought","Rainmakers in opere: Decoding spe et hype nubis seminis. Environment News: Delhi temptatio defecit paucas bullas erupisse, sed periti nubem seminis ostendunt promissionem in siccitate armari.",2025-11-24 04:09:55+00:00
5a2539b2be52058af5f79df8756cc057,2025-11-02T03:02:20Z,'cloud seeding',www.digitaljournal.com,en,0.9,India’s cloud seeding trials ‘costly spectacle’,"India’s efforts to combat air pollution by using cloud seeding in its sprawling capital New Delhi appear to have fallen flat, with scientists and activists questioning the effectiveness of the move. Cloud seeding involves spraying particles such as silver iod…",https://www.digitaljournal.com/world/indias-cloud-seeding-trials-costly-spectacle/article,https://www.digitaljournal.com/wp-content/uploads/2025/11/62850429569e36b140c57a3a2a04030cc702f310.jpg,,"Each winter, thick smog chokes New Delhi and its 30 million residents - Copyright AFP Arun SANKAR
India’s efforts to combat air pollution by using cloud seeding in its sprawling capital New Delhi ap… [+3802 chars]",,"Indiens Cloud-Seeding-Versuche sind ein „kostspieliges Spektakel“. Indiens Bemühungen, die Luftverschmutzung durch den Einsatz von Cloud-Seeding in seiner weitläufigen Hauptstadt Neu-Delhi zu bekämpfen, scheinen gescheitert zu sein, da Wissenschaftler und Aktivisten die Wirksamkeit der Maßnahme in Frage stellen. Beim Cloud Seeding werden Partikel wie Silberjod versprüht.","India’s cloud seeding trials ‘costly spectacle’. India’s efforts to combat air pollution by using cloud seeding in its sprawling capital New Delhi appear to have fallen flat, with scientists and activists questioning the effectiveness of the move. Cloud seeding involves spraying particles such as silver iod…","nubes seminis Indiae iudiciis 'spectaculum pretiosum'. India conatus est ad colluvionem aeris colluviem adhibendo nubem seminis in capitis sui diffusione New Delhi plana cecidisse videntur, cum docti et activistae efficaciam movendi interrogantes. Nubes seminis particulas spargit ut argenti xd ...",2025-11-24 04:09:55+00:00
92dadb0a2fa4a23dbbfbf2f8c9521b06,2025-11-02T03:07:17Z,'cloud seeding',economictimes.indiatimes.com,en,0.9,India's cloud seeding trials 'costly spectacle',"India's efforts to combat air pollution by using cloud seeding in its sprawling capital New Delhi appear to have fallen flat, with scientists and activists questioning the effectiveness of the move. However, two atmospheric scientists at IIT Delhi called the …",https://economictimes.indiatimes.com/news/india/indias-cloud-seeding-trials-costly-spectacle/articleshow/125028317.cms,"https://img.etimg.com/thumb/msid-125028346,width-1200,height-630,imgsize-84488,overlay-economictimes/articleshow.jpg",,"India's efforts to combat air pollution by using cloud seeding in its sprawling capital New Delhi appear to have fallen flat, with scientists and activists questioning the effectiveness of the move.C… [+3696 chars]",,"Indiens Cloud-Seeding-Versuche sind ein „kostspieliges Spektakel“. Indiens Bemühungen, die Luftverschmutzung durch den Einsatz von Cloud-Seeding in seiner weitläufigen Hauptstadt Neu-Delhi zu bekämpfen, scheinen gescheitert zu sein, da Wissenschaftler und Aktivisten die Wirksamkeit der Maßnahme in Frage stellen. Zwei Atmosphärenforscher am IIT Delhi nannten die …","India's cloud seeding trials 'costly spectacle'. India's efforts to combat air pollution by using cloud seeding in its sprawling capital New Delhi appear to have fallen flat, with scientists and activists questioning the effectiveness of the move. However, two atmospheric scientists at IIT Delhi called the …","Nubes Indiae seminis iudiciorum 'spectaculum pretiosum'. Indiae nisus est ad colluvionem aeris colluviem adhibendo nubem seminis in capite suo diffusae New Delhi plana cecidisse videntur, cum phisicis et activistis efficaciam movent interrogantes. Sed duo phisici atmosphaerici IIT Delhi vocati sunt ...",2025-11-24 04:09:55+00:00
b1ac70585d333a1e4360d57809eceec5,2025-11-03T03:16:53Z,'cloud seeding',www.thehindubusinessline.com,en,0.9,Delhi cloud seeding trials purely an experiment: Government official,"Last month, the Delhi government, in collaboration with IIT Kanpur, conducted cloud seeding trials in parts of the national capital to ease the city’s air pollution crisis",https://www.thehindubusinessline.com/news/science/delhi-cloud-seeding-trials-purely-an-experiment-government-official/article70234811.ece,https://bl-i.thgim.com/public/incoming/10oe6o/article70234825.ece/alternates/LANDSCAPE_1200/TH28-Nikhil-DelGBTF39ESE.3.jpg.jpg,,"The recent cloud seeding trials in New Delhi were purely an experiment, Ministry of Earth Sciences Secretary M Ravichandran has said, stressing that such tests are essential to assess their feasibili… [+1710 chars]",,"Cloud-Seeding-Versuche in Delhi sind ein reines Experiment: Regierungsbeamter. Letzten Monat führte die Regierung von Delhi in Zusammenarbeit mit dem IIT Kanpur in Teilen der Landeshauptstadt Cloud-Seeding-Versuche durch, um die Luftverschmutzungskrise der Stadt zu lindern","Delhi cloud seeding trials purely an experiment: Government official. Last month, the Delhi government, in collaboration with IIT Kanpur, conducted cloud seeding trials in parts of the national capital to ease the city’s air pollution crisis","Delhi nubes seminis tentationum pure experimentum: Gubernatio officialis. Ultimo mense, regimen Delhi, in collaboratione cum IIT Kanpur, nubem seminis iudiciis in partibus capitis nationalis administravit ut urbem discrimine pollutionis aeris leniret.",2025-11-24 04:09:55+00:00
2a51f5779232aae8865bab3ade83b349,2025-11-07T00:30:00Z,'cloud seeding',www.thehindubusinessline.com,en,0.9,Can cloud seeding ease Delhi’s pollution?,"Artificial rain, at best, offers only fleeting relief. Also, it raises questions about chemical accumulation in soil and water bodies",https://www.thehindubusinessline.com/opinion/can-cloud-seeding-ease-delhis-pollution/article70249442.ece,https://bl-i.thgim.com/public/incoming/unfp75/article70249439.ece/alternates/LANDSCAPE_1200/PTI10_28_2025_000273A.jpg,,"When Delhis skies turn a pallid grey and the Air Quality Index enters the severe zone, desperate measures often seem justified. This year, the city is preparing to attempt something unprecedented in … [+6014 chars]",,Kann Cloud Seeding die Umweltverschmutzung in Delhi verringern? Künstlicher Regen bietet bestenfalls nur vorübergehende Linderung. Außerdem wirft es Fragen zur Anreicherung chemischer Stoffe im Boden und in Gewässern auf,"Can cloud seeding ease Delhi’s pollution?. Artificial rain, at best, offers only fleeting relief. Also, it raises questions about chemical accumulation in soil and water bodies","Possuntne nubes seminis ease pollutionis Delhi?. Pluviis artificialis, ut melius, solatium leve praebet. Item quaestiones movet de congerie chemica in terra et aqua corporum",2025-11-24 04:09:55+00:00
6539a4637e92d4d34afd4d86daeca869,2025-11-08T14:55:40Z,'cloud seeding',economictimes.indiatimes.com,en,0.9,"Public health at very high risk, serious measures should be taken: Top Expert on increasing air pollution in Delhi","Naresh Trehan said that the increasing air pollution in Delhi remains a cause of concern for public health. Speaking on preventive measures to curb the crisis of air pollution, he said that the cloud seeding will work only if humidity levels are 60 per cent o…",https://economictimes.indiatimes.com/news/india/public-health-at-very-high-risk-serious-measures-should-be-taken-top-expert-on-increasing-air-pollution-in-delhi/articleshow/125186995.cms,"https://img.etimg.com/thumb/msid-125187011,width-1200,height-630,imgsize-25978,overlay-economictimes/articleshow.jpg",,"As temperatures drop in Delhi NCR, the Air Quality Index (AQI) has come under the 'hazardous' category on Saturday, as of 7 pm. Top expert Naresh Trehan flagged several cases of hospitalisation due t… [+1848 chars]",,"Die öffentliche Gesundheit ist sehr gefährdet, es sollten ernsthafte Maßnahmen ergriffen werden: Top-Experte zur zunehmenden Luftverschmutzung in Delhi. Naresh Trehan sagte, dass die zunehmende Luftverschmutzung in Delhi weiterhin Anlass zur Sorge für die öffentliche Gesundheit gebe. Als er über vorbeugende Maßnahmen zur Eindämmung der Luftverschmutzungskrise sprach, sagte er, dass die Wolkenbildung nur funktionieren werde, wenn die Luftfeuchtigkeit 60 Prozent beträgt.","Public health at very high risk, serious measures should be taken: Top Expert on increasing air pollution in Delhi. Naresh Trehan said that the increasing air pollution in Delhi remains a cause of concern for public health. Speaking on preventive measures to curb the crisis of air pollution, he said that the cloud seeding will work only if humidity levels are 60 per cent o…","Valetudo publica in maximo periculo, gravia consilia capienda sunt: ​​Top Peritus augendae aeris pollutionis in Delhi. Naresh Trehan dixit inquinationem aeris augendam in Delhi manere causam curationis publicae salutis. Loquens de mensuras praecavendas ad reprimendum discrimen aeris pollutionis, dixit nubes seminis tantum operabitur si gradus humiditatis sunt 60 centesimae o…",2025-11-24 04:09:55+00:00
3a4267f0f1c34a177e0fad08ba3c0972,2025-11-19T14:00:00Z,'water management',journals.plos.org,en,0.9,Human dimensions in water crisis management: Gender bias in water manager appraisals and implications for water decision-making,"Climate change increases water crises’ frequency and intensity, requiring more effective solutions and water management. Environmental scholars have found gender-diverse teams make more sustainable, efficient, and equitable solutions. However, women remain un…",https://journals.plos.org/water/article?id=10.1371/journal.pwat.0000460,https://journals.plos.org/water/article/figure/image?id=10.1371/journal.pwat.0000460.g003&size=inline,,"Abstract
Climate change increases water crises frequency and intensity, requiring more effective solutions and water management. Environmental scholars have found gender-diverse teams make more sust… [+49737 chars]",,"Menschliche Dimensionen im Wasserkrisenmanagement: Geschlechtsspezifische Voreingenommenheit bei der Beurteilung von Wassermanagern und Auswirkungen auf die Entscheidungsfindung im Wasserbereich. Der Klimawandel erhöht die Häufigkeit und Intensität von Wasserkrisen und erfordert effektivere Lösungen und Wassermanagement. Umweltwissenschaftler haben herausgefunden, dass geschlechtsspezifische Teams nachhaltigere, effizientere und gerechtere Lösungen liefern. Allerdings bleiben Frauen un…","Human dimensions in water crisis management: Gender bias in water manager appraisals and implications for water decision-making. Climate change increases water crises’ frequency and intensity, requiring more effective solutions and water management. Environmental scholars have found gender-diverse teams make more sustainable, efficient, and equitable solutions. However, women remain un…","Humanae dimensiones in aqua discriminis procuratio: Gender bias in aqua, villicus aestimationes et effectus pro aquae deliberatione. Mutatio climatis auget crisi aquarum frequentiam et intensionem, solutiones efficaciores et administrationem aquae requirens. Scholares environmentales invenerunt genera-diversas iunctiones magis sustinendas, efficaces et aequabiles solutiones faciunt. Sed mulieres un…",2025-11-24 08:52:57+00:00
dc549517c8c9f7c94cb9196e2da3bb43,2025-11-21T22:41:41Z,'drought weather',www.cbc.ca,en,0.8,"Dawson Creek, B.C., applies for emergency water permits amid historic drought","The northeast B.C. city remains under a state of local emergency as winter weather threatens to freeze off flows from the nearby Kiskatinaw River, which is at historic lows after years of drought.",https://www.cbc.ca/news/canada/british-columbia/dawson-creek-emergency-water-supply-permits-9.6988223,"https://i.cbc.ca/ais/8b817c52-50a6-49e8-b48b-4fa3eec62cbc,1760484734573/full/max/0/default.jpg?im=Crop%2Crect%3D%280%2C94%2C1800%2C1012%29%3BResize%3D620",,"The City of Dawson Creek says it has applied for permits to bring in emergency water supplies this winter amid historic drought conditions.
The northeast B.C. city remains under a state of local eme… [+1802 chars]",,"Dawson Creek, B.C., beantragt inmitten historischer Dürre Notfallgenehmigungen für die Wasserversorgung. Der Nordosten v. Chr. In der Stadt herrscht weiterhin lokaler Ausnahmezustand, da das Winterwetter droht, die Zuflüsse des nahegelegenen Kiskatinaw-Flusses, der nach Jahren der Dürre einen historischen Tiefstand erreicht hat, zum Stillstand zu bringen.","Dawson Creek, B.C., applies for emergency water permits amid historic drought. The northeast B.C. city remains under a state of local emergency as winter weather threatens to freeze off flows from the nearby Kiskatinaw River, which is at historic lows after years of drought.","Dawson Creek, B.C., applicatio aquae subitis permittit inter siccitatem historicam. inter septentriones et B.C. Urbs manet sub statu locali subitis, quod tempestas hiemalis minatur alget fluit e vicino Kiskatinaw Flumen, quod apud historicum sequitur post annos siccitatis.",2025-11-24 14:47:39+00:00
7d38c339dbc3f28a3acaaacf61d9886a,2025-11-11T14:57:04Z,'cloud seeding',www.rt.com,en,0.8,Arab state seeding clouds to get water,The UAE is spending millions of dollars annually to address its chronic water shortage by triggering rainfall Read Full Article at RT.com,https://www.rt.com/news/627633-uae-artificial-rain/,https://mf.b37mrtl.ru/files/2025.11/article/69133b8185f5403c851a5814.jpg,,"The United Arab Emirates has turned to cloud seeding in an effort to address its chronic water shortage, a local research director has said.
Cloud seeding is a costly operation, with the UAE spendin… [+1875 chars]",,"Arabischer Staat sät Wolken, um an Wasser zu kommen. Die VAE geben jedes Jahr Millionen von Dollar aus, um ihren chronischen Wassermangel durch die Auslösung von Regenfällen zu bekämpfen. Den vollständigen Artikel finden Sie auf RT.com",Arab state seeding clouds to get water. The UAE is spending millions of dollars annually to address its chronic water shortage by triggering rainfall Read Full Article at RT.com,Status Arabum sementis nubibus aquandi. UAE decies centena milia dollariorum quotannis impendit ut aquam suam longam penuriam movens pluviis legatur Articulus Full at RT.com,2025-11-25 14:47:52+00:00
b10ccb1fc4aa5e471b34ee36d547f42c,2025-11-16T20:19:14Z,'cloud seeding',www.israelnationalnews.com,en,0.8,Following drought: Iran begins seeding clouds,"Acting after dozens of years of drought, Iranian authorities begin taking action to create clouds, cause rain to fall.",https://www.israelnationalnews.com/news/417875,https://2.a7.org/files/pictures/000/1092775.jpg,,"After experiencing the most severe drought in decades, which led to an acute shortage of drinking water, Iranian authorities have decided to begin a cloud-seeding campaign in an effort to generate ra… [+1230 chars]",,"Nach der Dürre: Der Iran beginnt, Wolken zu säen. Nach Dutzenden Jahren der Dürre beginnen die iranischen Behörden Maßnahmen zu ergreifen, um Wolken zu erzeugen und Regen fallen zu lassen.","Following drought: Iran begins seeding clouds. Acting after dozens of years of drought, Iranian authorities begin taking action to create clouds, cause rain to fall.","Sequens siccitas: Iran in nubibus seminis incipit. Post justos annos siccitatis agere, auctores Iraniani actionem ad nubes creandas incipiunt, pluviam incidere faciunt.",2025-11-26 04:00:12+00:00
954ecd9d9c0b1502bbbfafae9f16454e,2025-11-16T16:49:17Z,'cloud seeding',www.bbc.com,en,0.9,Iran begins cloud seeding to induce rain amid historic drought,Iran’s largest lake has largely dried out and people are resorting to praying for rain in some areas,https://www.bbc.com/news/articles/cj4172yl0l1o,https://ichef.bbci.co.uk/news/1024/branded_news/6888/live/41ee2db0-c300-11f0-bdc1-a928b34ade94.jpg,,"Water levels in Tehran's Amirkabir dam are at 8% of capacity, officials say

Authorities in Iran have sprayed clouds with chemicals to induce rain, in an attempt to combat the country's worst drought… [+1962 chars]",,"Der Iran beginnt mit der Aussaat von Wolken, um inmitten historischer Dürre Regen auszulösen. Irans größter See ist weitgehend ausgetrocknet und die Menschen beten in einigen Gebieten um Regen",Iran begins cloud seeding to induce rain amid historic drought. Iran’s largest lake has largely dried out and people are resorting to praying for rain in some areas,Irania nubes seminis incipit ut pluviam inter siccitatem historicam inducat. Lacus maxima Irania multum exaruit et homines in quibusdam locis pro pluvia orantes concurrunt,2025-11-26 04:00:12+00:00
c6b12043d7cc9b1a7ab109392660dcb1,2025-11-22T13:50:00Z,'water management',www.activistpost.com,en,0.8,Incoming: Millions of Water Refugees from Iran,"Tehran is at risk of becoming uninhabitable due to a severe drought that has led to a severe water shortage. The drought has been the catalyst to expose decades of government mismanagement that caused Iran’s water supply to run dry. Now, the government is pre…",https://www.activistpost.com/incoming-millions-of-water-refugees-from-iran/,https://www.activistpost.com/wp-content/uploads/2025/11/Tehran-Iran-2.jpg,,Tehran is at risk of becoming uninhabitable due to a severe drought that has led to a severe water shortage. The drought has been the catalyst to expose decades of government mismanagement that cause… [+1846 chars],,"Im Anmarsch: Millionen Wasserflüchtlinge aus dem Iran. Teheran droht aufgrund einer schweren Dürre, die zu einem gravierenden Wassermangel geführt hat, unbewohnbar zu werden. Die Dürre war der Auslöser dafür, dass jahrzehntelanges Missmanagement der Regierung aufgedeckt wurde, das dazu geführt hat, dass die Wasserversorgung des Iran versiegt. Jetzt ist die Regierung vor…","Incoming: Millions of Water Refugees from Iran. Tehran is at risk of becoming uninhabitable due to a severe drought that has led to a severe water shortage. The drought has been the catalyst to expose decades of government mismanagement that caused Iran’s water supply to run dry. Now, the government is pre…","Ineuntes: Ingentis aquae profugorum ex Irania. Tehran periculum est se inhabitabilem fieri ob siccitatem gravem quae aquae penuriam gravem duxit. Siccitas catalysta fuit ad decennia mali administrationis exponere quae copia aquarum Irania ad siccitatem causavit. Nunc, principatus praeest...",2025-11-26 08:51:50+00:00
e975ca42290670a9f9d5c5a5d8295a47,2025-11-16T04:42:17Z,'drought climate change',www.sciencedaily.com,en,0.2,Extreme floods are slashing global rice yields faster than expected,"Scientists discovered that a week of full submergence is enough to kill most rice plants, making flooding a far greater threat than previously understood. Intensifying extreme rainfall events may amplify these losses unless vulnerable regions adopt more resil…",https://www.sciencedaily.com/releases/2025/11/251115095918.htm,https://www.sciencedaily.com/images/1920/farmers-harvesting-rice-in-flooded-field.webp,,"Intense flooding has significantly reduced rice harvests around the world in recent decades, putting at risk the food supply of billions of people who rely on the grain as a dietary staple. Between 1… [+4819 chars]",,"Extreme Überschwemmungen lassen die weltweiten Reiserträge schneller sinken als erwartet. Wissenschaftler haben herausgefunden, dass eine Woche völliger Überschwemmung ausreicht, um die meisten Reispflanzen zu töten, was Überschwemmungen zu einer weitaus größeren Bedrohung macht als bisher angenommen. Die Intensivierung extremer Regenfälle kann diese Verluste verstärken, sofern gefährdete Regionen nicht widerstandsfähiger werden.","Extreme floods are slashing global rice yields faster than expected. Scientists discovered that a week of full submergence is enough to kill most rice plants, making flooding a far greater threat than previously understood. Intensifying extreme rainfall events may amplify these losses unless vulnerable regions adopt more resil…","Inundationes extremae caesim globalem oryzae celerius reddit quam expectatur. Scientes invenerunt septimanam submersionis plenae satis esse ad plurimas oryzas plantas necandas, inundationem multo maiorem comminationem quam ante intellexerunt. Auget extremae pluviae eventus haec damna amplificare possunt, nisi regiones vulnerabiles plus resil... capiunt.",2025-11-26 16:12:06+00:00
c3bdc94e34cf870f1ab086252f15a16b,2025-11-14T21:04:30Z,'drought climate change',www.npr.org,en,0.8,Jordan prays for rain as drought hits olive harvest,"As world leaders meet in Brazil to discuss climate change, Jordanians pray for rain.",https://www.npr.org/2025/11/14/nx-s1-5605864/jordan-prays-for-rain-as-drought-hits-olive-harvest,https://media.npr.org/include/images/facebook-default-wide-s1400-c100.jpg,,"As world leaders meet in Brazil to discuss climate change, Jordanians pray for rain.",,"Jordan betet um Regen, während die Olivenernte von Dürre heimgesucht wird. Während sich die Staats- und Regierungschefs der Welt in Brasilien treffen, um über den Klimawandel zu diskutieren, beten die Jordanier um Regen.","Jordan prays for rain as drought hits olive harvest. As world leaders meet in Brazil to discuss climate change, Jordanians pray for rain.","Iordanis orat pluviam sicut siccitas pervenit olivae. Cum principes orbis terrarum in Brasilia conveniant ut de mutatione climatis, Jordaniani pro pluvia orent.",2025-11-26 16:12:06+00:00
e8c4f74a0f35e113b8b13f3bb69d2063,2025-11-18T12:12:05Z,'cloud seeding',biztoc.com,en,0.8,Iran turns to cloud-seeding to fight drought,"Iran began cloud-seeding operations in an attempt to induce rainfall to alleviate a devastating drought.
The state news agency IRNA said a seeding flight took off on Saturday; the practice involves spraying particles, such as salt or silver iodide, into cloud…",https://biztoc.com/x/ea2db4272b711eae,https://biztoc.com/cdn/ea2db4272b711eae_s.webp,,Iran began cloud-seeding operations in an attempt to induce rainfall to alleviate a devastating drought.The state news agency IRNA said a seeding flight took off on Saturday; the practice involves sp… [+138 chars],,"Der Iran setzt auf Wolkensaat, um Dürre zu bekämpfen. Der Iran begann mit Wolkensaatoperationen, um Regen auszulösen und eine verheerende Dürre zu lindern.
Die staatliche Nachrichtenagentur IRNA sagte, am Samstag sei ein Seeding-Flug gestartet; Dabei werden Partikel wie Salz oder Silberjodid in eine Wolke gesprüht.","Iran turns to cloud-seeding to fight drought. Iran began cloud-seeding operations in an attempt to induce rainfall to alleviate a devastating drought.
The state news agency IRNA said a seeding flight took off on Saturday; the practice involves spraying particles, such as salt or silver iodide, into cloud…","Irania vertit ad nubilum semen ad siccitatem pugnandam. Irania operationes nubis seminis incepit in conatum pluviam inducere ad siccitatem populationis sublevandam.
In re publica nuntiorum procuratione Irna dixit seminis fuga Saturni die exuit; praxis spargit particulas, ut sal vel argentum iodidam in nubem…",2025-11-28 08:52:06+00:00
0d3a8c09d3934b23c93bf1a64eb0e8ee,2025-11-16T11:55:55Z,'cloud seeding',www.hurriyetdailynews.com,en,0.9,Iran begins cloud seeding operations as severe drought bites,"Iranian authorities have launched cloud seeding operations to induce rainfall as the country faces its worst drought in decades, state media has reported.",https://www.hurriyetdailynews.com/iran-begins-cloud-seeding-operations-as-severe-drought-bites-215791,https://image.hurimg.com/i/hurriyet/75/200x200/6919bbc841322a828b4cdbc6.jpg,,"TEHRAN
Iranian authorities have launched cloud seeding operations to induce rainfall as the country faces its worst drought in decades, state media has reported.
""Today, a cloud seeding flight was … [+1406 chars]",,"Angesichts der schweren Dürre beginnt der Iran mit der Wolkensaat. Wie staatliche Medien berichteten, haben die iranischen Behörden Wolkensaataktionen eingeleitet, um Niederschläge herbeizuführen, da das Land mit der schlimmsten Dürre seit Jahrzehnten konfrontiert ist.","Iran begins cloud seeding operations as severe drought bites. Iranian authorities have launched cloud seeding operations to induce rainfall as the country faces its worst drought in decades, state media has reported.",Irania nubes seminis incipit operationes ut graves siccitatis morsus. Iraniani auctores nubes seminis operationes immiserunt ad pluviam inducendam sicut regionem suam pessimam siccitatem in decenniis publicis instrumentis nuntiavit.,2025-11-28 08:52:06+00:00
5fe5b82514de567cfa0361fb884ac10d,2025-11-18T10:19:28Z,'cloud seeding',www.newscientist.com,en,0.9,What is cloud seeding and could it end the drought in Iran?,"Facing its worst drought in decades, Iran is attempting to stimulate rain by spreading seeding agents in clouds, but the technique is likely to have modest benefits at best",https://www.newscientist.com/article/2504724-what-is-cloud-seeding-and-could-it-end-the-drought-in-iran/,https://images.newscientist.com/wp-content/uploads/2025/11/18100737/SEI_274681593.jpg,,"A dry riverbed near Latyan dam, one of the main water sources for Tehran, Iran
BAHRAM/Middle East Images/AFP via Getty Images
Iran is experiencing a drought so intense that the countrys president h… [+4331 chars]",,"Was ist Cloud Seeding und könnte es die Dürre im Iran beenden? Angesichts der schlimmsten Dürre seit Jahrzehnten versucht der Iran, den Regen durch die Ausbreitung von Saatgut in Wolken anzuregen, aber die Technik dürfte bestenfalls bescheidene Vorteile bringen","What is cloud seeding and could it end the drought in Iran?. Facing its worst drought in decades, Iran is attempting to stimulate rain by spreading seeding agents in clouds, but the technique is likely to have modest benefits at best","Quid est nubes seminis et siccitas in Irania finire? Irania contra suam siccitatem pessimam in decenniis pluviam in nubibus spargendo seminis agentium incitare conatur, ars autem mediocria beneficia in optimis artibus habitura est.",2025-11-28 08:52:06+00:00
ff149cb32a72874158fd09c5d20ed038,2025-11-17T19:21:00Z,'cloud seeding',news.slashdot.org,en,0.8,Iran Begins Cloud Seeding To Induce Rain Amid Historic Drought,"Authorities in Iran have sprayed clouds with chemicals to induce rain, in an attempt to combat the country's worst drought in decades. From a report: Known as cloud-seeding, the process was conducted over the Urmia lake basin on Saturday, Iran's official news…",https://news.slashdot.org/story/25/11/17/1749243/iran-begins-cloud-seeding-to-induce-rain-amid-historic-drought,https://a.fsdn.com/sd/topics/earth_64.png,,"Known as cloud-seeding, the process was conducted over the Urmia lake basin on Saturday, Iran's official news agency Irna reported. Urmia is Iran's largest lake, but has largely dried out leaving a v… [+794 chars]",,"Der Iran beginnt mit der Wolkensaat, um inmitten historischer Dürre Regen auszulösen. Die Behörden im Iran haben Wolken mit Chemikalien besprüht, um Regen auszulösen, um die schlimmste Dürre des Landes seit Jahrzehnten zu bekämpfen. Aus einem Bericht: Der als Cloud-Seeding bekannte Prozess wurde am Samstag über dem Becken des Urmia-Sees durchgeführt, so die offizielle iranische Nachricht…","Iran Begins Cloud Seeding To Induce Rain Amid Historic Drought. Authorities in Iran have sprayed clouds with chemicals to induce rain, in an attempt to combat the country's worst drought in decades. From a report: Known as cloud-seeding, the process was conducted over the Urmia lake basin on Saturday, Iran's official news…","Irania incipit Cloud Seminis ad inducendum Nubila Inter Historiae siccitatis. Auctoritates in Irania nubes spargunt oeconomiae ut pluviam inducunt, in conatu pessimi siccitatis patriae in decenniis pugnare. Ex relatione: Notus ut nubilum semen processus super Urmiae lacum pelvem die Sabbati deductus est, nuntium officialem Iran…",2025-11-30 14:41:52+00:00
f7dc03fc82747f3ff2dc18db60e0c959,2025-11-19T21:03:30Z,'cloud seeding',www.breitbart.com,en,0.8,Iran Suffers Flash Flooding After Cloud-Seeding to Combat Drought,"Iran made an all-out effort last week to combat a severe drought by seeding the clouds with chemicals to produce rain. The technique appears to have worked all too well, as heavy rainfall caused flooding in portions of western Iran on Monday.
The post Iran Su…",https://www.breitbart.com/middle-east/2025/11/19/iran-suffers-flash-flooding-after-cloud-seeding-to-combat-drought/,https://media.breitbart.com/media/2025/11/AP22209515061255-640x335.png,http://web.archive.org/web/20251125132703/https://www.breitbart.com/middle-east/2025/11/19/iran-suffers-flash-flooding-after-cloud-seeding-to-combat-drought/,"Iran made an all-out effort last week to combat a severe drought by seeding the clouds with chemicals to produce rain. The technique appears to have worked all too well, as heavy rainfall caused floo… [+4176 chars]",,"Iran erleidet Sturzfluten nach Wolkensaat zur Bekämpfung der Dürre. Der Iran hat letzte Woche alle Anstrengungen unternommen, um eine schwere Dürre zu bekämpfen, indem er die Wolken mit Chemikalien besprühte, um Regen zu erzeugen. Die Technik scheint nur allzu gut funktioniert zu haben, da heftige Regenfälle am Montag in Teilen des westlichen Iran zu Überschwemmungen führten.
Der Beitrag Iran Su…","Iran Suffers Flash Flooding After Cloud-Seeding to Combat Drought. Iran made an all-out effort last week to combat a severe drought by seeding the clouds with chemicals to produce rain. The technique appears to have worked all too well, as heavy rainfall caused flooding in portions of western Iran on Monday.
The post Iran Su…","Irania Flash inundationem patitur post Cloud-Seminis ad siccitatem Certamina. Irania ultima septimana totum conatum fecit ut gravem siccitatem seminaret nubes cum oeconomia ad pluviam producendam. Ars nimis bene laborasse videtur, sicut pluviae graves inundationem in partibus Irania occidentalis die Lunae attulerunt.
Post Iran ...",2025-11-30 14:41:52+00:00
f83dbf7e1aa2087c27293c354e078ea3,2025-11-17T12:45:37Z,'cloud seeding',biztoc.com,en,0.8,Crisis-Hit Iran Activates Emergency Cloud Plan,"Iran is facing one of its most severe droughts in decades, prompting authorities to accelerate cloud-seeding operations and implement water rationing in Tehran and other major cities. Officials warn that without substantial rainfall before winter, parts of th…",https://biztoc.com/x/955134ebf373e06f,https://biztoc.com/cdn/955134ebf373e06f_s.webp,,"Iran is facing one of its most severe droughts in decades, prompting authorities to accelerate cloud-seeding operations and implement water rationing in Tehran and other major cities. Officials warn … [+141 chars]",,"Krisengebeutelter Iran aktiviert Notfall-Cloud-Plan. Der Iran ist mit einer der schwersten Dürren seit Jahrzehnten konfrontiert, was die Behörden dazu veranlasst, die Wolkensaat zu beschleunigen und in Teheran und anderen Großstädten eine Wasserrationierung einzuführen. Beamte warnen davor, dass Teile des Landes ohne nennenswerte Niederschläge vor dem Winter …","Crisis-Hit Iran Activates Emergency Cloud Plan. Iran is facing one of its most severe droughts in decades, prompting authorities to accelerate cloud-seeding operations and implement water rationing in Tehran and other major cities. Officials warn that without substantial rainfall before winter, parts of th…",Persia Crisis-Hit Activat Subitis Cloud Plan. Irania contra unam e siccitatibus gravissimis in decenniis suasit auctoritates ad operationes nubilum seminis accelerandas et ratiocinationem aquae deducendi in Tehran et aliis urbibus maioribus. Magistratus monent sine substantiali pluvia ante hiemem partes th…,2025-12-01 04:35:59+00:00
6615d80d812ec3c441f92779cd5a5425,2025-11-16T22:32:23Z,'cloud seeding',www.abc.net.au,en,0.9,Iran begins cloud seeding operations as severe drought bites,Cloud seeding involves spraying particles such as silver iodide and salt into clouds from aircraft to trigger rain.,https://www.abc.net.au/news/2025-11-17/iran-cloud-seeding-worst-drought-in-decades/106016566,https://live-production.wcms.abc-cdn.net.au/6562b6a6be44861e7fc08221368ed7f9?impolicy=wcms_watermark_news&cropH=2813&cropW=5000&xPos=0&yPos=260&width=862&height=485&imformat=generic,,"Iranian authorities have launched cloud seeding operations to induce rainfall as the country faces its worst drought in decades, according to state media.
Videos broadcast by local media on Sunday s… [+2348 chars]",,"Angesichts der schweren Dürre beginnt der Iran mit der Wolkensaat. Beim Cloud Seeding werden Partikel wie Silberiodid und Salz aus Flugzeugen in die Wolken gesprüht, um Regen auszulösen.",Iran begins cloud seeding operations as severe drought bites. Cloud seeding involves spraying particles such as silver iodide and salt into clouds from aircraft to trigger rain.,Irania nubes seminis incipit operationes ut graves siccitatis morsus. Clouds seminis spargit particulas ut argentum iodidum et salem in nubes ab aircraft ad pluviam felis.,2025-12-01 04:35:59+00:00
f3b898f32742e373b3f409058ab5fb44,2025-11-26T17:58:37Z,'drought reservoir',en.protothema.gr,en,0.8,Athens declared on red alert for drought on Friday – Patmos and Leros follow tomorrow,"The official announcement from the Regulatory Authority for Waste, Energy, and Water regarding the two islands—and subsequently for Attica—is a matter of hours away — Water reserves in the Mornos reservoir are at historic lows
The post Athens declared on red …",https://en.protothema.gr/2025/11/26/athens-declared-on-red-alert-for-drought-on-friday-patmos-and-leros-follow-tomorrow/,https://en.protothema.gr/wp-content/uploads/2025/11/Screenshot-2025-11-26-at-8.04.48-PM.png,,"Athens will be placed on a red alert status due to drought starting Friday, with the islands of Patmos and Leros to follow in the coming hours. The official announcement is expected soon from the Reg… [+1010 chars]",,"Athen hat am Freitag wegen Dürre Alarmstufe Rot ausgerufen – Patmos und Leros folgen morgen. Die offizielle Ankündigung der Regulierungsbehörde für Abfall, Energie und Wasser für die beiden Inseln – und anschließend für Attika – ist nur noch eine Frage von Stunden entfernt – die Wasserreserven im Mornos-Stausee sind auf einem historischen Tiefstand
Der Beitrag, den Athen auf Rot erklärte …","Athens declared on red alert for drought on Friday – Patmos and Leros follow tomorrow. The official announcement from the Regulatory Authority for Waste, Energy, and Water regarding the two islands—and subsequently for Attica—is a matter of hours away — Water reserves in the Mornos reservoir are at historic lows
The post Athens declared on red …","Athenienses die Veneris siccitatis intentum rubrum declaraverunt – cras Patmos et Leros sequuntur. Denuntiatio publica ex auctoritate Regulatoriae pro Vasto, Energy, et Aqua de duabus insulis, et postea in Atticam — horarum est — aquae in subsidiis Mornos alveus sunt in historicis;
Nuncius Athenis in rubris ... declaravit",2025-12-02 20:47:00+00:00
2abf09bc26d478907f4c60357cb2414e,2025-11-17T09:47:57Z,'rain making',www.aljazeera.com,en,0.8,Landslides kill dozens as heavy rains lash Southeast Asia,Scientists warn climate change making Southeast Asia's rainy season increasingly hazardous.,https://www.aljazeera.com/news/2025/11/17/landslides-kill-dozens-as-heavy-rains-lash-southeast-asia,https://www.aljazeera.com/wp-content/uploads/2025/09/AFP__20250927__76XM8G3__v1__HighRes__PhilippinesWeatherStorm-1759212306.jpg?resize=1920%2C1440,,"Dozens of people have been killed in Southeast Asia as the rainy season unleashes landslides.
At least 18 people have been killed in Indonesia over the past week, authorities said on Monday. In Viet… [+2565 chars]",,"Erdrutsche töten Dutzende Menschen, während heftige Regenfälle Südostasien heimsuchen. Wissenschaftler warnen davor, dass der Klimawandel die Regenzeit in Südostasien immer gefährlicher machen würde.",Landslides kill dozens as heavy rains lash Southeast Asia. Scientists warn climate change making Southeast Asia's rainy season increasingly hazardous.,Landslides justos occidunt sicut pluviae graves verberant Southeast Asia. Physici monent mutationem climatis mutationem Asiae Southeast Asiae tempore pluvioso magis magisque periculosam facere.,2025-12-03 14:50:03+00:00
7ce00b125cc48a1121c165b59a0ede00,2025-11-24T00:25:21Z,'cloud seeding',theweek.com,en,0.9,‘Like a gas chamber’: the air pollution throttling Delhi,"Indian capital has tried cloud seeding to address the crisis, which has seen schools closed and outdoor events suspended",https://theweek.com/environment/like-a-gas-chamber-the-air-pollution-throttling-delhi,https://cdn.mos.cms.futurecdn.net/WmTd6a4aJcQ3nUwge3aa6-2000-80.jpg,,"Protesters in Delhi wore oxygen masks and carried gas cylinders as they took to the streets to highlight the authorities’ failure to tackle the city’s ever-worsening air pollution.
There’s a “dystop… [+3075 chars]",,"„Wie eine Gaskammer“: Die Luftverschmutzung drosselt Delhi. Die indische Hauptstadt hat versucht, Cloud-Seed einzusetzen, um die Krise zu bewältigen, die zur Schließung von Schulen und zur Einstellung von Veranstaltungen im Freien geführt hat","‘Like a gas chamber’: the air pollution throttling Delhi. Indian capital has tried cloud seeding to address the crisis, which has seen schools closed and outdoor events suspended","'sicut cubicularius gasi': caeli pollutio suffocationis Delhi. Caput Indian nubes seminis temptavit ad discrimen electronicum, quod scholas clausas et eventus velit suspensos viderit",2025-12-03 20:47:52+00:00
0093893372db3d60f9bb0cb2ea333e4b,2025-11-29T09:40:15Z,'irrigation',en.protothema.gr,en,0.9,Drought: Attica counts every drop of water – Reservoirs below 30%,"NTUA records the second-largest drought after 1988–1994 – Proposal to halt irrigation if the rainfall deficit continues – Reduced inflows for 3 consecutive years – risk of shortages up to 30 million m³
The post Drought: Attica counts every drop of water – Res…",https://en.protothema.gr/2025/11/29/drought-attica-counts-every-drop-of-water-reservoirs-below-30/,https://en.protothema.gr/wp-content/uploads/2025/11/mornos-mak-3.jpg-3.jpg,,"Attica is experiencing one of the most severe drought periods of recent decades, recorded by the National Technical University of Athens (NTUA) as the second most significant dry episode after 198819… [+4119 chars]",,"Dürre: Attika zählt jeden Tropfen Wasser – Stauseen unter 30 %. NTUA verzeichnet die zweitgrößte Dürre nach 1988–1994 – Vorschlag, die Bewässerung einzustellen, wenn das Niederschlagsdefizit anhält – Reduzierte Zuflüsse in 3 aufeinanderfolgenden Jahren – Risiko von Engpässen bis zu 30 Millionen m³
Der Beitrag Dürre: Attika zählt jeden Tropfen Wasser – Res…","Drought: Attica counts every drop of water – Reservoirs below 30%. NTUA records the second-largest drought after 1988–1994 – Proposal to halt irrigation if the rainfall deficit continues – Reduced inflows for 3 consecutive years – risk of shortages up to 30 million m³
The post Drought: Attica counts every drop of water – Res…","Siccitas: Attica omnem stillam aquae numerat - Piscinas infra 30%. NTUA commemorat siccitas secundae-maximae post 1988-1994 - Propositio rigandi claudendi, si pluviae defectus pergit - influit in per 3 annos continuos redactus - periculum inopiarum usque ad 30 decies centena m³
Post Siccitas: Attica omnem stillam aquae numerat – Res…",2025-12-09 04:03:16+00:00
e67983a9d3f78899eee2654553ac0b65,2025-11-14T00:00:00Z,'water management',www.nature.com,en,0.8,Biomimetic Janus membrane with spongy channels for directional liquid transport,"Directional liquid transport driven by the asymmetric properties of Janus fiber membranes has been used in oil-water separation and moisture management but showing limited water transport efficiency. Here, the authors optimize the porous channels of direction…",https://www.nature.com/articles/s41467-025-64964-0,https://media.springernature.com/m685/springer-static/image/art%3A10.1038%2Fs41467-025-64964-0/MediaObjects/41467_2025_64964_Fig1_HTML.png,,"Design of HNFs and biomimetic PHT Janus fiber membranes
Plant leaves form efficient water transport and vapor diffusion channels during transpiration through the complex pore structures between the … [+35508 chars]",,"Biomimetische Janusmembran mit schwammartigen Kanälen für gerichteten Flüssigkeitstransport. Der gerichtete Flüssigkeitstransport, der durch die asymmetrischen Eigenschaften von Janus-Fasermembranen angetrieben wird, wurde in der Öl-Wasser-Trennung und im Feuchtigkeitsmanagement eingesetzt, zeigte jedoch eine begrenzte Wassertransporteffizienz. Hier optimieren die Autoren die porösen Richtungskanäle…","Biomimetic Janus membrane with spongy channels for directional liquid transport. Directional liquid transport driven by the asymmetric properties of Janus fiber membranes has been used in oil-water separation and moisture management but showing limited water transport efficiency. Here, the authors optimize the porous channels of direction…","Biomimetica Iani membrana cum canali spongioso ad liquorem directionalem mittendum. Liquida oneraria directiva a proprietatibus asymmetricis Iani fibrarum membranarum agitata adhibita est in separatione aquae et umoris administratio sed limitata aquae onerariae efficientiam ostendens. Hic, auctores optimize raras directionis vias...",2025-12-11 04:10:55+00:00
08e7249254406297140632244c5cb592,2025-11-05T00:10:22Z,veryUnusualAndNeverUsedKeyword,deadline.com,en,0.2,‘Predator: Badlands’ Hopes To Alleviate Autumn’s Box Office Drought With $60M+ Global Opening – Preview,"At a time when the fall box office has hit the skids, Hollywood turns its weary eyes to a fanged tooth, fleshy headed alien to hopefully bail them out as 20th Century Studios’ Predator: Badlands is eyeing on the low-end, a $60 million global start, $25M+ of t…",http://deadline.com/2025/11/predator-badlands-box-office-projection-1236607143/,https://deadline.com/wp-content/uploads/2025/11/MCDPRBA_WD004.jpg?w=1024,,"At a time when the fall box office has hit the skids, Hollywood turns its weary eyes to a fanged tooth, fleshy headed alien to hopefully bail them out as 20th Century Studios’ Predator: Badlandsis ey… [+3955 chars]",,"„Predator: Badlands“ hofft, die Kassendürre im Herbst mit einer weltweiten Eröffnung im Wert von über 60 Millionen US-Dollar zu mildern – Vorschau. In einer Zeit, in der die Herbstkassen ins Wanken geraten sind, richtet Hollywood seine müden Augen auf einen fleischigen Außerirdischen mit Reißzähnen und fleischigem Kopf, der ihnen hoffentlich aus der Patsche helfen will, denn „Predator: Badlands“ von 20th Century Studios hat es auf das untere Preissegment abgesehen, einen weltweiten Start von 60 Millionen US-Dollar und mehr als 25 Millionen US-Dollar …","‘Predator: Badlands’ Hopes To Alleviate Autumn’s Box Office Drought With $60M+ Global Opening – Preview. At a time when the fall box office has hit the skids, Hollywood turns its weary eyes to a fanged tooth, fleshy headed alien to hopefully bail them out as 20th Century Studios’ Predator: Badlands is eyeing on the low-end, a $60 million global start, $25M+ of t…","'Predator: Badlands' Spes ad alleviandum Autumni's Box Office Siccitas Cum $60M+ Global Opening – Preview. Tempore quo casui capsulae officium scopulorum percusserit, Hollywood oculos fessos ad dentem versat, carnosa capita aliena ut spe vadat ut 20th Century Studios' Predator: Badlands in extremo fine inspicit, a $60 decies centena milia globalis initium, $25M+t...",2025-12-17 20:47:40+00:00
85d830e804085ac35437c278e0869c08,2025-11-01T19:40:01Z,veryUnusualAndNeverUsedKeyword,www.channelnewsasia.com,en,0.3,Chelsea win 1-0 at Spurs as Joao Pedro ends goal drought,"LONDON :Chelsea beat hosts Tottenham Hotspur 1-0 in the Premier League on Saturday with Brazil striker Joao Pedro scoring the only goal of the game and getting back on the scoresheet for the first time since August.Enzo Maresca's men, stung by last weekend's …",https://www.channelnewsasia.com/sport/chelsea-win-1-0-spurs-joao-pedro-ends-goal-drought-5440016,"https://dam.mediacorp.sg/image/upload/s--rwB8vIyF--/c_fill,g_auto,h_676,w_1200/fl_relative,g_south_east,l_mediacorp:cna:watermark:2024-04:reuters_1,w_0.1/f_auto,q_auto/v1/one-cms/core/2025-11-01T194001Z_1_LYNXMPELA01IN_RTROPTP_3_SOCCER-ENGLAND-TOT-CHE.JPG?itok=xUkQUxdl",,LONDON :Chelsea beat hosts Tottenham Hotspur 1-0 in the Premier League on Saturday with Brazil striker Joao Pedro scoring the only goal of the game and getting back on the scoresheet for the first ti… [+515 chars],,"Chelsea gewinnt 1:0 bei den Spurs, während Joao Pedro die Torflaute beendet. LONDON: Chelsea besiegte am Samstag Gastgeber Tottenham Hotspur in der Premier League mit 1:0, wobei der brasilianische Stürmer Joao Pedro das einzige Tor des Spiels erzielte und sich zum ersten Mal seit August wieder in die Torschützenliste eintrug. Die Männer von Enzo Maresca waren von der …","Chelsea win 1-0 at Spurs as Joao Pedro ends goal drought. LONDON :Chelsea beat hosts Tottenham Hotspur 1-0 in the Premier League on Saturday with Brazil striker Joao Pedro scoring the only goal of the game and getting back on the scoresheet for the first time since August.Enzo Maresca's men, stung by last weekend's …","Chelsea vincat 1-0 ad Calcaria sicut Joao Pedro finit metam siccitatis. LONDINI : Chelsea exercitum Tottenham Hotspur 1-0 verberavit in SUMMO Achaico die Sabbati apud Brasiliae percussorem Joao Pedro scoring unicus ludi finis et receptus in scorbuto primum ab August.Enzo Maresca viri, novissime auctor ... perciti sunt.",2025-12-17 20:47:40+00:00
0bc490fec58e60cc91e2530ef79da7d1,2025-11-04T06:17:03Z,'drought World Weather Attribution',economictimes.indiatimes.com,en,0.3,"3 in 15 months: Team India's trio of cathartic, drought-breaking, barrier-shattering ICC trophies","Indian cricket teams have achieved historic triumphs in ICC events over the last 15 months. Both men's and women's squads have overcome significant challenges to secure major titles. These victories mark a new era for Indian cricket, ending long trophy drough…",https://economictimes.indiatimes.com/news/sports/3-in-15-months-team-indias-trio-of-cathartic-drought-breaking-barrier-shattering-icc-trophies/articleshow/125076852.cms,"https://img.etimg.com/thumb/msid-125076949,width-1200,height-630,imgsize-336248,overlay-economictimes/articleshow.jpg",,"It has been an incredible last 15 months for Indian cricket, as both men's and women's teams have brought to the nation era-defining and barrier-breaking triumphs in the ICC events, finally having ov… [+12399 chars]",,"3 in 15 Monaten: Das Trio der kathartischen, dürrebrechenden und barrierebrechenden ICC-Trophäen von Team India. Indische Cricket-Teams haben in den letzten 15 Monaten historische Triumphe bei ICC-Veranstaltungen erzielt. Sowohl die Männer- als auch die Frauenmannschaft haben große Herausforderungen gemeistert und sich große Titel gesichert. Diese Siege markieren eine neue Ära für das indische Cricket und beenden die lange Durststrecke bei Trophäen…","3 in 15 months: Team India's trio of cathartic, drought-breaking, barrier-shattering ICC trophies. Indian cricket teams have achieved historic triumphs in ICC events over the last 15 months. Both men's and women's squads have overcome significant challenges to secure major titles. These victories mark a new era for Indian cricket, ending long trophy drough…","3 in 15 mensibus: Quadrigis Indiae trio cathartica, siccitatis-fractio, obice dissipatio ICC tropaea. Partes cicada Indianae historicos triumphos ICC eventus per ultimos XV menses consecuti sunt. Tam viri quam feminarum quaternionibus provocationes significantes superaverunt ad maiores titulos obtinendos. Hae victoriae novam aetatem notant pro cicada Indici, longam siccitatis trophaeum finientes.",2025-12-17 20:47:40+00:00
f2fc1f0473a4d8d669f23cbee154d408,2025-11-12T02:11:55Z,'drought World Weather Attribution',www.sciencealert.com,en,0.3,"Amazon Lakes Became Hotter Than a Hot Tub, Killing Hundreds of Dolphins","In 2023, a severe drought heated several Amazonian lakes until they became hotter than a hot tub.",https://www.sciencealert.com/amazon-lakes-became-hotter-than-a-hot-tub-killing-hundreds-of-dolphins,https://www.sciencealert.com/images/2025/11/PinkRiverDolphinAmazonFreshwater.jpg,http://web.archive.org/web/20251210081541/https://www.sciencealert.com/amazon-lakes-became-hotter-than-a-hot-tub-killing-hundreds-of-dolphins,"In 2023, a severe drought heated several Amazonian lakes until they became hotter than a hot tub. Brazil's Lake Tefé hit 41.0 °C (105.8 °F).
The resulting conditions killed more than 200 dolphins, c… [+3442 chars]",,"Amazonas-Seen wurden heißer als ein Whirlpool und töteten Hunderte von Delfinen. Im Jahr 2023 erhitzte eine schwere Dürre mehrere Amazonas-Seen, bis sie heißer als ein Whirlpool wurden.","Amazon Lakes Became Hotter Than a Hot Tub, Killing Hundreds of Dolphins. In 2023, a severe drought heated several Amazonian lakes until they became hotter than a hot tub.","Amazon lacus factus est calidior Tubo calido, Centum delphinorum occisio. Anno 2023 gravis siccitas complures lacus Amazonios calefecit donec calidior quam dolium calidum factus est.",2025-12-17 20:47:40+00:00
3b625f870d402ae61ffb870d5c002a34,2025-11-13T12:00:00Z,'drought World Weather Attribution',news.un.org,en,0.3,From Haiti to Ethiopia: voices of climate displacement at COP30,"Floods, heatwaves, droughts and storms are forcing millions from their homes every year. Most never cross a border; they remain internally displaced yet uprooted all the same. But experts warn that in the not-so-distant future, entire nations could disappear …",https://news.un.org/en/story/2025/11/1166365,https://global.unitednations.entermediadb.net/assets/mediadb/services/module/asset/downloads/preset/Libraries/Production%20Library/16-06-2022_IOM_PapuaNewGuinea.jpg/image770x420cropped.jpg,,"At COP30 in Belém, Brazil, the UN International Organization for Migration (IOM) is pressing negotiators to make climate mobility a core part of adaptation plans.
People and communities who choose t… [+3209 chars]",,"Von Haiti bis Äthiopien: Stimmen der Klimavertreibung auf der COP30. Überschwemmungen, Hitzewellen, Dürren und Stürme zwingen jedes Jahr Millionen Menschen dazu, ihre Häuser zu verlassen. Die meisten überschreiten nie eine Grenze; Sie bleiben intern vertrieben und dennoch entwurzelt. Doch Experten warnen, dass in nicht allzu ferner Zukunft ganze Nationen verschwinden könnten …","From Haiti to Ethiopia: voices of climate displacement at COP30. Floods, heatwaves, droughts and storms are forcing millions from their homes every year. Most never cross a border; they remain internally displaced yet uprooted all the same. But experts warn that in the not-so-distant future, entire nations could disappear …","Ab Haiti ad Aethiopiam: voces climatis obsessio apud COP30. Diluvia, aestus, siccitas et procellae decies centena milia a sedibus suis quotannis cogunt. Maxime nunquam transeamus terminos; interne tamen evulsae eadem manent. Sed periti monent in futuris non ita longinquis, integrae nationes evanescere posse.",2025-12-17 20:47:40+00:00
894d79559c59ab788e3bd9c52f3294c1,2025-11-13T22:01:13Z,'drought World Weather Attribution',www.cnbc.com,en,0.3,Trump tariffs are helping drive U.S. beef prices to new highs,"President Trump's tariffs are adding to higher beef prices, along with drought and parasites in a stressed U.S. beef supply chain.",https://www.cnbc.com/2025/11/13/trump-tariffs-high-beef-prices.html,https://image.cnbcfm.com/api/v1/image/108225751-1763069191237-gettyimages-2226529539-jr_10110_x7mfbjw2.jpeg?v=1763069205&w=1920&h=1080,,"President Donald Trump is blaming the meat packers and U.S. cattlemen for rising beef prices, but the tariffs on beef from Brazil, Australia, New Zealand, Uruguay, feed, farm equipment and machinery … [+5616 chars]",,"Trumps Zölle tragen dazu bei, dass die Rindfleischpreise in den USA neue Höchststände erreichen. Die Zölle von Präsident Trump führen zu höheren Rindfleischpreisen, zusammen mit Dürre und Parasiten in einer angespannten US-Rindfleischlieferkette.","Trump tariffs are helping drive U.S. beef prices to new highs. President Trump's tariffs are adding to higher beef prices, along with drought and parasites in a stressed U.S. beef supply chain.","Trump tariffs adiuvant coegi US bubulae pretium ad nova grauis. Praeses Trump tariffs adiciunt ad superiora pretia bubula, una cum siccitate et parasitis in US bovis copiam catenam confirmatam.",2025-12-17 20:47:40+00:00
4dad9029a0d1c23076558f58248136b4,2025-11-16T21:00:06Z,'drought World Weather Attribution',www.abc.net.au,en,0.3,"Move over Hottest 100, farmers have their own music poll for harvest","Forget the Hottest 100 music countdown, farmers have their own annual music poll to get though the long harvest after two consecutive years of drought.",https://www.abc.net.au/news/rural/2025-11-17/harvest-100-farmers-music-poll-2025-crops-working-class-man/105990636,https://live-production.wcms.abc-cdn.net.au/ad67f907e10df2397415f890eb6e9802?impolicy=wcms_watermark_news&cropH=1080&cropW=1920&xPos=0&yPos=0&width=862&height=485&imformat=generic,,"Move over Hottest 100 farmers have their own annual music poll to count down their top songs while counting down the long hours behind the wheel harvesting crops.
Farmers and agricultural workers ca… [+5822 chars]",,"Bewegen Sie sich über die Hottest 100, Landwirte haben ihre eigene Musikumfrage zur Ernte. Vergessen Sie den „Hotest 100“-Musik-Countdown, denn Landwirte haben ihre eigene jährliche Musikumfrage, um die lange Ernte nach zwei aufeinanderfolgenden Dürrejahren zu überstehen.","Move over Hottest 100, farmers have their own music poll for harvest. Forget the Hottest 100 music countdown, farmers have their own annual music poll to get though the long harvest after two consecutive years of drought.","Moventur calidissima 100, agricolae sua messis capita musicae habent. Obliviscentes countdown hottest 100 musicorum, agricolae sua capita musicae annuae habent ut quamvis longam messem post duos annos siccitatis consecutos.",2025-12-17 20:47:40+00:00
93694b307d2dd4ae15cdf3a201b64e7f,2025-11-25T01:00:00Z,'rain making',www.rollingstone.com,en,0.3,‘The Precedent Is Flint’: How Oregon’s Data Center Boom Is Supercharging a Water Crisis,Amazon data centers constructed in eastern Oregon's farmland have worsened a water pollution problem that’s been linked to cancer and miscarriages.,http://www.rollingstone.com/culture/culture-features/data-center-water-pollution-amazon-oregon-1235466613/,https://www.rollingstone.com/wp-content/uploads/2025/11/AP25234035673015.jpg?w=1600&h=900&crop=1,,"In the spring of 2022, Jim Doherty kept having the same conversation with folks at the only grocery store in Boardman, his eastern Oregon hometown, or at the grain depot where he picked up food for h… [+65191 chars]",,"„Der Präzedenzfall ist Flint“: Wie der Boom der Rechenzentren in Oregon eine Wasserkrise verschärft. Amazon-Rechenzentren, die auf dem Ackerland im Osten Oregons errichtet wurden, haben ein Wasserverschmutzungsproblem verschlimmert, das mit Krebs und Fehlgeburten in Verbindung gebracht wird.",‘The Precedent Is Flint’: How Oregon’s Data Center Boom Is Supercharging a Water Crisis. Amazon data centers constructed in eastern Oregon's farmland have worsened a water pollution problem that’s been linked to cancer and miscarriages.,'Precedens Flint': Quomodo Oregon Data Centre Boom Supercharging a Crisi aqua. Centra Amazonum in praedio Oregon orientali constructa problema pollutionis aquae peioraverunt quae cancer et infortunia coniuncta est.,2025-12-18 04:08:32+00:00
43555f2a9986931b8363315e6739dfbc,2025-11-27T21:06:25Z,'rain making',whereisthebuzz.com,en,0.2,Sophie Rain Claims Her OnlyFans Earnings Just Passed $95 Million,"Two years since she started on OnlyFans, the 21-year-old woman from Florida has raked in a staggering amount of over 95 million dollars, she announced on her...",https://whereisthebuzz.com/sophie-rain-claims-her-onlyfans-earnings-just-passed-95-million/?utm_source=rss&amp;utm_medium=rss&amp;utm_campaign=sophie-rain-claims-her-onlyfans-earnings-just-passed-95-million,https://media.zenfs.com/en/where_is_the_buzz_814/96937487e2a27ad2359f493ef6e45aa0,,"Two years since she started on OnlyFans, the 21-year-old woman from Florida has raked in a staggering amount of over 95 million dollars, she announced on her page on the platform X, with a message th… [+1427 chars]",,"Sophie Rain gibt an, dass ihr OnlyFans-Gewinn gerade die 95-Millionen-Dollar-Grenze überschritten hat. Zwei Jahre, seit sie bei OnlyFans angefangen hat, hat die 21-jährige Frau aus Florida eine unglaubliche Summe von über 95 Millionen Dollar eingesammelt, verkündete sie auf ihrem...","Sophie Rain Claims Her OnlyFans Earnings Just Passed $95 Million. Two years since she started on OnlyFans, the 21-year-old woman from Florida has raked in a staggering amount of over 95 million dollars, she announced on her...","Sophie Pluviis petit tantumFans CAPTURA Just Transierunt $ XCV Million. Duobus annis cum in OnlyFans incepit, mulier XXI annorum ex Florida in vacillantem quantitatem supra 95 milliones dollariorum corruit, nuntiavit ei.",2025-12-18 08:54:36+00:00
bea80ba2bf38ef97607b744f965e70be,2025-11-17T12:00:12Z,'rain making',www.sfchronicle.com,en,0.3,The Bay Area's wet pattern isn't done yet. Here's what arrives midweek,"Another compact system delivers brief, steady rain and a fresh round of mountain snow.",https://www.sfchronicle.com/weather-forecast/article/bay-area-rain-midweek-21191156.php,https://s.yimg.com/ny/api/res/1.2/2vPFlUBKu1tMv1W8ik9e9A--/YXBwaWQ9aGlnaGxhbmRlcjt3PTEyMDA7aD05MjQ7Y2Y9d2VicA--/https://media.zenfs.com/en/san_francisco_chronicle_hearst_178/6ab2eee50d0125f765db36738b67c1bc,,"Last week's storm finally cleared California, and the atmosphere immediately filled the vacancy. A small system slipped through before sunrise Monday, almost as if it had been waiting its turn in lin… [+3466 chars]",,Das nasse Muster in der Bay Area ist noch nicht fertig. Das kommt unter der Woche. Ein weiteres kompaktes System sorgt für kurzen Dauerregen und eine frische Runde Bergschnee.,"The Bay Area's wet pattern isn't done yet. Here's what arrives midweek. Another compact system delivers brief, steady rain and a fresh round of mountain snow.","Sinus Area's humidum exemplar nondum factum est. Hic est quod media septimana advenit. Alia ratio compacta tradit brevem, stabilem pluviam et nova rotunditate montis nivis.",2025-12-18 08:54:36+00:00
a8e41862af1ac0aa96957e9ef9f91d96,2025-11-30T19:18:09Z,'rain making',www.theverge.com,en,0.3,My favorite snore-blocking sleepbuds are down to their lowest price,"Anker’s seriously small Soundcore Sleep A20 sleepbuds can be nabbed for $108 right now at Amazon, their best price since they launched on Kickstarter at $90 last year. They normally sell for $179.99, making this a standout deal for a pair of ultra-tiny sleep …",https://www.theverge.com/gadgets/834099/anker-soundcore-sleep-a20-snore-blocking-earbuds-lowest-price-cyber-monday,https://platform.theverge.com/wp-content/uploads/sites/2/2025/11/hankie_buds.webp?quality=90&strip=all&crop=0%2C10.336347770903%2C100%2C79.327304458195&w=1200,,"<ul><li></li><li></li><li></li></ul>
Ankers Soundcore Sleep A20s are great for side-sleepers with noisy spouses, and the ANC version is on sale, too.
Ankers Soundcore Sleep A20s are great for side-… [+2710 chars]",,"Meine liebsten Schnarch-Sleepbuds sind auf den niedrigsten Preis reduziert. Ankers wirklich kleine Soundcore Sleep A20 Sleepbuds sind derzeit für 108 US-Dollar bei Amazon erhältlich, ihr bester Preis seit ihrer Einführung auf Kickstarter bei 90 US-Dollar im letzten Jahr. Sie werden normalerweise für 179,99 US-Dollar verkauft, was dies zu einem herausragenden Angebot für ein Paar ultrakleiner Schlafsäcke macht …","My favorite snore-blocking sleepbuds are down to their lowest price. Anker’s seriously small Soundcore Sleep A20 sleepbuds can be nabbed for $108 right now at Amazon, their best price since they launched on Kickstarter at $90 last year. They normally sell for $179.99, making this a standout deal for a pair of ultra-tiny sleep …","Meus ventus stertis interclusit sleepbuds ad infimum pretium. Anker gravissime parvus Soundcore Somnus A20 sleepbuds nabbed possunt pro $108 nunc apud Amazon, eorum optimum pretium cum in Kickstarter in $90 ultimo anno emiserunt. Solent vendunt pro $179.99, hoc multum eminebant pro duobus ultra-minutis somno.",2025-12-18 08:54:36+00:00
