index,published,keyword,domain,language,valid,title,description,url,image,archive,content,quote,de,en,la,added
f055da4f089cb1e47498a6f4bd947553,2025-10-07T10:45:00Z,'dry soil',www.scientificamerican.com,en,0.0,South Africa’s Coast Is Rising—And Scientists Have a New Explanation Why,"Human water management contributes to sinking land across the globe, and it may also be responsible for an unexpected rise",https://www.scientificamerican.com/article/south-africas-coast-is-rising-and-scientists-have-a-new-explanation-why/,https://static.scientificamerican.com/dam/m/3484c155c01c665e/original/saw1125Adva01.jpg?m=1759773290.456&w=1200,http://web.archive.org/web/20251008003831/https://www.scientificamerican.com/article/south-africas-coast-is-rising-and-scientists-have-a-new-explanation-why/,For decades geologists thought the slow rise of South Africa’s southern coast was driven by forces deep below—buoyant plumes of molten rock ascending through Earth’s mantle and heaving the crust upwa… [+6144 chars],,Südafrikas Küste wächst – und Wissenschaftler haben eine neue Erklärung dafür. Die menschliche Wasserbewirtschaftung trägt weltweit zum Absinken des Landes bei und kann auch für einen unerwarteten Anstieg verantwortlich sein,"South Africa’s Coast Is Rising—And Scientists Have a New Explanation Why. Human water management contributes to sinking land across the globe, and it may also be responsible for an unexpected rise","South Africa's Coast Rising-And Scientists New Explanatio Cur. Humana aqua administratio terram per orbem submergens confert, et potest etiam respondere ad ortum inopinatum",2025-10-24 20:43:20+00:00
c1d0c1447f905caca2c5d7fb0fd68df6,2025-10-14T11:54:29Z,'drought climate change',fortune.com,en,0.0,"‘The color is just not going to be there this year for some hillsides’: Autumn leaf peeping pegged back by drought, climate change","Brad Rippey, USDA meteorologist and author of the drought monitor, says the the Northeast and western U.S. have been hit especially hard.",https://fortune.com/2025/10/14/how-bad-new-england-colorado-foliage-drought-leaf-peeping-season/,"https://fortune.com/img-assets/wp-content/uploads/2025/10/AP25286457085341-e1760442708750.jpg?resize=1200,600",,"Leaf-peeping season has arrived in the Northeast and beyond, but weeks of drought have muted this years autumn colors, and sent leaves fluttering to the ground earlier than usual.Soaking in the fall … [+4424 chars]",,"„An manchen Hängen wird es dieses Jahr einfach keine Farbe geben“: Herbstlaub, der durch Dürre und Klimawandel zurückgedrängt wird. Brad Rippey, USDA-Meteorologe und Autor des Dürremonitors, sagt, dass der Nordosten und der Westen der USA besonders hart getroffen wurden.","‘The color is just not going to be there this year for some hillsides’: Autumn leaf peeping pegged back by drought, climate change. Brad Rippey, USDA meteorologist and author of the drought monitor, says the the Northeast and western U.S. have been hit especially hard.","Item color non solum hoc anno in quibusdam clivis ibi futurus est: folium autumnale depilatum siccitate, mutatione climatis. Brad Rippey, USDA astrologus et auctor siccitatis monitor, dicit Americae septentrionales et occidentales percussum esse maxime durum.",2025-10-24 20:43:20+00:00
81de11c3a1159d160aa7f6ea67cbbc93,2025-10-14T22:25:13Z,'drought weather',www.abc.net.au,en,0.0,Farmers 'on a knife edge' as forecast rain fails to appear,Some Victorian farmers are cutting crops for hay as the drought continues to bite in the nation's south-east.,https://www.abc.net.au/news/2025-10-15/farmers-cutting-crops-for-hay-as-decent-spring-rain-doesnt-come/105884166,https://live-production.wcms.abc-cdn.net.au/7c847dc3c83e9f4c4263b144ecbe76f4?impolicy=wcms_watermark_news&cropH=1701&cropW=3024&xPos=0&yPos=1166&width=862&height=485&imformat=generic,,"Victorian farmers are cutting their crops for hay as the drought continues to bite across south-east Australia.
It's been a terribly dry spring so far in many places, defying the long-term weather f… [+3408 chars]",,"Landwirte stehen auf Messers Schneide, da der vorhergesagte Regen ausbleibt. Einige viktorianische Bauern schneiden Getreide für Heu ab, da die Dürre im Südosten des Landes weiterhin andauert.",Farmers 'on a knife edge' as forecast rain fails to appear. Some Victorian farmers are cutting crops for hay as the drought continues to bite in the nation's south-east.,Agricolae 'in cultro ore' quasi pluviae praesagium non apparent. Nonnulli agricolae Victoriani segetes pro faeno secant sicut siccitas nationis meridiem et orientem pergit mordere.,2025-10-24 20:43:20+00:00
c45c4f532a3cd154e24db703f49b9914,2025-10-22T00:00:00Z,'irrigation',www.nature.com,en,0.0,Compounding future escalation of emissions- and irrigation-induced increases in humid-heat stress,"This study shows that future exposures to moist-heat increase more rapidly than those to dry-heat, and irrigation can further amplify moist-heat-related health risks. Improving irrigation efficiency and cutting emissions are key to reducing water stress and c…",https://www.nature.com/articles/s41467-025-64375-1,https://media.springernature.com/m685/springer-static/image/art%3A10.1038%2Fs41467-025-64375-1/MediaObjects/41467_2025_64375_Fig1_HTML.png,,"Projected irrigation techniques share
In this study, we develop a new dataset of Irrigation Techniques Share (ITS) by employing a hydro-economic (HE) conceptual framework30, which classifies countri… [+13637 chars]",,"Verschärft wird die künftige Eskalation des durch Emissionen und Bewässerung verursachten Anstiegs des Feuchtigkeits-Hitze-Stresses. Diese Studie zeigt, dass künftige Belastungen durch feuchte Hitze schneller zunehmen als durch trockene Hitze und dass Bewässerung die mit feuchter Hitze verbundenen Gesundheitsrisiken weiter verstärken kann. Die Verbesserung der Bewässerungseffizienz und die Reduzierung von Emissionen sind der Schlüssel zur Reduzierung von Wasserstress und …","Compounding future escalation of emissions- and irrigation-induced increases in humid-heat stress. This study shows that future exposures to moist-heat increase more rapidly than those to dry-heat, and irrigation can further amplify moist-heat-related health risks. Improving irrigation efficiency and cutting emissions are key to reducing water stress and c…","Novam propagationem emissionum componendo et rigationes inductae in accentus humidi caloris auget. Hoc studium ostendit futuras expositiones ad calorem humidum celerius augeri quam ad siccum calorem, et irrigationes etiam magis posse pericula sanitatis umida-aestus relatas amplificare. Irrigatio efficiendi emendandi et emissiones secandae clavis sunt ad reducendam aquam innixi et c…",2025-10-24 20:43:20+00:00
1552e34df8eabdc5ca1295c43c5bf3ff,2025-10-27T18:23:03Z,'water management',phys.org,en,0.0,Physics-based model can predict floods and improve water management worldwide,"Floods account for up to 40% of weather-related disasters worldwide, and their frequency has more than doubled since 2000, according to a recent report from the United Nations Office for Disaster Risk Reduction. Global flood losses now average $388 billion a …",https://phys.org/news/2025-10-physics-based-worldwide.html,https://scx2.b-cdn.net/gfx/news/2025/ai-powered-model-predi-1.jpg,http://web.archive.org/web/20251101051219/https://phys.org/news/2025-10-physics-based-worldwide.html,"Floods account for up to 40% of weather-related disasters worldwide, and their frequency has more than doubled since 2000, according to a recent report from the United Nations Office for Disaster Ris… [+4993 chars]",,"Physikbasiertes Modell kann Überschwemmungen vorhersagen und das Wassermanagement weltweit verbessern. Laut einem aktuellen Bericht des Büros der Vereinten Nationen für Katastrophenvorsorge sind Überschwemmungen für bis zu 40 % der wetterbedingten Katastrophen weltweit verantwortlich, und ihre Häufigkeit hat sich seit 2000 mehr als verdoppelt. Die weltweiten Überschwemmungsschäden belaufen sich mittlerweile auf durchschnittlich 388 Milliarden US-Dollar pro Jahr.","Physics-based model can predict floods and improve water management worldwide. Floods account for up to 40% of weather-related disasters worldwide, and their frequency has more than doubled since 2000, according to a recent report from the United Nations Office for Disaster Risk Reduction. Global flood losses now average $388 billion a …","Physica-substructio exemplar inundationes praedicere et aquarum administrationem per orbem terrarum emendare potest. Diluvia rationem usque ad 40% clades tempestatum relatas per orbem terrarum, et frequentia eorum plus quam duplicata ab 2000, secundum recentem relationem e Officio Nationum Unitarum pro Disaster Risk Reductione. Global inundatio damna nunc mediocris $ 388 billion a ...",2025-10-24 20:43:20+00:00
94cb1fc9cafeee06111cf043500c50d7,2025-10-29T00:00:00Z,'drought climate change',www.nature.com,en,0.0,Longer growing seasons will not offset growth loss in drought-prone temperate forests of Central-Southeast Europe,This study forecasts intra-annual forest growth towards the end of the 21st century under different scenarios of climate change. It predicts that the extension of the growing season will not be sufficient to compensate for the future drought-induced summer gr…,https://www.nature.com/articles/s41467-025-64568-8,https://media.springernature.com/m685/springer-static/image/art%3A10.1038%2Fs41467-025-64568-8/MediaObjects/41467_2025_64568_Fig1_HTML.png,,"<li>Felipe-Lucia, M. R. et al. Multiple forest attributes underpin the supply of multiple ecosystem services. Nat. Commun.9, 4839 (2018).
Article 
 ADS 
 PubMed 
 PubMed Central 

Google Scholar … [+14247 chars]",,"Längere Vegetationsperioden werden den Wachstumsverlust in dürregefährdeten gemäßigten Wäldern Mittel- und Südosteuropas nicht ausgleichen. Diese Studie prognostiziert das jährliche Waldwachstum gegen Ende des 21. Jahrhunderts unter verschiedenen Szenarien des Klimawandels. Es wird prognostiziert, dass die Verlängerung der Vegetationsperiode nicht ausreichen wird, um den künftigen dürrebedingten Sommergrieß auszugleichen.",Longer growing seasons will not offset growth loss in drought-prone temperate forests of Central-Southeast Europe. This study forecasts intra-annual forest growth towards the end of the 21st century under different scenarios of climate change. It predicts that the extension of the growing season will not be sufficient to compensate for the future drought-induced summer gr…,Diutius crescentibus temporibus incrementum detrimentum in siccitate-prone in silvis temperatis Europae Mediae-Meridionalis non erit. Hoc studium praenuntiat incrementum silvarum intra-annuum ad finem saeculi XXI sub diversis missionibus climatis mutatione. Praenuntiat extensionem temporis increscentis non sufficere ad compensandam siccitatem aestatem futuram gr…,2025-10-24 20:43:20+00:00
099a30bb5999a5548a0afd4311a88285,2025-10-09T09:00:00Z,'water management',www.npr.org,en,0.1,"Trump's use of National Guard strays from role as 'minutemen,' military experts say",Military experts say they also worry how these new deployments will affect recruitment and public trust.,https://www.npr.org/2025/10/09/nx-s1-5561991/national-guard-trump-washington-chicago-memphis-oregon,https://npr.brightspotcdn.com/dims3/default/strip/false/crop/5823x3275+0+303/resize/1400/quality/100/format/jpeg/?url=http%3A%2F%2Fnpr-brightspot.s3.amazonaws.com%2F8d%2F15%2F0cb992024cd7a7a46ed5b22e7643%2Fgettyimages-2238126300.jpg,http://web.archive.org/web/20251010020934/https://www.npr.org/2025/10/09/nx-s1-5561991/national-guard-trump-washington-chicago-memphis-oregon,"Pruning trees, collecting trash, patrolling neighborhoods. These are some of the ways the National Guard has been deployed in recent weeks.
In his second term, President Trump has increasingly sough… [+4433 chars]",,"Trumps Einsatz der Nationalgarde weicht von der Rolle als „Minutemen“ ab, sagen Militärexperten. Militärexperten sagen, sie seien auch besorgt darüber, wie sich diese neuen Einsätze auf die Rekrutierung und das Vertrauen der Öffentlichkeit auswirken würden.","Trump's use of National Guard strays from role as 'minutemen,' military experts say. Military experts say they also worry how these new deployments will affect recruitment and public trust.","Trump usus Nationis Cohortis ab munere ""minutemen"" peritorum militum errat. Periti militares se etiam solliciti esse dicunt quomodo hae novae instituti sunt cooptatione et fide publica afficient.",2025-10-24 20:43:20+00:00
5adc9c2d648213f8f027d5d25a7dc5b2,2025-10-09T12:01:18Z,'water management',www.makeuseof.com,en,0.1,Killing the headphone jack made phones better,All thanks to Apple's bold move.,https://www.makeuseof.com/killing-the-headphone-jack-made-phones-better/,https://static0.makeuseofimages.com/wordpress/wp-content/uploads/2022/10/B20-Headphone-Jack.jpg?w=1600&h=900&fit=crop,http://web.archive.org/web/20251009194511/https://www.makeuseof.com/killing-the-headphone-jack-made-phones-better/,"Smartphones have evolved from thick slabs with plenty of bezels surrounding a tiny screen in the early 2010s to sleeker, lighter slabs with more screen than bezel to hold. They've changed dramaticall… [+4905 chars]",,Durch den Verzicht auf die Kopfhörerbuchse wurden die Telefone besser. Alles dank Apples mutigem Schritt.,Killing the headphone jack made phones better. All thanks to Apple's bold move.,Phones occidere phones Jack fecit melius. Omnes gratias Apple moventur audax.,2025-10-24 20:43:20+00:00
006f4fa71d52b1be2b30e2783f4fb53a,2025-10-09T15:45:49Z,'water management',3dpaws.comet.ucar.edu,en,0.1,3D-Printed Automatic Weather Station,Introduction to the online 3D-PAWS manual,https://3dpaws.comet.ucar.edu,https://3dpaws.comet.ucar.edu/~gitbook/ogimage/hbyfVVes56XRzOo99wCq,http://web.archive.org/web/20250222023853/https://3dpaws.comet.ucar.edu/,"3D-PAWS (3D-Printed Automatic Weather Station) is an international initiative that enables the local construction of reliable, low-cost weather stations using 3D printing and commercially available s… [+4838 chars]",,3D-gedruckte automatische Wetterstation. Einführung in das Online-3D-PAWS-Handbuch,3D-Printed Automatic Weather Station. Introduction to the online 3D-PAWS manual,3D Typis Automatic Tempestas. Introductio ad 3D-PAWS online manual,2025-10-24 20:43:20+00:00
e7cd52857ff4e26477896f284818efbb,2025-10-09T15:56:47Z,'water management',binaryigor.com,en,0.1,Programmer in Wonderland,"There are hundreds and thousands of tools and frameworks out there, often solving the same problems or struggling to explain what the problem they are trying to solve is ... Because of this diversity and how powerful some of these tools are, it often feels li…",https://binaryigor.com/programmer-in-wonderland.html,,http://web.archive.org/web/20251009180204/https://binaryigor.com/programmer-in-wonderland.html,"The Wonderland of Software
The ecosystem of software engineering is vast and it seems to be ever-growing, although recently at a slower pace. There are hundreds and thousands of tools and frameworks… [+9095 chars]",,"Programmierer im Wunderland. Es gibt Hunderte und Tausende von Tools und Frameworks, die oft die gleichen Probleme lösen oder Schwierigkeiten haben, zu erklären, welches Problem sie lösen wollen ... Aufgrund dieser Vielfalt und der Leistungsfähigkeit einiger dieser Tools fühlt es sich oft einfach an.","Programmer in Wonderland. There are hundreds and thousands of tools and frameworks out there, often solving the same problems or struggling to explain what the problem they are trying to solve is ... Because of this diversity and how powerful some of these tools are, it often feels li…","Programmator in Terra Mirabili. Centena et milia instrumenta et compages ibi sunt, saepe problemata eadem solvendo vel conantem exponere quid problema solvere conantur... Propter hanc diversitatem et quam potentes sunt quaedam instrumenta, saepe sentit li...",2025-10-24 20:43:20+00:00
7b9d6992d6234186832911dcf3891a5b,2025-10-09T22:43:05Z,'water management',www.lifehack.org,en,0.1,Why Do I Have No Energy? The Science-Backed Energy Management Framework for Overwhelmed High-Achievers,"Discover why you have no energy and learn the science-backed COM-B framework for energy management. Practical strategies for high-achievers to reclaim vitality.
The post Why Do I Have No Energy? The Science-Backed Energy Management Framework for Overwhelmed H…",https://www.lifehack.org/991240/why-do-i-have-no-energy,https://cdn.lifehack.org/wp-content/uploads/2025/10/stressed-professional-energy-management.jpeg-1.jpg,http://web.archive.org/web/20251012004217/https://www.lifehack.org/991240/why-do-i-have-no-energy,"Introduction
 It’s 3 PM on a Tuesday. You’ve crushed three back-to-back meetings, cleared 47 emails from your inbox, and somehow still have half your to-do list glaring at you from your second monit… [+45746 chars]",,"Warum habe ich keine Energie? Das wissenschaftlich fundierte Energiemanagement-Framework für überforderte Leistungsträger. Entdecken Sie, warum Sie keine Energie haben, und lernen Sie das wissenschaftlich fundierte COM-B-Framework für Energiemanagement kennen. Praktische Strategien für Leistungsträger, um die Vitalität zurückzugewinnen.
Der Beitrag Warum habe ich keine Energie? Das wissenschaftlich fundierte Energiemanagement-Framework für überforderte H…","Why Do I Have No Energy? The Science-Backed Energy Management Framework for Overwhelmed High-Achievers. Discover why you have no energy and learn the science-backed COM-B framework for energy management. Practical strategies for high-achievers to reclaim vitality.
The post Why Do I Have No Energy? The Science-Backed Energy Management Framework for Overwhelmed H…","Cur non Energy? Scientia Backed Energy Procuratio Framework pro opprimi High-Achievers. Cur nullam industriam habes et scientiam adiutricem COM-B compagem energiae administrandi cognoscere. Insidijs practicis summus asseclarum ad vigorem reuocare.
Post Cur Ego No Energy? Scientia adiuti Energy Procuratio Framework pro obrutus H ...",2025-10-24 20:43:20+00:00
c0ea22a6b73df8c0301ffc396c41b7e9,2025-10-10T13:00:00Z,'water management',www.sacbee.com,en,0.1,"Mold, dead mouse and 130 rodent droppings at Sacramento-area coffee shop",Sacramento County health inspectors closed a grocery store and four restaurants for food safety violations.,https://www.sacbee.com/news/local/article312446674.html,https://media.zenfs.com/en/sacramento_bee_mcclatchy_569/a6817de80e44370df704d7473d9f3174,,"Sacramento County health inspectors closed two local coffee shops after discovering a dead mouse, rodent droppings and cockroaches.
Health inspectors shut down a grocery store and two other restaura… [+14829 chars]",,"Schimmel, tote Mäuse und 130 Nagetierkot in einem Café im Raum Sacramento. Die Gesundheitsinspektoren des Sacramento County schlossen ein Lebensmittelgeschäft und vier Restaurants wegen Verstößen gegen die Lebensmittelsicherheit.","Mold, dead mouse and 130 rodent droppings at Sacramento-area coffee shop. Sacramento County health inspectors closed a grocery store and four restaurants for food safety violations.","Mola, mus mortuus et 130 stillicidia rodentia in Sacramento-area tabernae capulus. Inspectores sanitatis Sacramento Comitatus Macellum clausit et quattuor popinae ob violationes salutis salutis.",2025-10-24 20:43:20+00:00
2519680c5e5fdc721a7cfa8ee1a37b60,2025-10-10T13:59:12Z,'water management',reasonstobecheerful.world,en,0.1,The Prairie Farmers Preserving the Most Threatened Ecosystem – Forever,"These cattle ranchers are denying developers the chance to make a quick buck, instead safeguarding grasslands for the long-term.",https://reasonstobecheerful.world/prairie-farmers-preserve-most-threatened-ecosystem-forever/,https://reasonstobecheerful.world/wp-content/uploads/2025/09/shutterstock_2123111300-scaled.jpg,http://web.archive.org/web/20251010153048/https://reasonstobecheerful.world/prairie-farmers-preserve-most-threatened-ecosystem-forever/,"Dallas May spotted the first shoots of grass a few months after a wildfire tore across the ranch he runs with his family in Lamar, Colorado, in 2022. Propelled by winds up to 70 mph, the blaze killed… [+9268 chars]",,"Die Präriebauern bewahren das am stärksten bedrohte Ökosystem – für immer. Diese Viehzüchter verweigern den Entwicklern die Möglichkeit, schnell Geld zu verdienen, und sichern stattdessen das Grasland langfristig.","The Prairie Farmers Preserving the Most Threatened Ecosystem – Forever. These cattle ranchers are denying developers the chance to make a quick buck, instead safeguarding grasslands for the long-term.","PRATUM agricolae Ecosystem minitissimae conservando – aeternus. Isti pecudes ranchers negantes tincidunt opportunitatem ut hircum celerem reddant, pro campis conservandis ad longum tempus.",2025-10-24 20:43:20+00:00
6b6534b36c7cf6aab6e9a9acfac50447,2025-10-10T14:11:15Z,'water management',www.governance.fyi,en,0.1,All-Natural Geoengineering with Frank Herbert's Dune,Can We Terraform the Earth Using Life Itself?,https://www.governance.fyi/p/all-natural-geoengineering-with-frank,"https://substackcdn.com/image/fetch/$s_!Vk_n!,w_1200,h_600,c_fill,f_jpg,q_auto:good,fl_progressive:steep,g_auto/https%3A%2F%2Fsubstack-post-media.s3.amazonaws.com%2Fpublic%2Fimages%2Fd7f46c83-52b1-40d1-bffa-4de6aae9a283_1818x1023.jpeg",http://web.archive.org/web/20251010182839/https://www.governance.fyi/p/all-natural-geoengineering-with-frank,Science fiction understood something fundamental before science caught up. Frank Herberts Dune imagined the Fremen attempting to terraform Arrakis. They succeeded technically but discovered too late … [+47551 chars],,All-Natural Geoengineering mit Frank Herberts Dune. Können wir die Erde mithilfe des Lebens selbst terraformieren?,All-Natural Geoengineering with Frank Herbert's Dune. Can We Terraform the Earth Using Life Itself?,Universae Naturalis Geoengineering cum Frank Herberti Dune. Possumus Terraformare Terram vitam ipsam utens?,2025-10-24 20:43:20+00:00
8d0f5c588458ed28980de97fd38522c4,2025-10-10T15:20:57Z,'water management',www.yankodesign.com,en,0.1,7 Smart Home Tech Gadgets Making Your House Think for You This October 2025,"7 Smart Home Tech Gadgets Making Your House Think for You This October 2025The smart home revolution has reached a thrilling crescendo this October, with technology finally catching up to our most ambitious visions of connected living. Gone...",https://www.yankodesign.com/2025/10/10/7-smart-home-tech-gadgets-making-your-house-think-for-you-this-october-2025/,https://www.yankodesign.com/images/design_news/2025/10/7-smart-home-tech-gadgets-making-your-house-think-for-you-this-october-2025/7_smart_home_tech_gadgets_yanko_design_hero.jpg,,"The smart home revolution has reached a thrilling crescendo this October, with technology finally catching up to our most ambitious visions of connected living. Gone are the days when smart devices f… [+13975 chars]",,"7 Smart-Home-Tech-Gadgets, die Ihr Haus im Oktober 2025 zum Mitdenken bringen. 7 Smart-Home-Tech-Gadgets, die Ihr Haus im Oktober 2025 zum Mitdenken bringen. Die Smart-Home-Revolution hat diesen Oktober einen aufregenden Höhepunkt erreicht, und die Technologie hat endlich unsere ehrgeizigsten Visionen vom vernetzten Leben eingeholt. Gegangen...","7 Smart Home Tech Gadgets Making Your House Think for You This October 2025. 7 Smart Home Tech Gadgets Making Your House Think for You This October 2025The smart home revolution has reached a thrilling crescendo this October, with technology finally catching up to our most ambitious visions of connected living. Gone...","7 Smart Home Tech Gadgets Making Your House Think for You This October 2025. 7 Smart Home Tech Gadgets Making Your House Think for You This October 2025The smart home revolution has reached a thrilling crescendo this October, with technology finally catch up to our most ambitious visions of connected living. Abiit...",2025-10-24 20:43:20+00:00
c510b5540fd56a800f4281e652531f4b,2025-10-10T19:15:20Z,'water management',www.yankodesign.com,en,0.1,Apple Had 7 CEOs: Only 2 Really Mattered (And One Nearly Killed It),"Apple Had 7 CEOs: Only 2 Really Mattered (And One Nearly Killed It)Recent speculation about Tim Cook’s potential departure from Apple has reached a crescendo, fueled not only by his approaching 65th birthday next month but also...",https://www.yankodesign.com/2025/10/10/apple-had-7-ceos-only-2-really-mattered-and-one-nearly-killed-it/,https://www.yankodesign.com/images/design_news/2025/10/a-history-of-every-apple-ceo-and-how-they-revolutionized-the-company/history_of_every_apple_ceo_1.jpeg,http://web.archive.org/web/20251011010010/https://www.yankodesign.com/2025/10/10/apple-had-7-ceos-only-2-really-mattered-and-one-nearly-killed-it/,"Recent speculation about Tim Cook’s potential departure from Apple has reached a crescendo, fueled not only by his approaching 65th birthday next month but also by broader questions about his leaders… [+16503 chars]",,"Apple hatte 7 CEOs: Nur 2 waren wirklich wichtig (und einer hätte es fast umgebracht). Apple hatte 7 CEOs: Nur 2 waren wirklich wichtig (und einer hätte es fast getötet) Die jüngsten Spekulationen über Tim Cooks möglichen Abschied von Apple haben einen Höhepunkt erreicht, nicht nur angeheizt durch seinen bevorstehenden 65. Geburtstag im nächsten Monat, sondern auch ...","Apple Had 7 CEOs: Only 2 Really Mattered (And One Nearly Killed It). Apple Had 7 CEOs: Only 2 Really Mattered (And One Nearly Killed It)Recent speculation about Tim Cook’s potential departure from Apple has reached a crescendo, fueled not only by his approaching 65th birthday next month but also...","Apple VII Ceo: Tantum II vere Matted (et unus prope interfectus est). Apple Habuit 7 CEOs: Tantum 2 vere Mattered (And One Nearly Killed It) Recens speculatio de Tim Cook discessum potentialis ab Apple crescendo pervenit, fueled non solum appropinquante 65th die natalis proximi, sed etiam...",2025-10-24 20:43:20+00:00
560a98ef49f823c6504e9e2b1d96357a,2025-10-10T21:41:33Z,'drought Iran',www.firstshowing.net,en,0.1,Fascinating Doc Film 'Pistachio Wars' Trailer About California's Water,"""Why does no one talk about it?"" Watermelon Pics is releasing this fascinating, upsetting new documentary film titled Pistachio Wars, a remarkable true story about the billionaires behind the California pistachio farms. Made by investigative journalists who s…",https://www.firstshowing.net/2025/fascinating-doc-film-pistachio-wars-trailer-about-californias-water/,https://media2.firstshowing.net/firstshowing/img17/pistachiowarsdocpostermainTW2.jpg,http://web.archive.org/web/20251011022333/https://www.firstshowing.net/2025/fascinating-doc-film-pistachio-wars-trailer-about-californias-water/,"by Alex BillingtonOctober 10, 2025Source:YouTube
""Why does no one talk about it?"" Watermelon Pics is releasing this fascinating, upsetting new documentary film titled Pistachio Wars, a remarkable tr… [+2683 chars]",,"Faszinierender Trailer zum Dokumentarfilm „Pistachio Wars“ über Kaliforniens Wasser. „Warum redet niemand darüber?“ Watermelon Pics veröffentlicht diesen faszinierenden, aufrüttelnden neuen Dokumentarfilm mit dem Titel Pistachio Wars, eine bemerkenswerte wahre Geschichte über die Milliardäre hinter den kalifornischen Pistazienfarmen. Hergestellt von investigativen Journalisten, die…","Fascinating Doc Film 'Pistachio Wars' Trailer About California's Water. ""Why does no one talk about it?"" Watermelon Pics is releasing this fascinating, upsetting new documentary film titled Pistachio Wars, a remarkable true story about the billionaires behind the California pistachio farms. Made by investigative journalists who s…","Fascinating Doc Film 'Pistachio Wars' Trailer About California's Water. ""Cur nemo de illo loquatur?"" PEPO Pics hanc attrahenti dimittit, novis cinematographicis cinematographicis quibus Pistachio Bella turbant, praeclara vera narratio de billionairis post pistacia praedia Californiae. Facta percontando diurnariis qui s…",2025-10-24 20:43:20+00:00
b2398d1a8a40471c1f08f4ed6a1ce26f,2025-10-11T13:14:03Z,'water management',www.cnet.com,en,0.1,"What's Coming to Disney World and Disneyland? New Rides, Lands and Attractions in 2025","The Tron: Ares overlay has arrived at Disney World, and Halloween celebrations are in full swing.",https://www.cnet.com/tech/services-and-software/whats-coming-to-disney-world-and-disneyland-new-rides-lands-and-attractions-in-2025/,https://www.cnet.com/a/img/resize/360bbf456849f2c442b26cf4dcf49919a5ebdd7b/hub/2025/10/10/df7c6eeb-d5bf-4c7c-ac5b-60ac13099b02/screenshot-2025-10-10-at-11-50-21am.png?auto=webp&fit=crop&height=675&width=1200,http://web.archive.org/web/20251011135249/https://www.cnet.com/tech/services-and-software/whats-coming-to-disney-world-and-disneyland-new-rides-lands-and-attractions-in-2025/,"As Walt Disney once predicted, Disneyland will ""never be completed"" as long as there is imagination in the world. Both Disney theme parks in the US are continuing to grow, with new rides, experiences… [+19453 chars]",,"Was kommt nach Disney World und Disneyland? Neue Fahrgeschäfte, Länder und Attraktionen im Jahr 2025. Das Tron: Ares-Overlay ist in Disney World angekommen und die Halloween-Feierlichkeiten sind in vollem Gange.","What's Coming to Disney World and Disneyland? New Rides, Lands and Attractions in 2025. The Tron: Ares overlay has arrived at Disney World, and Halloween celebrations are in full swing.","What's coming to Disney World and Disneyland? Novus Rides, Terrae et Attractiones in 2025. Tron: Ares obductio ad Disney Mundi pervenit, et celebrationes Halloween sunt plenae adductae.",2025-10-24 20:43:20+00:00
d7827c29e559a949a6b949391b566191,2025-10-12T16:59:16Z,'water management',6abc.com,en,0.1,"New Jersey braces for coastal storm expected to bring strong winds, flooding","A coastal storm churned its way up the East Coast on Sunday, with New Jersey declaring a state of emergency and some airports posting delays and...",https://6abc.com/post/new-jersey-braces-coastal-storm-expected-bring-strong-winds-flooding/17991479/,https://s.yimg.com/ny/api/res/1.2/FGc4ob.OjqTx9CgfSSFlOQ--/YXBwaWQ9aGlnaGxhbmRlcjt3PTEyMDA7aD02NzU7Y2Y9d2VicA--/https://media.zenfs.com/en/wpvi_articles_441/b20c8fa852e16245298b8c5bd82da0cd,,"A coastal storm churned its way up the East Coast on Sunday, with New Jersey declaring a state of emergency and some airports posting delays and cancellations in advance of anticipated coastal floodi… [+1785 chars]",,"New Jersey bereitet sich auf einen Küstensturm vor, der starke Winde und Überschwemmungen mit sich bringen wird. Ein Küstensturm tobte am Sonntag die Ostküste hinauf, New Jersey rief den Ausnahmezustand aus und einige Flughäfen meldeten Verspätungen und ...","New Jersey braces for coastal storm expected to bring strong winds, flooding. A coastal storm churned its way up the East Coast on Sunday, with New Jersey declaring a state of emergency and some airports posting delays and...","Nova Jersey adstringit tempestatem maritimam expectatam ut validos ventos inundationes afferat. Tempestas maritima in Orientem Coast die Dominico extorsit, cum Nova Jersey declarans statum necessitatis et nonnullae aliquet nisl moras dispositis et...",2025-10-24 20:43:20+00:00
348b504785cf6ce4f1be8dca74855af2,2025-10-13T10:09:12Z,'drought weather',theconversation.com,en,0.1,The disasters we talk about shape our priorities and determine our preparedness,"From drought to soil degradation and environmental pollution, why does society overlook the most impactful disasters?",https://theconversation.com/the-disasters-we-talk-about-shape-our-priorities-and-determine-our-preparedness-266200,https://images.theconversation.com/files/695771/original/file-20251012-56-gci946.jpg?ixlib=rb-4.1.0&rect=0%2C681%2C5760%2C2880&q=45&auto=format&w=1356&h=668&fit=crop,http://web.archive.org/web/20251108123902/https://theconversation.com/the-disasters-we-talk-about-shape-our-priorities-and-determine-our-preparedness-266200,"In December 1989, the United Nations declared Oct. 13 International Day for Disaster Risk Reduction. At the time, the aim was to make disaster-risk reduction part of everyday thinking worldwide. 

To… [+7043 chars]",,"Die Katastrophen, über die wir sprechen, prägen unsere Prioritäten und bestimmen unsere Bereitschaft. Warum übersieht die Gesellschaft die schwerwiegendsten Katastrophen, von Dürre bis hin zu Bodendegradation und Umweltverschmutzung?","The disasters we talk about shape our priorities and determine our preparedness. From drought to soil degradation and environmental pollution, why does society overlook the most impactful disasters?","Clades, quae loquimur, potiores figuramus ac praeparationem nostram decernimus. Ex siccitate ad solo turpitudines et pollutiones agentes, cur societas calamitates maxime impactas ignorat?",2025-10-24 20:43:20+00:00
342c847da5c56513eda2c8aa044f81f5,2025-10-13T14:00:00Z,'drought Iran',journals.plos.org,en,0.1,"Climatic, socioeconomic, and migratory factors on the epidemiological dynamics of cutaneous leishmaniasis in Colombia, 2007–2021","Author summary Cutaneous leishmaniasis (CL) remains one of the most important tropical diseases worldwide, according to the World Health Organization. By using mathematical models, researchers can better understand how this disease behaves and identify the mo…",https://journals.plos.org/plosntds/article?id=10.1371/journal.pntd.0013594,https://journals.plos.org/plosntds/article/figure/image?id=10.1371/journal.pntd.0013594.g002&size=inline,,"Abstract
The World Health Organization considers cutaneous leishmaniasis (CL) to be one of the most important neglected tropical diseases (NTDs). The application of geostatistical models, in conjunc… [+42094 chars]",,"Klimatische, sozioökonomische und Migrationsfaktoren auf die epidemiologische Dynamik der kutanen Leishmaniose in Kolumbien, 2007–2021. Zusammenfassung des Autors Laut der Weltgesundheitsorganisation ist die kutane Leishmaniose (CL) nach wie vor eine der wichtigsten Tropenkrankheiten weltweit. Mithilfe mathematischer Modelle können Forscher besser verstehen, wie sich diese Krankheit verhält, und die Ursache dafür identifizieren.","Climatic, socioeconomic, and migratory factors on the epidemiological dynamics of cutaneous leishmaniasis in Colombia, 2007–2021. Author summary Cutaneous leishmaniasis (CL) remains one of the most important tropical diseases worldwide, according to the World Health Organization. By using mathematical models, researchers can better understand how this disease behaves and identify the mo…","Res climaticae, oeconomicae et migratoriae de dynamicis epidemiologicis leishmaniasis cutanei in Colombia, 2007-2021. Auctor summarie Cutaneous leishmaniasis (CL) manet una e maximis morbis tropicis in toto mundo, secundum Organizationem Mundi Salus. Utendo exemplaribus mathematicis, investigatores melius intelligere possunt quomodo hic morbus se agat et pervideat…",2025-10-24 20:43:20+00:00
8ff312842c6e4574bacf6d4b464c3d63,2025-10-13T14:57:05Z,'drought weather',phys.org,en,0.1,The disasters we talk about shape our priorities and determine our preparedness,"In December 1989, the United Nations declared Oct. 13 International Day for Disaster Risk Reduction. At the time, the aim was to make disaster-risk reduction part of everyday thinking worldwide.",https://phys.org/news/2025-10-disasters-priorities-preparedness.html,https://scx2.b-cdn.net/gfx/news/hires/2025/dry-land.jpg,,"In December 1989, the United Nations declared Oct. 13 International Day for Disaster Risk Reduction. At the time, the aim was to make disaster-risk reduction part of everyday thinking worldwide.
Tod… [+7607 chars]",,"Die Katastrophen, über die wir sprechen, prägen unsere Prioritäten und bestimmen unsere Bereitschaft. Im Dezember 1989 erklärten die Vereinten Nationen den 13. Oktober zum Internationalen Tag der Katastrophenvorsorge. Damals ging es darum, Katastrophenvorsorge weltweit in den Alltag zu integrieren.","The disasters we talk about shape our priorities and determine our preparedness. In December 1989, the United Nations declared Oct. 13 International Day for Disaster Risk Reduction. At the time, the aim was to make disaster-risk reduction part of everyday thinking worldwide.","Clades, quae loquimur, potiores figuramus ac praeparationem nostram decernimus. Mense Decembri 1989, Nationes Unitae declaraverunt 13 Oct. Diem Internationalem ad Disaster Risk reductionem. In tempore, intendit facere calamitatem periculo reductionem partis cotidianae cogitationis universalis.",2025-10-24 20:43:20+00:00
f5878d1f9b9965c2d4579d514645099d,2025-10-13T17:20:52Z,'water management',www.yankodesign.com,en,0.1,"Realme 15 Pro Game of Thrones Limited Edition review: Black to Red Leather, Gold Dragons, and only 5,000 Made","Realme 15 Pro Game of Thrones Limited Edition review: Black to Red Leather, Gold Dragons, and only 5,000 MadeThe Realme 15 Pro Game of Thrones Limited Edition stands as a bold reimagining of the standard 15 Pro, designed for those who want their...",https://www.yankodesign.com/2025/10/13/realme-15-pro-game-of-thrones-limited-edition-review-black-to-red-leather-gold-dragons-and-only-5000-made/,https://www.yankodesign.com/images/design_news/2025/10/realme-15-pro-game-of-thrones-limited-edition-review-black-to-red-leather-gold-dragons-and-only-5000-made/realme-15-pro-got-limited-edition-review-01.jpg,,"PROS:
<ul><li>Striking Game of Thrones-themed design</li><li>Immersive collectors unboxing experience</li><li>Large 7000mAh battery</li></ul>
CONS:
<ul><li>Considerably higher price than the stand… [+12116 chars]",,"Testbericht zum Realme 15 Pro Game of Thrones Limited Edition: Schwarzes bis rotes Leder, goldene Drachen und nur 5.000 Stück hergestellt. Testbericht zum Realme 15 Pro Game of Thrones Limited Edition: Schwarzes bis rotes Leder, goldene Drachen und nur 5.000 Stück hergestellt. Das Realme 15 Pro Game of Thrones Limited Edition ist eine mutige Neuinterpretation des Standard-15 Pro und wurde für diejenigen entwickelt, die ihr...","Realme 15 Pro Game of Thrones Limited Edition review: Black to Red Leather, Gold Dragons, and only 5,000 Made. Realme 15 Pro Game of Thrones Limited Edition review: Black to Red Leather, Gold Dragons, and only 5,000 MadeThe Realme 15 Pro Game of Thrones Limited Edition stands as a bold reimagining of the standard 15 Pro, designed for those who want their...","Regnum 15 Pro Ludus Thronorum Editio definita recensio: Niger ad Leather, Aurum Dracones, et solum 5,000 factus. Regnum 15 Pro Ludus Thronorum Limited Edition review: Black to Red Leather, Aurum Dracones, et solum 5,000 MadeThe Realme 15 Pro Ludus Thronorum Limited Edition stat pro audaci reprehensione vexilli 15 Pro, destinati iis qui suos cupiunt...",2025-10-24 20:43:20+00:00
cdbe1c479e60ce4a41bc09aefe33ceaf,2025-10-13T20:54:25Z,'water management',tedium.co,en,0.1,"Thoughts on Omarchy: Slick Distro, Complicated Ethics",The rising Linux distro Omarchy smooths out Hyprland’s rough edges—but it also carries a controversial sheen that some won’t be able to ignore.,https://tedium.co/2025/10/13/omarchy-linux-distro-commentary/,https://v1.screenshot.11ty.dev/https%3A%2F%2Ftedium.co%2Fog-images%2F2025%2F10%2F13%2Fomarchy-linux-distro-commentary%2F/opengraph/?v=1760395849,,"As a Linux user, Im a relative normie. I actually like GNOME. I have sidestepped the vim vs. emacs debate by preferring nano, and I run Bazzite these days because, while sold as a gaming OS, it is al… [+11210 chars]",,"Gedanken zu Omarchy: Schicke Distribution, komplizierte Ethik. Die aufstrebende Linux-Distribution Omarchy glättet die Ecken und Kanten von Hyprland – aber sie trägt auch einen kontroversen Anstrich in sich, den manche nicht ignorieren können.","Thoughts on Omarchy: Slick Distro, Complicated Ethics. The rising Linux distro Omarchy smooths out Hyprland’s rough edges—but it also carries a controversial sheen that some won’t be able to ignore.","Cogitationes de Omarchia: Slick Distro, Complicata Ethica. Linux oriens distro Omarchia asperas acuminationes Hyprland lenit — sed etiam florem controversiae fert quod quidam ignorare non possunt.",2025-10-24 20:43:20+00:00
57ebc967b63aeda44aebfc1d7bb30791,2025-10-14T00:00:00Z,'water management',www.nature.com,en,0.1,Inside our university’s mission to pivot to research,"Innovation is key to meeting today’s global challenges. This is why the University of Botswana, originally a teaching institution, is now fostering research, and others should take the leap.",https://www.nature.com/articles/d41586-025-03301-3,https://media.nature.com/lw1200/magazine-assets/d41586-025-03301-3/d41586-025-03301-3_51438292.jpg,,"The global challenges of today, from climate-fuelled floods, droughts and heatwaves to food insecurity and health disparities, are felt intensely in Africa. To tackle those, universities on the conti… [+2441 chars]",,"Die Mission unserer Universität ist es, sich auf die Forschung zu konzentrieren. Innovation ist der Schlüssel zur Bewältigung der heutigen globalen Herausforderungen. Aus diesem Grund fördert die Universität von Botswana, ursprünglich eine Lehreinrichtung, nun die Forschung, und andere sollten den Sprung wagen.","Inside our university’s mission to pivot to research. Innovation is key to meeting today’s global challenges. This is why the University of Botswana, originally a teaching institution, is now fostering research, and others should take the leap.","Intra missionem universitatis nostrae ad investigandum versorium. Innovatio clavis est ad provocationes globales hodiernos occurrendas. Quam ob rem Universitas Botsuana, primum institutum docens, nunc investigationem fovet, et alii saltum capere debent.",2025-10-24 20:43:20+00:00
20b3c23e6a2be2fcf9fab91c10ff0a7a,2025-10-14T04:00:00Z,'water management',www.yahoo.com,en,0.1,Officials issue recall after detecting alarming substance in beef product: 'Consumers should not eat this product',"""Any consumers concerned about their health should seek medical advice.""",https://www.yahoo.com/news/articles/officials-issue-recall-detecting-alarming-040000792.html,https://s.yimg.com/ny/api/res/1.2/H4_E4nC5gmDAAyjylMNC1g--/YXBwaWQ9aGlnaGxhbmRlcjt3PTEyMDA7aD02Nzg7Y2Y9d2VicA--/https://media.zenfs.com/en/the_cool_down_737/45797abffb7414729db83ecae1d6b393,,"Health officials in Australia have issued a recall for a popular organic beef product that may become a health hazard.
What's happening?
On Sept. 23, Food Standards Australia and New Zealand issued… [+2693 chars]",,"Beamte geben Rückruf bekannt, nachdem sie einen besorgniserregenden Stoff in einem Rindfleischprodukt entdeckt hatten: „Verbraucher sollten dieses Produkt nicht essen.“ „Jeder Verbraucher, der sich Sorgen um seine Gesundheit macht, sollte ärztlichen Rat einholen.“","Officials issue recall after detecting alarming substance in beef product: 'Consumers should not eat this product'. ""Any consumers concerned about their health should seek medical advice.""","Magistratus res repetunt postquam res in bubula producto terrore detectae sunt: ​​""Perussi hoc productum non debent"". ""Quisquis sumitur de salute sua sollicitus debet consilium medicinae quaerere"".",2025-10-24 20:43:20+00:00
e1208f472ed3bd03c84d3a980e6271f9,2025-10-14T14:00:00Z,'drought Iran',journals.plos.org,en,0.1,A systematic review and meta-analysis of incidence and spatiotemporal trends of snakebites in Iran,"Author summary  Why was this study done? Snakebites are a serious but often overlooked health problem, especially in countries like Iran. However, getting a clear picture of how many people are bitten and where it happens most has been difficult due to incons…",https://journals.plos.org/plosntds/article?id=10.1371/journal.pntd.0013603,https://journals.plos.org/plosntds/article/figure/image?id=10.1371/journal.pntd.0013603.g006&size=inline,,"Abstract
Background and purpose
Snakebites are a neglected public health concern, particularly in tropical regions, causing significant morbidity and mortality. Despite Irans high snakebite burden,… [+34067 chars]",,"Eine systematische Überprüfung und Metaanalyse der Häufigkeit und räumlich-zeitlichen Trends von Schlangenbissen im Iran. Zusammenfassung des Autors Warum wurde diese Studie durchgeführt? Schlangenbisse sind ein ernstes, aber oft übersehenes Gesundheitsproblem, insbesondere in Ländern wie dem Iran. Es war jedoch schwierig, sich ein klares Bild davon zu machen, wie viele Menschen gebissen werden und wo es am häufigsten vorkommt, da es Unstimmigkeiten gibt.","A systematic review and meta-analysis of incidence and spatiotemporal trends of snakebites in Iran. Author summary  Why was this study done? Snakebites are a serious but often overlooked health problem, especially in countries like Iran. However, getting a clear picture of how many people are bitten and where it happens most has been difficult due to incons…","Systematica recensio et meta-analysis incidentiae et spatiotemporalium trendorum serpentium in Irania. Author summary Cur hoc studio factum est? Serpentes graves sunt sed problema sanitatis saepe neglecti, praesertim in terris Irania. Nihilominus, claram imaginem nanctus quam multi mordeantur et ubi maxime difficilis fuerit ob incons... accidit.",2025-10-24 20:43:20+00:00
f0dac8920ff85d02ec6903d33473fb3a,2025-10-14T17:12:24Z,'drought Iran',www.israelnationalnews.com,en,0.1,"Will the Gaza crazies beat swords into ploughshares 
and spears into pruning hooks?","The self-destruct gene of the Palestinian Arabs in general and Hamas in particular may come into play next, as Jew-hatred makes them  cut off their nose to spite their face. Opinion.",https://www.israelnationalnews.com/news/416257,https://2.a7.org/files/pictures/000/1200959.jpg,,"Reckoning the odds stacked against it, Hamas declared the war in Gaza over. A comparable event would be Hitler declaring a pause in the Holocaust in order to stave off defeat. 
BLESSED ARE THE PEACE… [+7897 chars]",,"Werden die Gaza-Verrückten Schwerter in Pflugscharen verwandeln? 
und Speere zu Astmessern? Als nächstes könnte das Selbstzerstörungsgen der palästinensischen Araber im Allgemeinen und der Hamas im Besonderen ins Spiel kommen, da Judenhass sie dazu bringt, sich die Nase abzuschneiden, um ihr Gesicht zu ärgern. Meinung.","Will the Gaza crazies beat swords into ploughshares 
and spears into pruning hooks?. The self-destruct gene of the Palestinian Arabs in general and Hamas in particular may come into play next, as Jew-hatred makes them  cut off their nose to spite their face. Opinion.","Gaza insanas gladios in vomeres mittet? 
et hastas in falces ?. Genus proprium Arabum Palaestinae in genere et Hamas in specie deinde incurrere potest, sicut odium Iudaeorum eos facit nasum ad invitam faciem secare. Sententiam.",2025-10-24 20:43:20+00:00
4f9304173aacec7c9b9d1e64cd2fe4a2,2025-10-14T18:02:00Z,'drought Iran',onefootball.com,en,0.1," South Africa end drought, Nigeria head to play-offs","South Africa is back. Absent from a World Cup since hosting in 2010, Bafana Bafana qualified for the 2026 tournament this Tuesday (14).The final matchday of Group C in African qualifying also featured...",https://onefootball.com/en/news/south-africa-end-drought-nigeria-head-to-play-offs-41805184,https://photobooth-api.onefootball.com/api/screenshot/%2Fv2%2Fphotobooth%2Fcms%2Fen%2F41805184%3Fdate=2025-10-14,,"South Africa is back.
Absent from a World Cup since hosting in 2010, the Bafana Bafana qualified for the 2026 World Cup this Tuesday (14).
The final round of Group C in the African Qualifiers also … [+4659 chars]",,"Südafrika beendet die Dürre, Nigeria zieht in die Play-offs ein. Südafrika ist zurück. Bafana Bafana war seit ihrer Ausrichtung im Jahr 2010 nicht mehr bei einer Weltmeisterschaft dabei und qualifizierte sich an diesem Dienstag (14.) für das Turnier 2026. Am letzten Spieltag der Gruppe C in der Afrika-Qualifikation gab es auch ..."," South Africa end drought, Nigeria head to play-offs. South Africa is back. Absent from a World Cup since hosting in 2010, Bafana Bafana qualified for the 2026 tournament this Tuesday (14).The final matchday of Group C in African qualifying also featured...","Africa Australis finis siti, Nigeria caput ludere-offs. Africa meridionalis retro est. Abest a World Cup cum hosting in 2010, Bafana Bafana idoneus ad 2026 torneamentum hoc die Martis (14). Ultima matchday Group C in African qualificans etiam in lineamentis...",2025-10-24 20:43:20+00:00
e3149ec7d8869ece201cf84b0f89b632,2025-10-14T20:50:50Z,'water management',waxbanks.wordpress.com,en,0.1,Bare Metal (The Emacs Essay),"The following submission to Jeremy Friesen’s ‘elevator pitch’-themed Emacs blog carnival is taken from my rather long manuscript in progress (‘the present work’), tent…",https://waxbanks.wordpress.com/2025/08/01/bare-metal-the-emacs-essay/,https://waxbanks.wordpress.com/wp-content/uploads/2025/08/emacs-screenshot.png,,"The following submission to Jeremy Friesen’s ‘elevator pitch’-themed Emacs blog carnival is taken from my rather long manuscript in progress (‘the present work’), tentatively titled Voluptuous Panic!… [+59889 chars]",,"Bare Metal (Der Emacs-Essay). Der folgende Beitrag zu Jeremy Friesens „Elevator Pitch“-Themen-Emacs-Blog-Karneval stammt aus meinem ziemlich langen Manuskript in Arbeit („das vorliegende Werk“), tent…","Bare Metal (The Emacs Essay). The following submission to Jeremy Friesen’s ‘elevator pitch’-themed Emacs blog carnival is taken from my rather long manuscript in progress (‘the present work’), tent…","Bare Metal (The Emacs Essay). Sequens submissionem Jeremy Friesen 'elevator picis' - lemma Emacs carnivalis blog e nostro longiori manuscripto in progressu desumpta est (‘praesens opus’), tabernaculum…",2025-10-24 20:43:20+00:00
aa41c7a1c66375b6ac5ea5958b0aaf3e,2025-10-14T23:30:12Z,'water management',www.yankodesign.com,en,0.1,Dreame Aqua10 Ultra Roller Review: Fresh-Water Roller Mopping Meets the Carpet Reality,"Dreame Aqua10 Ultra Roller Review: Fresh-Water Roller Mopping Meets the Carpet RealityTraditional robot mops have a fundamental flaw: circular pads spin through the same contaminated area repeatedly, redistributing grime as much as removing it. Dreame’s answe…",https://www.yankodesign.com/2025/10/14/dreame-aqua10-ultra-roller-review-fresh-water-roller-mopping-meets-the-carpet-reality/,https://www.yankodesign.com/images/design_news/2025/10/dreame-aqua10-ultra-roller-review-fresh-water-roller-mopping-meets-the-carpet-reality/IMG_20251011_225317.jpg,,"Traditional robot mops have a fundamental flaw: circular pads spin through the same contaminated area repeatedly, redistributing grime as much as removing it. Dreame’s answer is the Aqua10 Ultra Roll… [+19401 chars]",,"Testbericht zum Dreame Aqua10 Ultra Roller: Das Wischen mit Süßwasserwalzen entspricht der Teppichrealität. Testbericht zum Dreame Aqua10 Ultra Roller: Wischen mit Frischwasserwalzen entspricht der Realität von Teppichen. Herkömmliche Wischroboter haben einen grundsätzlichen Fehler: Kreisförmige Wischpads drehen sich wiederholt durch denselben kontaminierten Bereich und verteilen den Schmutz neu, anstatt ihn zu entfernen. Dreames Antwort…","Dreame Aqua10 Ultra Roller Review: Fresh-Water Roller Mopping Meets the Carpet Reality. Dreame Aqua10 Ultra Roller Review: Fresh-Water Roller Mopping Meets the Carpet RealityTraditional robot mops have a fundamental flaw: circular pads spin through the same contaminated area repeatedly, redistributing grime as much as removing it. Dreame’s answe…","Dreame Aqua10 Ultra Roller Review: Fresh-water Roller Mopping Meets the Carpet Reality. Somnium Aqua10 Ultra Roller Recensio: Mopping recentis aquae Rollerus Mopping Carpet Reality Traditional robot mops maculam fundamentalem habent: pads circularis per eandem aream contaminatam saepe nent, sordium redistribuens quantum removens. Somniare responsum…",2025-10-24 20:43:20+00:00
b5748f9ab5d18154f3c26b09b63e3fec,2025-10-15T01:29:39Z,'water management',www.governance.fyi,en,0.1,Why The Pentagon run the best schools and the safest nuclear program,The United States' hidden cache of state capacity inside the Department of Defense,https://www.governance.fyi/p/the-pentagons-best-schools-and-safest,"https://substackcdn.com/image/fetch/$s_!hFA0!,w_1200,h_600,c_fill,f_jpg,q_auto:good,fl_progressive:steep,g_auto/https%3A%2F%2Fsubstack-post-media.s3.amazonaws.com%2Fpublic%2Fimages%2Fd366e476-f06b-44cc-bab6-da527f0e1d85_1000x563.jpeg",,"You know what I love most about Mars? They still dream. We gave up. Theyre an entire culture dedicated to a common goal, working together as one to turn a lifeless rock into a garden - Franklin DeGra… [+62501 chars]",,Warum das Pentagon die besten Schulen und das sicherste Atomprogramm betreibt. Der verborgene Cache staatlicher Kapazitäten der Vereinigten Staaten innerhalb des Verteidigungsministeriums,Why The Pentagon run the best schools and the safest nuclear program. The United States' hidden cache of state capacity inside the Department of Defense,Cur Pentagoni optimae scholae et nuclei tutissimae currunt. In Civitatibus Foederatis Civitatum Foederatarum cella occulta capacitatis civitatis intra Department Defensionis,2025-10-24 20:43:20+00:00
5d15731e3bd83c92141234caa9fc58c0,2025-10-15T08:54:56Z,'drought weather',cryptonews.com,en,0.1,Ripple Partners With Absa Bank to Launch Digital Asset Custody in South Africa,"Ripple has entered into a strategic partnership with Absa Bank, one of South Africa’s largest financial institutions, to provide digital asset custody...",https://cryptonews.com/news/ripple-partners-with-absa-bank-to-launch-digital-asset-custody-in-south-africa/,https://media.zenfs.com/en/cryptonews_us_711/62aad43d1e9b33f12f1ce233c3d1db51,,"Ripple has entered into a strategic partnership with Absa Bank, one of South Africas largest financial institutions, to provide digital asset custody services for institutional clients.
Key Takeaway… [+3532 chars]",,"Ripple arbeitet mit der Absa Bank zusammen, um die Verwahrung digitaler Vermögenswerte in Südafrika einzuführen. Ripple ist eine strategische Partnerschaft mit der Absa Bank, einem der größten Finanzinstitute Südafrikas, eingegangen, um die Verwahrung digitaler Vermögenswerte anzubieten ...","Ripple Partners With Absa Bank to Launch Digital Asset Custody in South Africa. Ripple has entered into a strategic partnership with Absa Bank, one of South Africa’s largest financial institutions, to provide digital asset custody...","Ripple Socii Absa Bank ad Duc Digital Asset custodia in South Africa. Ripple ingressus est in societate opportuna cum Absa Bank, una Africae Meridionalis maxima Instituta nummaria, ad custodiam digitalis dignissim custodiendam...",2025-10-24 20:43:20+00:00
094f8443efc45e4daff0940a389daa91,2025-10-16T01:38:03Z,'drought Iran',theconversation.com,en,0.1,Peter Thiel thinks Greta Thunberg could be the Antichrist. Here’s how three religions actually describe him,"By the ninth century, influenced by the Christian idea, Islam and Judaism each had their own Antichrist figures who would come at the end of history.",https://theconversation.com/peter-thiel-thinks-greta-thunberg-could-be-the-antichrist-heres-how-three-religions-actually-describe-him-267439,https://images.theconversation.com/files/696337/original/file-20251015-56-xip2k2.jpg?ixlib=rb-4.1.0&rect=0%2C913%2C5472%2C2736&q=45&auto=format&w=1356&h=668&fit=crop,,"In a series of four lectures, Silicon Valley tech billionaire Peter Thiel has been opining on the Antichrist.

Thiel’s amateur riffing identifies the Antichrist with anyone or any institution that he… [+5548 chars]",,"Peter Thiel glaubt, dass Greta Thunberg die Antichristin sein könnte. So beschreiben ihn tatsächlich drei Religionen. Im neunten Jahrhundert hatten Islam und Judentum, beeinflusst von der christlichen Idee, jeweils ihre eigenen antichristlichen Figuren, die am Ende der Geschichte erscheinen sollten.","Peter Thiel thinks Greta Thunberg could be the Antichrist. Here’s how three religions actually describe him. By the ninth century, influenced by the Christian idea, Islam and Judaism each had their own Antichrist figures who would come at the end of history.","Petrus Thiel putat Gretam Thunberg Antichristum esse posse. Hic est quomodo tres religiones illum describunt. Saeculo IX, christiana opinione ducti, Islam et Iudaismum singuli suas Antichristi figuras habebant, qui in fine historiae venturi erant.",2025-10-24 20:43:20+00:00
e74e8c91ce1b78b7f94cec6f25ef06ad,2025-10-16T05:05:53Z,'drought weather',www.insurancejournal.com,en,0.1,"CO2 Hits Highest Levels Ever Recorded, WMO says, Warning of More Extreme Weather","Carbon dioxide levels in the atmosphere have reached the highest ever recorded, potentially further warming the planet and leading to more extreme climate events, a new report by the World Meteorological Organization found. From 2023 to 2024, the global avera…",https://www.insurancejournal.com/news/international/2025/10/16/843836.htm,https://www.insurancejournal.com/app/uploads/2024/11/greenhouse-gases-over-city-skyline-1070268054-AdobeStock-scaled.jpeg,,"Carbon dioxide levels in the atmosphere have reached the highest ever recorded, potentially further warming the planet and leading to more extreme climate events, a new report by the World Meteorolog… [+1856 chars]",,"Laut WMO erreicht CO2 den höchsten jemals gemessenen Wert und warnt vor extremerem Wetter. Der Kohlendioxidgehalt in der Atmosphäre hat den höchsten jemals gemessenen Wert erreicht, was möglicherweise zu einer weiteren Erwärmung des Planeten und zu noch extremeren Klimaereignissen führt, wie ein neuer Bericht der Weltorganisation für Meteorologie ergab. Von 2023 bis 2024 wird der globale Durchschnitt…","CO2 Hits Highest Levels Ever Recorded, WMO says, Warning of More Extreme Weather. Carbon dioxide levels in the atmosphere have reached the highest ever recorded, potentially further warming the planet and leading to more extreme climate events, a new report by the World Meteorological Organization found. From 2023 to 2024, the global avera…","CO2 Hits altissimae umquam memoriae, WMO dicit, Admonitio Magis Extremae Tempestatis. Gradus dioxidis carbonis in atmosphaera altissimas semper memoriae attigerunt, potentia longius calefactionem planetae et ad ulteriora eventus caeli ducens, novam relationem a mundo Meteorologico Organizatio inventa est. Ab 2023 ad 2024, global avera…",2025-10-24 20:43:20+00:00
65c39c17932a25164b7761051f923ad5,2025-10-16T07:20:02Z,'water management',www.cnet.com,en,0.1,From Snake Oil to Wellness Influencers: The Rise and Rise of Health Misinformation,"Has a wellness influencer ever told you something that's too good to be true? According to research and experts, this is becoming increasingly common.",https://www.cnet.com/health/features/snake-oil-wellness-influencers-rise-health-misinformation/,https://www.cnet.com/a/img/resize/59195d843b5e21899140e4a4fc42e7b351b4259f/hub/2025/10/14/2ac7092d-dc71-45d3-848c-5ab52a3cb3df/static.jpg?auto=webp&fit=crop&height=675&width=1200,,"I haven't had a consistent primary care doctor since I turned 18 and moved on from the pediatrician I'd seen since birth.  
Though I get a yearly physical, it's typically with a new doctor every tim… [+38014 chars]",,"Von Schlangenöl zu Wellness-Influencern: Der Aufstieg und Aufstieg von Fehlinformationen im Gesundheitsbereich. Hat Ihnen ein Wellness-Influencer jemals etwas gesagt, das zu schön ist, um wahr zu sein? Untersuchungen und Experten zufolge kommt dies immer häufiger vor.","From Snake Oil to Wellness Influencers: The Rise and Rise of Health Misinformation. Has a wellness influencer ever told you something that's too good to be true? According to research and experts, this is becoming increasingly common.","A Angue Oleum ad Hotel Influentes: Ortum et Ortum Salutis Misinformation. Habet sanitatem influencer umquam tibi aliquid quod nimium bonum esse verum? Secundum investigationes et peritos, hoc magis magisque commune fit.",2025-10-24 20:43:20+00:00
e11e1f50bf0a9cc9b9ee70f30a9ce5ce,2025-10-16T11:00:00Z,'water management',finance.yahoo.com,en,0.1,This Florida man paid to lift his home by 12 feet — why so many flood-prone homeowners are turning to this solution,“The peace of mind that my wife and I have now from where we were. There’s not a price tag on that.”,https://finance.yahoo.com/news/florida-man-paid-lift-home-110000016.html,https://media.zenfs.com/en/moneywise_327/4555672169534a47c9c09611ebac0d9a,,"After being displaced by severe flooding in Hudson, Florida, Bobby Laramore and his wife spent nearly a year living in a trailer, waiting for the day they could return home.
That day finally came th… [+6090 chars]",,"Dieser Mann aus Florida hat dafür bezahlt, sein Haus um 12 Fuß anzuheben – der Grund, warum sich so viele Hausbesitzer, die von Überschwemmungen betroffen sind, dieser Lösung zuwenden. „Die Gewissheit, die meine Frau und ich jetzt von dort haben, wo wir waren. Dafür gibt es kein Preisschild.“",This Florida man paid to lift his home by 12 feet — why so many flood-prone homeowners are turning to this solution. “The peace of mind that my wife and I have now from where we were. There’s not a price tag on that.”,"Hic Florida homo solvit domum suam per 12 pedes — cur tot possessores diluvii proni ad hanc solutionem vertuntur. ""Pax animi est quod uxor mea et nunc habeo unde fuimus. Ibi pretium pretium non est"".",2025-10-24 20:43:20+00:00
9880d6b4dc42057648c462e0e61dbab3,2025-10-16T11:20:08Z,'water management',www.espn.com,en,0.1,The NHL's small-sample shock teams: Who has under- and overperformed?,We explore what's happened (good or bad) for seven particular teams -- and predict whether it'll continue.,https://www.espn.com/nhl/story/_/id/46606038/nhl-2025-26-shock-surprise-best-worst-teams-stats-standings-playoffs,https://a2.espncdn.com/combiner/i?img=%2Fphoto%2F2025%2F1015%2Fr1560671_1296x729_16%2D9.jpg,,"Sports can provoke all sorts of emotions.
New York Rangers forward Mika Zibanejad, for example, couldn't decide whether to laugh or cry after his team was shut out in their first three home games of… [+14898 chars]",,"Die kleinen Schockteams der NHL: Wer hat unter- und überdurchschnittlich abgeschnitten? Wir untersuchen, was bei sieben bestimmten Teams passiert ist (gut oder schlecht) – und sagen voraus, ob es so weitergeht.",The NHL's small-sample shock teams: Who has under- and overperformed?. We explore what's happened (good or bad) for seven particular teams -- and predict whether it'll continue.,NHL Partes parvae-sample concussa: Quis intellexit et perfecit? Investigamus quid acciderit (bonum vel malum) per septem turmas particulares - et praedicimus utrum perseveret.,2025-10-24 20:43:20+00:00
400317eb601f9bc32fb76c84ed781a44,2025-10-16T12:00:00Z,'water management',www.marketwatch.com,en,0.1,‘It kind of takes the joy out of cruising.’ Some Norwegian Cruise Line passengers balk at new food-and-drink policies.,"But it’s all about paying heed to the bottom line, say Wall Street analysts.",https://www.marketwatch.com/story/it-kind-of-takes-the-joy-out-of-cruising-some-norwegian-cruise-line-passengers-balk-at-new-food-and-drink-policies-fd86ad13,https://s.yimg.com/ny/api/res/1.2/PDgDKufXwKPWt01IfoRibw--/YXBwaWQ9aGlnaGxhbmRlcjt3PTEyMDA7aD02MDA-/https://media.zenfs.com/en/marketwatch_hosted_869/335cd6973903a825db0e35f24a044f33,,"Norwegian Cruise Lines new rules call for a $5 surcharge with each additional entree ordered in the main dining rooms. - Getty Images/iStock
For many cruise passengers, the make-or-break aspect of a… [+5886 chars]",,"„Es nimmt irgendwie die Freude an der Kreuzfahrt.“ Einige Passagiere der Norwegian Cruise Line sträuben sich gegen neue Essens- und Getränkerichtlinien. Aber es geht nur darum, auf das Endergebnis zu achten, sagen Wall-Street-Analysten.","‘It kind of takes the joy out of cruising.’ Some Norwegian Cruise Line passengers balk at new food-and-drink policies.. But it’s all about paying heed to the bottom line, say Wall Street analysts.","'Id genus laetitiae ex coquendo sumit.' Quidam Norwegian Cruise Line viatores novas cibos et potus initis sufflrant.. Sed totum est de curando ad imum lineam, dicunt analystas Wall Street.",2025-10-24 20:43:20+00:00
152e31c77ba8a6d0728c3160e642d806,2025-10-16T16:02:58Z,'drought Iran',theconversation.com,en,0.1,"Drought, sand storms and evacuations: how Iran’s climate crisis gets ignored","Tehran is facing its worst water shortages for ten years, but there is little reporting on it outside Iran.",https://theconversation.com/drought-sand-storms-and-evacuations-how-irans-climate-crisis-gets-ignored-266725,https://images.theconversation.com/files/695602/original/file-20251010-56-tum14q.jpg?ixlib=rb-4.1.0&rect=0%2C217%2C6433%2C3216&q=45&auto=format&w=1356&h=668&fit=crop,,"Iran and Israel fought a 12-day war in June. Although a ceasefire was declared the same month, news coverage of Iran continues to focus on the conflict’s aftermath and the Middle East’s tense politic… [+5111 chars]",,"Dürre, Sandstürme und Evakuierungen: Wie die Klimakrise im Iran ignoriert wird. Teheran ist mit der schlimmsten Wasserknappheit seit zehn Jahren konfrontiert, aber außerhalb des Iran gibt es kaum Berichte darüber.","Drought, sand storms and evacuations: how Iran’s climate crisis gets ignored. Tehran is facing its worst water shortages for ten years, but there is little reporting on it outside Iran.","Siccitas, tempestatum harenae et evacuationes: quomodo discrimen climatis Iran ignoratur. Tehran adversus aquae penuriam decem annos pessimam respicit, sed in eo extra Irania parum est nuntians.",2025-10-24 20:43:20+00:00
aa28295e1b8348dec35467e75afee536,2025-10-16T17:20:03Z,'water management',www.yankodesign.com,en,0.1,Thermally Modified Tambour at BDNY 2025: Sustainable Wood Technology Reshaping Hospitality Design,"Thermally Modified Tambour at BDNY 2025: Sustainable Wood Technology Reshaping Hospitality DesignThe Jacob K. Javits Convention Center will transform into the epicenter of hospitality design when Boutique Design New York (BDNY) returns November 9-10, 2025. Fo…",https://www.yankodesign.com/2025/10/16/thermally-modified-tambour-at-bdny-2025-sustainable-wood-technology-reshaping-hospitality-design/,https://www.yankodesign.com/images/design_news/2025/10/thermally-modified-tambour-at-bdny-2025-sustainable-wood-technology-reshaping-hospitality-design/bdny-hero.jpg,,"The Jacob K. Javits Convention Center will transform into the epicenter of hospitality design when Boutique Design New York (BDNY) returns November 9-10, 2025. For two intensive days, over 8,000 inte… [+12379 chars]",,"Thermisch modifizierter Tambour auf der BDNY 2025: Nachhaltige Holztechnologie verändert das Design des Gastgewerbes. Thermisch modifizierter Tambour auf der BDNY 2025: Nachhaltige Holztechnologie verändert das Design des GastgewerbesDas Jacob K. Javits Convention Center wird sich in das Epizentrum des Gastgewerbedesigns verwandeln, wenn Boutique Design New York (BDNY) vom 9. bis 10. November 2025 zurückkehrt. Für…","Thermally Modified Tambour at BDNY 2025: Sustainable Wood Technology Reshaping Hospitality Design. Thermally Modified Tambour at BDNY 2025: Sustainable Wood Technology Reshaping Hospitality DesignThe Jacob K. Javits Convention Center will transform into the epicenter of hospitality design when Boutique Design New York (BDNY) returns November 9-10, 2025. Fo…","Thermally Modified Tambour at BDNY 2025: Sustainable Wood Technology Reshaping Hospitality Design. Thermally Modified Tambour at BDNY 2025: Sustainable Wood Technology Reshaping Hospitality DesignThe Jacob K. Javits Convention Center will transform into the epicenter of hospitality design when Boutique Design New York (BDNY) redit Novembrem 9-10, 2025. Fo…",2025-10-24 20:43:20+00:00
30069956a5625c63b81a3feda4b99934,2025-10-16T17:30:32Z,'drought weather',truthout.org,en,0.1,"Carbon Dioxide Levels Rose Record Amount in 2024, Experts Warn of Feedback Loop","Carbon dioxide emissions are “turbo-charging” the climate crisis, one official noted.",https://truthout.org/articles/carbon-dioxide-levels-rose-record-amount-in-2024-experts-warn-of-feedback-loop/,https://truthout.org/app/uploads/2025/10/2025_10-16-wildfire-amazon.jpg,,"Truthout is an indispensable resource for activists, movement leaders and workers everywhere. Please make this work possible with a quick donation.
The level of carbon dioxide in the atmosphere rose… [+3738 chars]",,"Der Kohlendioxidgehalt ist im Jahr 2024 auf Rekordniveau gestiegen, Experten warnen vor einer Rückkopplungsschleife. Ein Beamter stellte fest, dass Kohlendioxidemissionen die Klimakrise „ankurbeln“.","Carbon Dioxide Levels Rose Record Amount in 2024, Experts Warn of Feedback Loop. Carbon dioxide emissions are “turbo-charging” the climate crisis, one official noted.","Carbon Dioxide Levels Rose Record Amount in MMXXIV, Periti Mone de Loop videre. Emissiones carbonis dioxidae sunt ""turbo-imcurrens"" discrimen climatis, unum officiale notatum.",2025-10-24 20:43:20+00:00
69f18b288b3a9044c4db5dcf3401eb6f,2025-10-17T04:18:21Z,'drought weather',www.ibtimes.com,en,0.1,"Nearly 900 Mn Poor People Exposed To Climate Shocks, UN Warns","Nearly 80 percent of the world's poorest, or about 900 million people, are directly exposed to climate hazards exacerbated by global warming, bearing a ""double and deeply unequal burden,"" the United Nations warned Friday.",https://www.ibtimes.com/nearly-900-mn-poor-people-exposed-climate-shocks-un-warns-3787371,https://d.ibtimes.com/en/full/4629246/upcoming-un-climate-summit-brazil-moment-world-leaders-look-climate-action-action-against.jpg,,"Nearly 80 percent of the world's poorest, or about 900 million people, are directly exposed to climate hazards exacerbated by global warming, bearing a ""double and deeply unequal burden,"" the United … [+3228 chars]",,"Fast 900 Millionen arme Menschen sind Klimaschocks ausgesetzt, warnt die UN. Fast 80 Prozent der Ärmsten der Welt, also etwa 900 Millionen Menschen, sind den durch die globale Erwärmung verschärften Klimagefahren direkt ausgesetzt und tragen eine „doppelte und zutiefst ungleiche Belastung“, warnten die Vereinten Nationen am Freitag.","Nearly 900 Mn Poor People Exposed To Climate Shocks, UN Warns. Nearly 80 percent of the world's poorest, or about 900 million people, are directly exposed to climate hazards exacerbated by global warming, bearing a ""double and deeply unequal burden,"" the United Nations warned Friday.","Fere 900 Mn Pauperes Expositi Ad Clima Shocks, UN Monet. Prope LXXX centesimas mundi pauperrimarum, vel circa 900 miliones hominum, protinus periculis climatis calefactionis globalis exaspantur, portantes ""duplum et penitus inaequale onus"" Nationes Veneris monuerunt.",2025-10-24 20:43:20+00:00
39b263e5452ecd00730fb0c636e52d8e,2025-10-17T09:00:00Z,'drought weather',wattsupwiththat.com,en,0.1,Shut The CCC Now!,And why do the government now need the advice of a bunch of climate crackpots to tell them how to adapt to weather? They managed perfectly alright before Gummer and his little band of con-merchants came along.,https://wattsupwiththat.com/2025/10/17/shut-the-ccc-now/,https://i0.wp.com/wattsupwiththat.com/wp-content/uploads/2024/10/charlesrotter_headless_cartoon_chicken_running_in_panic_midjourney-copy.webp?fit=1024%2C512&quality=75&ssl=1,,"From NOT A LOT OF PEOPLE KNOW THAT
By Paul Homewood
h/t Ian Cunningham
The Climate Change Committee are getting desperate, as they face oblivion after the next election:
The UK should be prepared… [+3632 chars]",,"Schließen Sie das CCC jetzt! Und warum braucht die Regierung jetzt den Rat einer Reihe von Klimaverrückten, die ihnen sagen, wie sie sich an das Wetter anpassen sollen? Sie kamen völlig zurecht, bevor Gummer und seine kleine Gruppe von Händlern auftauchten.",Shut The CCC Now!. And why do the government now need the advice of a bunch of climate crackpots to tell them how to adapt to weather? They managed perfectly alright before Gummer and his little band of con-merchants came along.,CCC  claudite nunc!. Cur nunc gubernatio opus est consilio cratium ad fasciculum climatis illis quomodo tempestatibus accommodare? Licuit sane coram Gummero et eius filiola mercatorum manu iuncta.,2025-10-24 20:43:20+00:00
3b18777e69f62a45e6d7f964c0e1ff6b,2025-10-17T11:00:00Z,'water management',www.cnet.com,en,0.1,Home AI Is Way Better Than Chatbots. Here's Are the Tricks I Love,"Artificial intelligence has brought all-new features to my home, and after some experimenting, these are the ones that truly add value and save me time.",https://www.cnet.com/home/smart-home/home-ai-is-way-better-than-chatbots-heres-what-i-love-about-it/,https://www.cnet.com/a/img/resize/d6b55e81c276bb7f1521d33bc4dc483b1f8b2200/hub/2025/09/26/df0fd91e-f192-4d45-9e7d-f0b6ddae366a/gettyimages-1386800450.jpg?auto=webp&fit=crop&height=675&width=1200,,"Not all AI is created equal. And at home, AI technology is exploring capabilities that extend beyond apps and websites, including object recognition, water leak detection and conversational voice int… [+7690 chars]",,"Heim-KI ist viel besser als Chatbots. Hier sind die Tricks, die ich liebe. Künstliche Intelligenz hat völlig neue Funktionen in mein Zuhause gebracht, und nach einigem Experimentieren sind es diejenigen, die wirklich einen Mehrwert bieten und mir Zeit sparen.","Home AI Is Way Better Than Chatbots. Here's Are the Tricks I Love. Artificial intelligence has brought all-new features to my home, and after some experimenting, these are the ones that truly add value and save me time.","Domus AI via melior quam Chatbots. Hic sunt Furta amo. Intelligentia artificiosa omnia novas lineas in domum meam attulit, et post experimentum, hae sunt quae vere addunt valorem et me tempus conservet.",2025-10-24 20:43:20+00:00
8fc3bad84b37236c72eaa71ab344acd2,2025-10-17T13:00:00Z,'water management',www.sacbee.com,en,0.1,Sacramento restaurant failed health inspections 4 times in 4 days. Here’s why,"Health inspectors closed a total of five local eateries for rodent droppings, moldy tomatoes and more.",https://www.sacbee.com/news/local/article312534837.html,https://media.zenfs.com/en/sacramento_bee_mcclatchy_569/a6817de80e44370df704d7473d9f3174,,"Sacramento County health inspectors closed a diner, two grocery stores and other local eateries due to cockroaches, rodent droppings and other food safety violations.
In addition, inspectors gave ye… [+24507 chars]",,"Das Restaurant in Sacramento hat die Gesundheitsinspektionen innerhalb von vier Tagen viermal nicht bestanden. Hier erfahren Sie, warum. Gesundheitsinspektoren schlossen insgesamt fünf lokale Restaurants wegen Nagetierkot, schimmeligen Tomaten und mehr.","Sacramento restaurant failed health inspections 4 times in 4 days. Here’s why. Health inspectors closed a total of five local eateries for rodent droppings, moldy tomatoes and more.","Sacramentum caupona defecit inspectiones sanitatis 4 temporibus in 4 diebus. Hic quid est. Inspectores sani summam quinque edorum localium clausit propter stercora rodentia, tomatoes informes et plus.",2025-10-24 20:43:20+00:00
ecdbdeea5ed85f6cdb61810b88785d50,2025-10-17T14:00:00Z,'drought Iran',journals.plos.org,en,0.1,Spatial factors affecting young females’ disaster exposure in municipalities facing population decline,"Understanding and reducing the risk of natural disasters is crucial for maintaining the economy and society. Since Japan is a disaster-prone country and the most advanced nation in the world regarding aging and population decline, it necessitates a natural di…",https://journals.plos.org/plosone/article?id=10.1371/journal.pone.0334706,https://journals.plos.org/plosone/article/figure/image?id=10.1371/journal.pone.0334706.g014&size=inline,,"Abstract
Understanding and reducing the risk of natural disasters is crucial for maintaining the economy and society. Since Japan is a disaster-prone country and the most advanced nation in the worl… [+64203 chars]",,"Räumliche Faktoren, die die Katastrophenexposition junger Frauen in Gemeinden beeinflussen, die mit einem Bevölkerungsrückgang konfrontiert sind. Das Verständnis und die Reduzierung des Risikos von Naturkatastrophen sind für den Erhalt von Wirtschaft und Gesellschaft von entscheidender Bedeutung. Da Japan ein katastrophengefährdetes Land und in Bezug auf Alterung und Bevölkerungsrückgang das am weitesten fortgeschrittene Land der Welt ist, ist eine natürliche Anpassung erforderlich.","Spatial factors affecting young females’ disaster exposure in municipalities facing population decline. Understanding and reducing the risk of natural disasters is crucial for maintaining the economy and society. Since Japan is a disaster-prone country and the most advanced nation in the world regarding aging and population decline, it necessitates a natural di…","Facitores locales afficientes clades feminarum iuvenum in municipiis detectio contra populationem declinationem. Intellectus et minuens periculum calamitatum naturalium magnum est ad obtinendam oeconomiam ac societatem. Cum Iaponia patria calamitatis prona est et gens antecedens in mundo circa senescit et hominum declinatio, naturalis di…",2025-10-24 20:43:20+00:00
5b98c76dfece9d2ad7997cd4ee38016c,2025-10-17T17:32:32Z,'water management',abcnews.go.com,en,0.1,"Communities destroyed, hundreds evacuated due to devastating floods in Alaska","On Thursday, 264 were evacuated by the Alaska National Guard.",https://abcnews.go.com/US/hundreds-evacuated-homes-destroyed-alaska-communities-reel-devastating/story?id=126612663,https://s.yimg.com/ny/api/res/1.2/uNPvO8GG.JSIDj.yHw5xKg--/YXBwaWQ9aGlnaGxhbmRlcjt3PTEyMDA7aD05MDA7Y2Y9d2VicA--/https://media.zenfs.com/en/us.abcnews.go.com/fb110c71566c93b2646c93ec9a542657,,"In the aftermath of a destructive typhoon, historic floodwaters have destroyed remote communities across western Alaska, causing hundreds of evacuations that could continue for days, officials said.
… [+3912 chars]",,"Durch die verheerenden Überschwemmungen in Alaska wurden Gemeinden zerstört, Hunderte evakuiert. Am Donnerstag wurden 264 von der Alaska National Guard evakuiert.","Communities destroyed, hundreds evacuated due to devastating floods in Alaska. On Thursday, 264 were evacuated by the Alaska National Guard.","Communitates destructae, centenae ob inundationes in Alaska vastandas decesserunt. Feria quinta 264 ab Alaska Nationale Cohortis evacuata est.",2025-10-24 20:43:20+00:00
de9d1c61845f7d0f9c94bb0f53293787,2025-10-19T07:22:00Z,'water management',www.cnet.com,en,0.1,Health Care Has a Trust Crisis. Wellness Influencers Aren't Helping,"Wellness influencers can spread misinformation to the masses at the click of a button, but what is being done about it?",https://www.cnet.com/health/features/health-care-trust-crisis-influencers-arent-helping/,https://www.cnet.com/a/img/resize/59195d843b5e21899140e4a4fc42e7b351b4259f/hub/2025/10/14/2ac7092d-dc71-45d3-848c-5ab52a3cb3df/static.jpg?auto=webp&fit=crop&height=675&width=1200,,"I haven't had a consistent primary care doctor since I turned 18 and moved on from the pediatrician I'd seen since birth.  
Though I get a yearly physical, it's typically with a new doctor every tim… [+38440 chars]",,"Das Gesundheitswesen befindet sich in einer Vertrauenskrise. Wellness-Influencer helfen nicht. Wellness-Influencer können auf Knopfdruck Fehlinformationen an die Massen verbreiten, aber was wird dagegen unternommen?","Health Care Has a Trust Crisis. Wellness Influencers Aren't Helping. Wellness influencers can spread misinformation to the masses at the click of a button, but what is being done about it?","Health Care has a Trust Crisis. Hotel Influencers non adiuvant. Sanitas influxus potest mittere misinformationem ad globum globuli globorum, sed quid de eo agitur?",2025-10-24 20:43:20+00:00
c61f8609770756384ae90fbc6054994b,2025-10-19T10:16:08Z,'water management',www.aljazeera.com,en,0.1,Pakistan launches its first hyperspectral satellite,"The technology is expected to boost capacity in environmental monitoring, urban planning and disaster management.",https://www.aljazeera.com/news/2025/10/19/pakistan-launches-its-first-hyperspectral-satellite,https://www.aljazeera.com/wp-content/uploads/2025/10/2025-01-17T123829Z_1443851257_RC2MBCADC3EA_RTRMADP_3_PAKISTAN-SPACE-1760865541.jpg?resize=1920%2C1440,,"Pakistan has sent its first-ever hyperspectral satellite into orbit, a major milestone it says will help advance national objectives from agriculture to urban planning.
The countrys space agency, SU… [+2298 chars]",,"Pakistan startet seinen ersten Hyperspektralsatelliten. Es wird erwartet, dass die Technologie die Kapazitäten in den Bereichen Umweltüberwachung, Stadtplanung und Katastrophenmanagement steigern wird.","Pakistan launches its first hyperspectral satellite. The technology is expected to boost capacity in environmental monitoring, urban planning and disaster management.","Pakistan primum satellitem hyperspectalem movet. Nulla expectatur ut boost capacitas in magna vigilantia, urbana consilio et calamitate procuratio.",2025-10-24 20:43:20+00:00
6f4b26ea75a5287384080a4b01070b45,2025-10-19T11:26:05Z,'drought weather',www.newser.com,en,0.1,Drought Is Coming for Leaf-Peepers,"Leaf-peeping season has arrived in the Northeast and beyond, but weeks of drought have muted this year's autumn colors and sent leaves fluttering to the ground earlier than usual. Soaking in the fall foliage is an annual tradition in the New England states as…",https://www.newser.com/story/376828/drought-is-coming-for-leaf-peepers.html,https://img2-azrcdn.newser.com/image/1639961-12-20251019062606.jpeg,,"Leaf-peeping season has arrived in the Northeast and beyond, but weeks of drought have muted this year's autumn colors and sent leaves fluttering to the ground earlier than usual. Soaking in the fall… [+1939 chars]",,"Für Laubgucker steht die Dürre bevor. Im Nordosten und darüber hinaus ist die Laubsaison angebrochen, aber wochenlange Dürre hat die diesjährigen Herbstfarben gedämpft und die Blätter früher als gewöhnlich zu Boden fallen lassen. Das Eintauchen in das Herbstlaub ist in den Neuenglandstaaten eine jährliche Tradition, da…","Drought Is Coming for Leaf-Peepers. Leaf-peeping season has arrived in the Northeast and beyond, but weeks of drought have muted this year's autumn colors and sent leaves fluttering to the ground earlier than usual. Soaking in the fall foliage is an annual tradition in the New England states as…","Siccitas venit ad Folium Peepers. Folium tempus ad brumalem et ultra advenit, sed hebdomades siccitatis autumni colore hoc anno obmutuerunt et folia solito maturius ad terram volitabant. In folia cadunt annua traditio est in Nova Anglia asserit ...",2025-10-24 20:43:20+00:00
9b33221f72527d98922df1322be6abc0,2025-10-19T19:54:10Z,'drought weather',www.abc.net.au,en,0.1,Paddocks are finally green again but bringing a flood of unwelcome guests,A resurgence of rabbit populations following recent rainfall is driving experts to urge for increased control measures.,https://www.abc.net.au/news/2025-10-20/rabbit-populations-on-rise-in-southern-australia-after-rain/105903702,https://live-production.wcms.abc-cdn.net.au/f5ff683aa209480e39aada537307b945?impolicy=wcms_watermark_news&cropH=2250&cropW=4000&xPos=0&yPos=208&width=862&height=485&imformat=generic,,"After a long period of dry weather throughout South Australia and Victoria, rain has finally brought some green back to paddocks, but with that, unwelcome guests have also returned.
Rabbits are mult… [+4772 chars]",,"Die Koppeln sind endlich wieder grün, bringen aber eine Flut unwillkommener Gäste mit sich. Ein Wiederaufleben der Kaninchenpopulationen nach den jüngsten Regenfällen veranlasst Experten, auf verstärkte Kontrollmaßnahmen zu drängen.",Paddocks are finally green again but bringing a flood of unwelcome guests. A resurgence of rabbit populations following recent rainfall is driving experts to urge for increased control measures.,"Paddocks tandem virent, sed diluvium ingratum convivis afferunt. Rebus incolarum lepus recentis pluviae sequentes peritos impellit ad mensuras moderandas augendas.",2025-10-24 20:43:20+00:00
9bb2c2f395366a30e174fc2b9568aedb,2025-10-19T20:30:54Z,'water management',www.designboom.com,en,0.1,first phone with visible flowing water shows the liquid cooling technology in redmagic 11 pro,"to be released starting november 3rd, 2025, the gadget places a plate named aqua core within the device.
The post first phone with visible flowing water shows the liquid cooling technology in redmagic 11 pro appeared first on designboom | architecture & desig…",https://www.designboom.com/technology/first-smartphone-flowing-water-liquid-cooling-technology-redmagic-11-pro-10-19-2025/,https://www.designboom.com/twitterimages/uploads/2025/10/first-phone-flowing-water-liquid-cooling-technology-redmagic-11-pro-designboom-fb.jpg,,"Redmagic 11 pro smartphone cools down with flowing water
Redmagic unveils the 11 Pro smartphone, which uses visible flowing water as its liquid cooling technology to keep the device’s temperature lo… [+3037 chars]",,"Das erste Telefon mit sichtbarem fließendem Wasser zeigt die Flüssigkeitskühlungstechnologie im Redmagic 11 Pro. Das Gerät erscheint ab dem 3. November 2025 und platziert eine Platte namens „Aqua Core“ im Gerät.
Der Beitrag „Das erste Telefon mit sichtbarem fließendem Wasser zeigt die Flüssigkeitskühlungstechnologie im RedMagic 11 Pro“ erschien zuerst auf Designboom | Architektur & Design…","first phone with visible flowing water shows the liquid cooling technology in redmagic 11 pro. to be released starting november 3rd, 2025, the gadget places a plate named aqua core within the device.
The post first phone with visible flowing water shows the liquid cooling technology in redmagic 11 pro appeared first on designboom | architecture & desig…","primum telephonum cum visibili aqua fluente ostendit liquorem technologiae refrigerationis in 11 pro redmagicis. emittere incipiens 3rd, 2025, gadget ponit laminam nucleum aquaticum intra machinam nominatam.
Post primum telephonum visibili aqua fluens ostendit liquorem refrigerantem technologiam redmagic 11 pro primus in designboom | architectura & desig…",2025-10-24 20:43:20+00:00
0bae4ff4ff80cc64df3761f73bb07a06,2025-10-20T00:40:03Z,'water management',ratfactor.com,en,0.1,Forth: The programming language that writes itself,An exploration of the evolution and meaning of the Forth programming language and its context in history.,https://ratfactor.com/forth/the_programming_language_that_writes_itself.html,http://ratfactor.com/forth/talkimg/og_title_image.png,http://web.archive.org/web/20250927194213/https://ratfactor.com/forth/the_programming_language_that_writes_itself.html,"Forth: The programming language that writes itself: The Web Page
Charles H. Moore and the pursuit of simplicity.
Author:Dave GauerCreated: 2023-02-02 Updated: 2024-12-22 
Note: This page is my per… [+200428 chars]",,"Viertens: Die Programmiersprache, die sich selbst schreibt. Eine Untersuchung der Entwicklung und Bedeutung der Forth-Programmiersprache und ihres historischen Kontexts.",Forth: The programming language that writes itself. An exploration of the evolution and meaning of the Forth programming language and its context in history.,Forth: Programmatio linguae quae se scribit. Exploratio evolutionis et significationis Forth programmationis linguae et eius contextui in historia.,2025-10-24 20:43:20+00:00
ec149b842a77ed12387041f1469e0063,2025-10-20T07:56:58Z,'water management',www.aljazeera.com,en,0.1,"Water salinity hurting farmers, livestock in Iraq",Rising water salinity devastates farms and drives displacement in southern provinces.,https://www.aljazeera.com/gallery/2025/10/20/water-salinity-hurting-farmers-livestock-in-iraq,https://www.aljazeera.com/wp-content/uploads/2025/10/AFP__20251017__74EJ9HY__v1__HighRes__IraqEnvironmentClimateWaterPollutionDroughtSali-1760942211.jpg?resize=1920%2C1440,,"Iraqi farmer Umm Ali has watched her poultry die as salinity levels in the countrys south have reached record highs, rendering already scarce water unfit for human consumption and killing livestock.
… [+4141 chars]",,Der Salzgehalt des Wassers schadet Landwirten und Viehbeständen im Irak. Der steigende Salzgehalt des Wassers zerstört landwirtschaftliche Betriebe und treibt die Vertreibung in den südlichen Provinzen voran.,"Water salinity hurting farmers, livestock in Iraq. Rising water salinity devastates farms and drives displacement in southern provinces.","Aqua salsuginis agricolae laedens, pecora in Iraquia. Aqua surgens salinitas fundos vastat et obsessionem in provinciis australibus agit.",2025-10-24 20:43:20+00:00
524c50ddc2ce42951916733f2f8a5af5,2025-10-20T08:45:35Z,'water management',www.yankodesign.com,en,0.1,REDMAGIC 11 Pro: First Phone Where You See the Coolant Flow,"REDMAGIC 11 Pro: First Phone Where You See the Coolant FlowGaming phones have become obsessed with specs and RGB lights, but most still hide their most impressive engineering behind layers of glass and metal. The...",https://www.yankodesign.com/2025/10/20/redmagic-11-pro-first-phone-where-you-see-the-coolant-flow/,https://www.yankodesign.com/images/design_news/2025/10/redmagic-11-pro-first-phone-where-you-see-the-coolant-flow/redmagic-11-pro-10.jpg,,"Gaming phones have become obsessed with specs and RGB lights, but most still hide their most impressive engineering behind layers of glass and metal. The real innovations happen internally, where use… [+3917 chars]",,"REDMAGIC 11 Pro: Erstes Telefon, bei dem Sie den Kühlmittelfluss sehen. REDMAGIC 11 Pro: Erstes Telefon, bei dem man den Kühlmittelfluss siehtGaming-Telefone sind von Spezifikationen und RGB-Lichtern besessen, aber die meisten verbergen ihre beeindruckendste Technik immer noch hinter Schichten aus Glas und Metall. Der...","REDMAGIC 11 Pro: First Phone Where You See the Coolant Flow. REDMAGIC 11 Pro: First Phone Where You See the Coolant FlowGaming phones have become obsessed with specs and RGB lights, but most still hide their most impressive engineering behind layers of glass and metal. The...","REDMAGIC 11 Pro: Prima Phone Ubi Vides Flos Coolantis. REDMAGIC 11 Pro: Primi Phone Ubi vides telephona coolant fluensGaming obsessa spectris et RGB luminibus facta sunt, sed adhuc maxime occultant machinationem gravissimam post stratas vitrei et metalli. The...",2025-10-24 20:43:20+00:00
8a3c30407fc07ceb9683e239263a52b7,2025-10-20T21:10:01Z,'drought weather',phys.org,en,0.1,Long-term data-driven evidence reveals escalating rainfall extremes across urbanizing Himalayan foothills,"For years, we believed the Himalayas were a climatic sanctuary—untouched, pristine, and resilient to the turbulence of modernization. But what happens when mountain cities begin to mimic the dynamics of megacities in the plains?",https://phys.org/news/2025-10-term-driven-evidence-reveals-escalating.html,https://scx2.b-cdn.net/gfx/news/hires/2025/long-term-data-driven.jpg,,"For years, we believed the Himalayas were a climatic sanctuaryuntouched, pristine, and resilient to the turbulence of modernization. But what happens when mountain cities begin to mimic the dynamics … [+8362 chars]",,"Langfristige datengestützte Beweise zeigen eskalierende Niederschlagsextreme in den urbanisierten Ausläufern des Himalaya. Jahrelang glaubten wir, der Himalaya sei ein Klimaschutzgebiet – unberührt, unberührt und widerstandsfähig gegenüber den Turbulenzen der Modernisierung. Aber was passiert, wenn Bergstädte beginnen, die Dynamik von Megastädten in der Ebene nachzuahmen?","Long-term data-driven evidence reveals escalating rainfall extremes across urbanizing Himalayan foothills. For years, we believed the Himalayas were a climatic sanctuary—untouched, pristine, and resilient to the turbulence of modernization. But what happens when mountain cities begin to mimic the dynamics of megacities in the plains?","Diu terminus indiciis agitatae ostendit escalating imbres extrema trans colles Himalayan urbanando. Annos credidimus Himalaas sacrarium climaticum fuisse, intactum, pristinum, ac turbulenti modernizationis mollem fuisse. Sed quid fit, cum urbes montanae in campis meagitatum dynamicas imitari incipiant?",2025-10-24 20:43:20+00:00
05b9179d9ab9113626afbad1620a5d62,2025-10-21T01:06:55Z,'water management',unchartedterritories.tomaspueyo.com,en,0.1,Argentina Could Be a Superpower,Its geography could have made it the United States of Latin America,https://unchartedterritories.tomaspueyo.com/p/argentina-could-be-a-superpower,"https://substackcdn.com/image/fetch/$s_!2UQQ!,w_1200,h_600,c_fill,f_jpg,q_auto:good,fl_progressive:steep,g_auto/https%3A%2F%2Fsubstack-post-media.s3.amazonaws.com%2Fpublic%2Fimages%2F5574b2c1-cebb-41f6-9163-6ffe7b79bc1f_778x1080.gif",,"Encuentra este artículo en español debajo del inglés.
Argentina used to be rich:
Its capital, Buenos Aires, was the Paris of South America.
For decades, Argentina (which means the country of silve… [+26025 chars]",,Argentinien könnte eine Supermacht sein. Aufgrund seiner Geographie hätte es zu den Vereinigten Staaten von Lateinamerika werden können,Argentina Could Be a Superpower. Its geography could have made it the United States of Latin America,Argentina posset esse Superpower. Geographia eius efficere potuit ut Civitates Foederatae Americae Latinae,2025-10-24 20:43:20+00:00
f46f84f6bb5c9d298ae56f8050788046,2025-10-21T09:49:09Z,'water management',indianexpress.com,en,0.1,How Vadodara avoided floods from Vishwamitri river despite record rainfall,A scientifically planned reservoir management and massive desilting drive helped the city in Gujarat withstand a monsoon that exceeded rainfall averages by over 100 per cent.,https://indianexpress.com/article/cities/ahmedabad/how-vadodara-avoided-floods-from-vishwamitri-river-despite-record-rainfall-10318763/,https://images.indianexpress.com/2025/10/Rainfall-2_20251021093023.jpg,,"On September 7, even as the water level in the Vishwamitri River rose to 23 feet at the Kala Ghoda bridge in Vadodara, bringing the city on edge, officers in the Vadodara Municipal Corporation (VMC) … [+5257 chars]",,"Wie Vadodara trotz Rekordniederschlägen Überschwemmungen durch den Fluss Vishwamitri vermied. Ein wissenschaftlich geplantes Reservoirmanagement und eine massive Entschlammungsaktion halfen der Stadt in Gujarat, einem Monsun standzuhalten, der die durchschnittliche Niederschlagsmenge um über 100 Prozent übertraf.",How Vadodara avoided floods from Vishwamitri river despite record rainfall. A scientifically planned reservoir management and massive desilting drive helped the city in Gujarat withstand a monsoon that exceeded rainfall averages by over 100 per cent.,Quomodo Vadodara inundationes a Vishwamitri fluvio obstante record pluviae vitavit. Alveus in administratione scientifice cogitavit et in Gujarat vastitatem coegi adiuvit urbem in Gujarat sustinere monstrum quod pluviae mediocris per 100 centesimae excesserunt.,2025-10-24 20:43:20+00:00
b6f105211e267359cdb72e06b822062c,2025-10-21T14:00:00Z,'drought Iran',journals.plos.org,en,0.1,"Bacillin 20, a bacterial derived compound, improves soybean growth, photosynthesis and nutrients content under drought stress conditions","Water scarcity is a global challenge with profound implications, particularly for agriculture, where it undermines crop production by diminishing yields and heightening vulnerability to environmental stresses. This study investigates the impact of Bacillin 20…",https://journals.plos.org/plosone/article?id=10.1371/journal.pone.0332803,https://journals.plos.org/plosone/article/figure/image?id=10.1371/journal.pone.0332803.g009&size=inline,,"Abstract
Water scarcity is a global challenge with profound implications, particularly for agriculture, where it undermines crop production by diminishing yields and heightening vulnerability to env… [+36723 chars]",,"Bacillin 20, eine aus Bakterien gewonnene Verbindung, verbessert das Wachstum, die Photosynthese und den Nährstoffgehalt von Sojabohnen unter Trockenstressbedingungen. Wasserknappheit ist eine globale Herausforderung mit tiefgreifenden Auswirkungen, insbesondere für die Landwirtschaft, wo sie die Pflanzenproduktion beeinträchtigt, indem sie die Erträge verringert und die Anfälligkeit für Umweltbelastungen erhöht. Diese Studie untersucht die Wirkung von Bacillin 20…","Bacillin 20, a bacterial derived compound, improves soybean growth, photosynthesis and nutrients content under drought stress conditions. Water scarcity is a global challenge with profound implications, particularly for agriculture, where it undermines crop production by diminishing yields and heightening vulnerability to environmental stresses. This study investigates the impact of Bacillin 20…","Bacillinum 20, bacterial compositio derivata, incrementum soybeanum meliorem, photosynthesim et nutrimentum contenta sub siccitatibus conditionibus innixi. Aqua penuria est provocatio globalis cum profundis consectariis, praesertim agriculturae, ubi productio segetis subruit minuendo et augendo vulnerabilitatem ad passiones environmentales. Hoc studium Bacillinum 20 impulsum inquirit.",2025-10-24 20:43:20+00:00
7892a7c92d03622f019ea7b262d0c43a,2025-10-21T17:30:00Z,'water management',apnews.com,en,0.1,Coca-Cola third quarter results rise with help from mini cans and premium drinks,"The Coca-Cola Co. said sales of premium beverages and mini cans helped boost its third-quarter results despite tepid demand in the U.S. and elsewhere.



The Atlanta beverage giant said Tuesday it continues to see a divergence among consumers in North America…",https://apnews.com/article/cocacola-coke-earnings-50d0e25cc1809be7d553df9a41112e7d,"https://images.fastcompany.com/image/upload/f_webp,q_auto,c_fit,w_1024/wp-cms-2/2025/10/AP25290558921672.jpg",,"The Coca-Cola Co. said sales of premium beverages and mini cans helped boost its third-quarter results despite tepid demand in the U.S. and elsewhere.
The Atlanta beverage giant said Tuesday it cont… [+3493 chars]",,"Die Ergebnisse des dritten Quartals von Coca-Cola steigen dank Minidosen und Premiumgetränken. Die Coca-Cola Co. sagte, dass der Verkauf von Premium-Getränken und Minidosen dazu beigetragen habe, ihre Ergebnisse im dritten Quartal trotz verhaltener Nachfrage in den USA und anderswo zu steigern.



Der Getränkeriese aus Atlanta sagte am Dienstag, er beobachte weiterhin eine Divergenz zwischen den Verbrauchern in Nordamerika …","Coca-Cola third quarter results rise with help from mini cans and premium drinks. The Coca-Cola Co. said sales of premium beverages and mini cans helped boost its third-quarter results despite tepid demand in the U.S. and elsewhere.



The Atlanta beverage giant said Tuesday it continues to see a divergence among consumers in North America…","Coca-Cola tertiae quartae eventus oriuntur cum auxilio e cann mini et potibus premium. Coca-Cola Co. dixit venditiones potionum praemiorum ac mini cans adiuvari boost tertiam quartam eventum non obstante tepida postulatione in US et alibi.



Potum gigantis Atlanta dixit Martis pergit videre disiunctionem inter consumers in America Septentrionali…",2025-10-24 20:43:20+00:00
5f45b1611736c36bd492b3569558ca65,2025-10-21T23:43:41Z,'drought weather',www.bbc.com,en,0.1,The £5.30 orange juice that tells the story of why supermarket prices are sky high,"Butter, chocolate, coffee and milk have all seen prices rocket. Tracing back through the story of one particular supermarket staple begins to explain why",https://www.bbc.com/news/articles/c397n3jl3z8o,https://ichef.bbci.co.uk/news/1024/branded_news/c624/live/674f7590-ab41-11f0-ba75-093eca1ac29b.jpg,,"There has been more than a bitter twang in the glasses at British breakfast tables. Only five years ago, a typical supermarket own-label carton of orange juice could be bought for 76p for 1 litre. It… [+12110 chars]",,"Der Orangensaft für 5,30 £ erzählt die Geschichte, warum die Supermarktpreise so hoch sind. Die Preise für Butter, Schokolade, Kaffee und Milch sind in die Höhe geschossen. Wenn man die Geschichte eines bestimmten Grundnahrungsmittels im Supermarkt noch einmal Revue passieren lässt, beginnt sich zu erklären, warum","The £5.30 orange juice that tells the story of why supermarket prices are sky high. Butter, chocolate, coffee and milk have all seen prices rocket. Tracing back through the story of one particular supermarket staple begins to explain why","The £5.30 sucus aurantiorum qui narrat cur pretia mercaturae altae sunt caelum. Butyrum, scelerisque, capulus et lac omnia visa sunt pretia erucae. Fabulam de uno quodam macello repetens per stapulam incipit explicare quare",2025-10-24 20:43:20+00:00
827c3fcd2851deb793a829b735c0cdb5,2025-10-22T00:30:51Z,'water management',www.yankodesign.com,en,0.1,"Custom Water-Cooled PS3 Gets a 50% Performance Boost, Running Gran Turismo 6 at 60FPS","Custom Water-Cooled PS3 Gets a 50% Performance Boost, Running Gran Turismo 6 at 60FPSSony never released a “PS3 Pro,” but what if they had? Zac Builds explored that alternate timeline by engineering a water-cooled, overclocked variant that pushes...",https://www.yankodesign.com/2025/10/21/custom-water-cooled-ps3-gets-a-50-performance-boost-running-gran-turismo-6-at-60fps/,https://www.yankodesign.com/images/design_news/2025/10/drfat-ps3/water_cooled_ps3_1.jpeg,,"Sony never released a “PS3 Pro,” but what if they had? Zac Builds explored that alternate timeline by engineering a water-cooled, overclocked variant that pushes a carefully selected CECH2501B model … [+6583 chars]",,"Die maßgeschneiderte wassergekühlte PS3 erhält eine Leistungssteigerung von 50 % und läuft Gran Turismo 6 mit 60 FPS. Maßgeschneiderte wassergekühlte PS3 erhält eine Leistungssteigerung von 50 % und läuft mit Gran Turismo 6 mit 60 FPS. Sony hat nie eine „PS3 Pro“ herausgebracht, aber was wäre, wenn sie es getan hätten? Zac Builds erforschte diese alternative Zeitachse, indem er eine wassergekühlte, übertaktete Variante entwickelte, die ...","Custom Water-Cooled PS3 Gets a 50% Performance Boost, Running Gran Turismo 6 at 60FPS. Custom Water-Cooled PS3 Gets a 50% Performance Boost, Running Gran Turismo 6 at 60FPSSony never released a “PS3 Pro,” but what if they had? Zac Builds explored that alternate timeline by engineering a water-cooled, overclocked variant that pushes...","Custom Water-Cooled PS3 Get a 50 Euismod Boost, Running Gran Turismo 6 at 60FPS. Consuetudo Water-Cooled PS3 Gets a L% euismod Boost, Currens Gran Turismo 6 ad 60FPSSony numquam dimisit ""PS3 Pro"", sed quid si haberent? Zac Builds exploravit alterna vice per machinationem aquae refrigeratae, overclocked variantes quae protrudit...",2025-10-24 20:43:20+00:00
e78a4138374697740f45f6208762c512,2025-10-22T04:06:43Z,'drought Iran',www.juancole.com,en,0.1,"Drought, Sand Storms and Evacuations: how Iran’s Climate Crisis gets Ignored","By Sanam Mahoozi, City St George's, University of London (The Conversation) - Iran and Israel fought a 12-day war in June. Although a ceasefire was declared the same month, news coverage of Iran continues to focus on the conflict’s aftermath and the Middle Ea…",https://www.juancole.com/2025/10/drought-evacuations-climate.html,https://media.juancole.com/images/2025/10/reza-ghazali-VMkGvOogLYg-unsplash.jpg,,"By Sanam Mahoozi, City St George’s, University of London
(The Conversation) – Iran and Israel fought a 12-day war in June. Although a ceasefire was declared the same month, news coverage of Iran con… [+4884 chars]",,"Dürre, Sandstürme und Evakuierungen: Wie die Klimakrise im Iran ignoriert wird. Von Sanam Mahoozi, City St George's, University of London (The Conversation) – Iran und Israel führten im Juni einen 12-tägigen Krieg. Obwohl im selben Monat ein Waffenstillstand erklärt wurde, konzentriert sich die Berichterstattung über Iran weiterhin auf die Folgen des Konflikts und den Nahen Osten.","Drought, Sand Storms and Evacuations: how Iran’s Climate Crisis gets Ignored. By Sanam Mahoozi, City St George's, University of London (The Conversation) - Iran and Israel fought a 12-day war in June. Although a ceasefire was declared the same month, news coverage of Iran continues to focus on the conflict’s aftermath and the Middle Ea…","Siccitas, Sand Tempestates et Evacuationes: quomodo in Clima Crisis Irania ignoratur. Per Sanam Mahoozi, urbs St George, Universitas Londinensis (Conversatio) - Irania et Israel bellum in mense Iunio XII dies pugnaverunt. Etsi ignis cessatio eodem mense declaratus est, nuntius coverage de Iran pergit ut in conflictu versari et in Media Ea…",2025-10-24 20:43:20+00:00
97db0c0ae7001645d9ae6314309c77b2,2025-10-22T04:15:56Z,'drought Iran',www.juancole.com,en,0.1,"Juan Cole on Gaza, U.S. Policy, and the Future of the Middle East","I was welcomed onto David Lin's Podcast, 'The David Lin Report' to talk about Gaza, the Middle East and the US-China rivalry. Embedded video and transcript below. He describes it this way: The David Lin Report! I’ll be reporting on the most impactful market-m…",https://www.juancole.com/2025/10/policy-future-middle.html,https://media.juancole.com/images/2025/10/DavidlinJuanCole-copy.jpg,,"I was welcomed onto David Lin’s Podcast, “The David Lin Report” to talk about Gaza, the Middle East and the US-China rivalry. Embedded video and transcript below.
He describes it this way:
The Davi… [+22052 chars]",,"Juan Cole über Gaza, US-Politik und die Zukunft des Nahen Ostens. Ich wurde in David Lins Podcast „The David Lin Report“ willkommen geheißen, um über Gaza, den Nahen Osten und die Rivalität zwischen den USA und China zu sprechen. Unten eingebettetes Video und Transkript. Er beschreibt es so: Der David Lin Report! Ich werde über die einflussreichsten Marktm… berichten.","Juan Cole on Gaza, U.S. Policy, and the Future of the Middle East. I was welcomed onto David Lin's Podcast, 'The David Lin Report' to talk about Gaza, the Middle East and the US-China rivalry. Embedded video and transcript below. He describes it this way: The David Lin Report! I’ll be reporting on the most impactful market-m…","Juan Cole in Gaza, US Policy, et de Future Medii Orientis. Exceptus sum in David Lin' Podcast, 'De David Lin Report' loqui de Gaza, Medio Oriente et US-Sinae aemulatione. Vide embedded et infra transcript. Describit hoc modo: David Lin Report! Referam in foro maxime impacto-m…",2025-10-24 20:43:20+00:00
591aa55b5ea708d5fd81685c79fbcdc1,2025-10-22T10:00:00Z,'drought weather',newrepublic.com,en,0.1,Of Corn and Cancer: Iowa’s Deadly Water Crisis,"Nick Schutt grew up as a free-range kid in the tiny central Iowa town of Williams in the early 1980s. His parents were small-scale farmers, but when the nation’s steepest agrarian crisis since the Great Depression hit, they worked jobs in town to make ends me…",https://newrepublic.com/article/201118/corn-cancer-iowa-deadly-water-crisis,https://images.newrepublic.com/d1b35930b3312ead62f4e82e341ca52669eb26f2.jpeg?w=1200&h=630&crop=faces&fit=crop&fm=jpg,,"But in 2025, a couple of developments have shaken things up. The first is that, on May 30, Central Iowa Water Worksa conglomeration of utilities charged with delivering drinkable water to 600,000 peo… [+2467 chars]",,"Von Mais und Krebs: Iowas tödliche Wasserkrise. Nick Schutt wuchs Anfang der 1980er Jahre als freilaufender Junge in der winzigen Stadt Williams im Zentrum von Iowa auf. Seine Eltern waren Kleinbauern, aber als die schlimmste Agrarkrise des Landes seit der Weltwirtschaftskrise ausbrach, arbeiteten sie in der Stadt, um über die Runden zu kommen …","Of Corn and Cancer: Iowa’s Deadly Water Crisis. Nick Schutt grew up as a free-range kid in the tiny central Iowa town of Williams in the early 1980s. His parents were small-scale farmers, but when the nation’s steepest agrarian crisis since the Great Depression hit, they worked jobs in town to make ends me…","Frumenti et Cancri: Iowa Letalis aqua Crisis. Nick Schutt creverat ut haedum liberum range in parva media urbe Iowa Williams primis annis 1980s. Parentes eius parvae agricolae erant, sed cum altissimam agrariam nationis discrimen cum Magna Depressione percussa erant, opera in urbe laboraverunt ut me finirent….",2025-10-24 20:43:20+00:00
b497c70b5cee664b2b25cea2eff3a926,2025-10-22T14:00:00Z,'water management',www.cnet.com,en,0.1,"This Is How Long Eggs Last in the Fridge. Plus, How To Tell When They're Spoiled","This is the best way to store eggs and how to tell if they're still fresh, according to an expert.",https://www.cnet.com/home/kitchen-and-household/this-is-how-long-eggs-last-in-the-fridge-plus-how-to-tell-when-theyre-spoiled/,https://www.cnet.com/a/img/resize/d6787b364c4c507c6a86fa27923d476c110502cf/hub/2025/09/19/d4fa9c23-9d32-4139-b1cc-81e09915b5b3/gettyimages-2196443730.jpg?auto=webp&fit=crop&height=675&width=1200,,"Eggs are a staple in the kitchen and a core part of many of our favorite recipes. But you might be wondering whether the eggs you bought last month are still good, even after the ""best by"" date on th… [+5809 chars]",,"So lange halten Eier im Kühlschrank. Außerdem erfahren Sie, wie Sie erkennen, wann sie verwöhnt sind. Laut einem Experten ist dies die beste Art, Eier aufzubewahren und festzustellen, ob sie noch frisch sind.","This Is How Long Eggs Last in the Fridge. Plus, How To Tell When They're Spoiled. This is the best way to store eggs and how to tell if they're still fresh, according to an expert.","Hoc est quam longum ova in fridge. Plus, Quam narrare cum spoliantur. Optime haec est ova condere, et quomodo dicas si recentia adhuc sint, secundum peritum.",2025-10-24 20:43:20+00:00
a9cbeb98ca3124a875cc435d3ed849d7,2025-10-22T22:19:44Z,'water management',www.fresnobee.com,en,0.1,Central Valley farming giant says it only plans to sink Corcoran 6 feet,SJV Water previously reported the water agency controlled by J.G. Boswell Company would sink the town up to ten feet.,https://www.fresnobee.com/news/article312589431.html,https://media.zenfs.com/en/fresno_bee_mcclatchy_articles_660/c193df2e31f17d3e8fd63dc4f054e709,,"SJV Water is a nonprofit, independent online news publication covering water in the San Joaquin Valley. Lois Henry is the CEO/Editor of SJV Water. She can be reached at lois.henry@sjvwater.org. The w… [+5887 chars]",,"Der Landwirtschaftsriese aus dem Central Valley sagt, er plane nur, Corcoran 6 Fuß tief zu versenken. SJV Water berichtete zuvor, dass die von J.G. kontrollierte Wasserbehörde Die Boswell Company würde die Stadt bis zu drei Meter tief versenken.",Central Valley farming giant says it only plans to sink Corcoran 6 feet. SJV Water previously reported the water agency controlled by J.G. Boswell Company would sink the town up to ten feet.,Central Vallis agriculturae dixit solum cogitat Corcoran 6 pedes deprimi. SJV Aquae antea relata procuratione aquarum ab J.G. Boswell Societas oppidum ad decem pedes deprimit.,2025-10-24 20:43:20+00:00
da7a12a5c280423c3a7eb9264e72f506,2025-10-23T00:30:35Z,'water management',ngmdb.usgs.gov,en,0.1,The Cooperative National Geologic Map,"Explore the Cooperative National Geologic Map, a unified view of our Nation's geology, with interactive layers and geologic data.",https://ngmdb.usgs.gov/nationalgeology/,assets/images/logo.png,,"The Cooperative
 National Geologic Map  USGS
  |  AASG
Our Nation's geology informs decisions about resource management, critical mineral
 assessment, water quality modeling, infrastructure devel… [+2072 chars]",,"Die kooperative nationale geologische Karte. Entdecken Sie die Cooperative National Geologic Map, eine einheitliche Ansicht der Geologie unseres Landes mit interaktiven Ebenen und geologischen Daten.","The Cooperative National Geologic Map. Explore the Cooperative National Geologic Map, a unified view of our Nation's geology, with interactive layers and geologic data.","Map Cooperative National Geologic. Explorate Tabulam Cooperantem National Geologicam, una conspectum geologiae nostrae Nationis, cum stratis interactive et notitia geologica.",2025-10-24 20:43:20+00:00
7222c447639e9b669684fb086aa2fb24,2025-10-23T09:00:00Z,'drought weather',wattsupwiththat.com,en,0.1,"Pursuing Net Zero Makes the UK Vulnerable to Bad Weather, BBC, Not Climate Change","As a news organization, the BBC should not carry water for its government or government advisory boards that want to continue wasting money on futile “objectives to prevent further temperature rise” when direct efforts to improve infrastructure and harden it …",https://wattsupwiththat.com/2025/10/23/pursuing-net-zero-makes-the-uk-vulnerable-to-bad-weather-bbc-not-climate-change/,https://i0.wp.com/wattsupwiththat.com/wp-content/uploads/2025/10/glastonbury-england-monument-3aff7b5eca384ca46114ee4dadbc51a1.webp?fit=1024%2C512&quality=75&ssl=1,,"From ClimateREALISM
Linnea Lueken
A recent article at the BBC, Government told to prepare for 2C warming by 2050, claims that the United Kingdom needs to prepare for increasing extreme weather as t… [+4265 chars]",,"Das Streben nach Netto-Null macht das Vereinigte Königreich anfällig für schlechtes Wetter, BBC, nicht für den Klimawandel. Als Nachrichtenorganisation sollte die BBC kein Wasser für ihre Regierung oder Regierungsbeiräte transportieren, die weiterhin Geld für vergebliche „Ziele zur Verhinderung eines weiteren Temperaturanstiegs“ verschwenden wollen, wenn direkte Anstrengungen zur Verbesserung und Absicherung der Infrastruktur unternommen werden …","Pursuing Net Zero Makes the UK Vulnerable to Bad Weather, BBC, Not Climate Change. As a news organization, the BBC should not carry water for its government or government advisory boards that want to continue wasting money on futile “objectives to prevent further temperature rise” when direct efforts to improve infrastructure and harden it …","Persequens Net Zero Facit UK Vulnerabile Tempestas, BBC, Non Clima Mutationem. Sicut ordo nuntiorum, BBC aquam non debet portare ad regimen vel regimen tabularum advisoriarum quae pecuniam perdere cupiunt supervacuis ""obiectivis, ne ultra temperies oriatur"", cum conatus directus infrastructuram emendare et obdurare ...",2025-10-24 20:43:20+00:00
d0265d1620acfa407a354cbcca08b6aa,2025-10-23T12:24:00Z,'drought reservoir',www.dw.com,en,0.1,Fight over water intensifies as Colorado River dries up,"US state negotiators are battling over how to manage dwindling water resources in the Colorado River Basin, a lifeline for over 40 million people spanning across seven states and two countries. What was once a mighty river flowing from Colorado through the Gr…",https://www.dw.com/en/water-conflict-scarcity-upper-basin-lower-basin-drought-agriculture-california-rights-allocation/a-74468546,https://static.dw.com/image/74469848_6.jpg,,"What was once a mighty river flowing from Colorado through the Grand Canyon all the way down to the Gulf of California in Mexico has been reduced to a trickle that barely reaches the ocean.
 
Exper… [+6687 chars]",,"Der Kampf um Wasser verschärft sich, während der Colorado River austrocknet. Unterhändler der US-Bundesstaaten streiten darüber, wie mit den schwindenden Wasserressourcen im Colorado River Basin umgegangen werden soll, einer Lebensader für über 40 Millionen Menschen in sieben Bundesstaaten und zwei Ländern. Was einst ein mächtiger Fluss war, der von Colorado durch die Gr… floss.","Fight over water intensifies as Colorado River dries up. US state negotiators are battling over how to manage dwindling water resources in the Colorado River Basin, a lifeline for over 40 million people spanning across seven states and two countries. What was once a mighty river flowing from Colorado through the Gr…","Pugna super aquam exasperatur ut flumen Colorado arescit. Negotiatores civitatis US certant super facultates aquae minuendae in Colorado fluminis Basin administrandi, vita vitalis per quadraginta miliones hominum per septem civitates et duas regiones pervadit. Quod olim fluvius validus fluit de Colorado per Gr…",2025-10-24 20:43:20+00:00
d6ba661c8815d6c70154eff8b3eb961b,2025-10-23T15:38:29Z,'drought Iran',truthout.org,en,0.1,The World Is Running Out of Fresh Water. What Happens If We Do?,The pace of freshwater depletion is staggering. An area twice the size of California is drying up annually.,https://truthout.org/articles/the-world-is-running-out-of-fresh-water-what-happens-if-we-do/,https://truthout.org/app/uploads/2025/10/GettyImages-2240594894-scaled.jpg,,"Honest, paywall-free news is rare. Please support our boldly independent journalism with a donation of any size.
India is the thirstiest user of groundwater in the world, sucking up more of this val… [+12175 chars]",,"Der Welt geht das Süßwasser aus. Was passiert, wenn wir es tun? Das Tempo der Süßwasserverknappung ist atemberaubend. Jährlich trocknet eine Fläche aus, die doppelt so groß ist wie Kalifornien.",The World Is Running Out of Fresh Water. What Happens If We Do?. The pace of freshwater depletion is staggering. An area twice the size of California is drying up annually.,Mundus Currit Ex Aqua Nova. ?. Gressus aquae dulcis deperditionem vacillat. Area bis magnitudine Californiae quotannis exsiccatur.,2025-10-24 20:43:20+00:00
ef6a598357744765c68da76c2e447807,2025-10-23T20:16:38Z,'water management',www.ign.com,en,0.1,Galaxies Showcase 2025: Everything Announced,"From the long-awaited release date for Mouse: P.I. For Hire, a release window for the Tony Hawk meets Trains game called Denshattack!, and a new look at Warhammer 40,000: Boltgun 2, here is everything announced at the Galaxies Showcase 2025.",https://www.ign.com/articles/galaxies-showcase-2025-everything-announced,https://assets-prd.ignimgs.com/2025/10/23/galaxies-1760636002163-1761236821082.png?width=1280&format=jpg&auto=webp&quality=80,,"The Galaxies Showcase has arrived and it featured more than 50 games, six world premieres, exclusive reveals, demo drops, and much more, including the long-awaited release date for Mouse: P.I. For Hi… [+19111 chars]",,"Galaxies Showcase 2025: Alles angekündigt. Vom lang erwarteten Veröffentlichungstermin für Mouse: P.I. Zu mieten, ein Veröffentlichungsfenster für das Tony Hawk meets Trains-Spiel namens Denshatack! und ein neuer Blick auf Warhammer 40.000: Boltgun 2 – hier ist alles, was beim Galaxies Showcase 2025 angekündigt wurde.","Galaxies Showcase 2025: Everything Announced. From the long-awaited release date for Mouse: P.I. For Hire, a release window for the Tony Hawk meets Trains game called Denshattack!, and a new look at Warhammer 40,000: Boltgun 2, here is everything announced at the Galaxies Showcase 2025.","Galaxies Showcase MMXXV: Omnia Nuntiata. Ex longa exspectatione emissio date pro Muris: P.I. Pro Hire, fenestra dimissio Tony Hawk pro impedimentis ludo nomine Denshattack!, et novus aspectus ad Warhammer 40,000: Boltgun 2, hic omnia nuntiata sunt apud Galaxies Showcase 2025 .",2025-10-24 20:43:20+00:00
2502eecfc1b6147961ba83125db35735,2025-10-24T05:21:00Z,'drought Iran',www.yahoo.com,en,0.1,Iraq faces elections at a delicate moment in the Middle East,Iraq is weeks away from parliamentary elections that will set the country’s course during one of the Middle East's most delicate moments in years.  While the...,https://www.yahoo.com/news/articles/iraq-faces-elections-delicate-moment-052100862.html,https://s.yimg.com/ny/api/res/1.2/DT8Vr5p876GxaX5Hdlcd9w--/YXBwaWQ9aGlnaGxhbmRlcjt3PTEyMDA7aD03MzY7Y2Y9d2VicA--/https://media.zenfs.com/en/ap.org/7cf37f476daa17908a107e36e6b39685,,"BAGHDAD (AP) Iraq is weeks away from parliamentary elections that will set the countrys course during one of the Middle East's most delicate moments in years.
While the ceasefire in Gaza may have ta… [+6529 chars]",,"Der Irak steht in einem heiklen Moment im Nahen Osten vor Wahlen. Der Irak ist nur noch wenige Wochen von den Parlamentswahlen entfernt, die den Kurs des Landes in einem der heikelsten Momente des Nahen Ostens seit Jahren bestimmen werden.  Während die...",Iraq faces elections at a delicate moment in the Middle East. Iraq is weeks away from parliamentary elections that will set the country’s course during one of the Middle East's most delicate moments in years.  While the...,Iraquia electiones respicit momento in Medio Oriente. Iraquia hebdomades abest a comitiis parlamentariis quae cursum patriae ponebunt in uno aetatis tempore subtilissimo Medio Oriente.  Donec a...,2025-10-24 20:43:20+00:00
8d6ec93d63b11d61e8299e2922ab823b,2025-10-24T05:55:58Z,'drought Iran',abcnews.go.com,en,0.1,Iraq faces elections at a delicate moment in the Middle East,Iraq is weeks away from parliamentary elections that will set the country’s course during one of the Middle East’s most delicate moments in years,https://abcnews.go.com/International/wireStory/iraq-faces-elections-delicate-moment-middle-east-126823855,https://i.abcnewsfe.com/a/343df53a-ef86-4f44-ab48-8f4753b3eb3b/wirestory_3f300233274aa87b92a451664a89220f_16x9.jpg?w=1600,,"BAGHDAD -- BAGHDAD (AP) Iraq is weeks away from parliamentary elections that will set the countrys course during one of the Middle East's most delicate moments in years.
While the ceasefire in Gaza … [+6418 chars]",,"Der Irak steht in einem heiklen Moment im Nahen Osten vor Wahlen. Der Irak ist nur noch wenige Wochen von den Parlamentswahlen entfernt, die den Kurs des Landes in einem der heikelsten Momente des Nahen Ostens seit Jahren bestimmen werden",Iraq faces elections at a delicate moment in the Middle East. Iraq is weeks away from parliamentary elections that will set the country’s course during one of the Middle East’s most delicate moments in years,Iraquia electiones respicit momento in Medio Oriente. Iraquia hebdomades abest a comitiis parliamentariis quae cursum regionis in uno Medio Oriente in annis momenta subtilissima ponent.,2025-10-24 20:43:20+00:00
5b4393e0835e439664657387a2aeefca,2025-10-24T08:00:55Z,'drought Iran',www.dezeen.com,en,0.1,Eight Indigenous technologies that could turn the tide on how we manage water,"Architect Julia Watson has followed up her seminal book Lo-TEK with a new volume focused specifically on Indigenous approaches to water – its scarcity and overabundance. Here, she shares an exclusive preview of eight examples from floating farms to sponge par…",https://www.dezeen.com/2025/10/24/lo-tek-water-julia-watson/,https://static.dezeen.com/uploads/2025/10/herod-lo-tek-water-julia-watson_dezeen_2364_col_0.jpg,,"Architect Julia Watson has followed up her seminal book Lo-TEK with a new volume focused specifically on Indigenous approaches to water – its scarcity and overabundance. Here, she shares an exclusive… [+10437 chars]",,"Acht indigene Technologien, die die Art und Weise, wie wir mit Wasser umgehen, verändern könnten. Die Architektin Julia Watson hat ihrem bahnbrechenden Buch „Lo-TEK“ einen neuen Band folgen lassen, der sich speziell mit der indigenen Herangehensweise an Wasser – seiner Knappheit und seinem Überfluss – befasst. Hier gibt sie eine exklusive Vorschau auf acht Beispiele von schwimmenden Farmen bis hin zu Schwammparks …","Eight Indigenous technologies that could turn the tide on how we manage water. Architect Julia Watson has followed up her seminal book Lo-TEK with a new volume focused specifically on Indigenous approaches to water – its scarcity and overabundance. Here, she shares an exclusive preview of eight examples from floating farms to sponge par…","Octo technologiae indigenae, quae aestum vertere potuerunt in quam aquam administrare possumus. Iulia Watson architectus librum seminalem suum secutus est Lo-TEK cum novo volumine speciali in accessibus Indigenis ad aquam positis, eiusque inopiam et abundantiam emissis. Hic, praevisum exclusivum octo exemplis participat de fundi spongiae par…",2025-10-24 20:43:20+00:00
8e9293ed9aa1b68fcc1447176b2a3be8,2025-10-24T09:00:00Z,'drought climate change',www.cbc.ca,en,0.1,Why the coming weeks are pivotal for the ongoing drought in the Maritimes,Rivers are running low and some wells are going dry due to the ongoing drought. Now time is running short on replenishing the water table before the ground freezes this winter.,https://www.cbc.ca/news/canada/nova-scotia/maritime-drought-winter-water-9.6950239,"https://i.cbc.ca/ais/20e2c27a-c220-447d-a736-fa5253d03a5c,1761236686571/full/max/0/default.jpg?im=Crop%2Crect%3D%280%2C0%2C1920%2C1080%29%3BResize%3D620",,Rivers are running low across much of the Maritimes due to the ongoing drought and wells are going dry in some communities. Now the clock is ticking on replenishing the water table before the ground … [+1896 chars],,"Warum die kommenden Wochen für die anhaltende Dürre in den Maritimes entscheidend sind. Aufgrund der anhaltenden Dürre gehen die Flüsse zur Neige und einige Brunnen versiegen. Jetzt wird die Zeit knapp, den Grundwasserspiegel wieder aufzufüllen, bevor der Boden diesen Winter gefriert.",Why the coming weeks are pivotal for the ongoing drought in the Maritimes. Rivers are running low and some wells are going dry due to the ongoing drought. Now time is running short on replenishing the water table before the ground freezes this winter.,Quare septimanae venientes funguntur siccitate permanente in maritimis. Flumina decurrunt humili et quidam puteis siccitatibus ob siccitatem permanentem. Nunc tempus breve est in aqua mensae implere ante quam humus hanc hiemem congelat.,2025-10-24 20:43:20+00:00
dcf3e93e546931568515f57a4688f189,2025-10-24T10:15:45Z,'water management',www.bolde.com,en,0.1,14 U.S. States Most Likely To Survive A Global Climate Crisis,"As climate change gets worse, these states are the most likely to survive it.",https://www.bolde.com/14-u-s-states-most-likely-to-survive-a-global-climate-crisis/,https://media.zenfs.com/en/the_bolde_articles_237/448c0874cc1cf27b6943ef552cc780cb,,"Facing a global climate crisis is daunting, but for some U.S. states, the path to survival might be a bit more manageable. If you're wondering which places in the U.S. are most likely to withstand th… [+16048 chars]",,"14 US-Bundesstaaten, die eine globale Klimakrise am wahrscheinlichsten überleben werden. Wenn sich der Klimawandel verschlimmert, ist die Wahrscheinlichkeit, dass diese Staaten ihn überleben, am größten.","14 U.S. States Most Likely To Survive A Global Climate Crisis. As climate change gets worse, these states are the most likely to survive it.","XIV Americae Americae Verisimile superesse Global Clima Crisis. Cum mutatio climatis deterioratur, hae civitates superesse verisimile est.",2025-10-24 20:43:20+00:00
30ce0e5e3efbaa97bc759bfc2f0c7299,2025-10-24T11:45:08Z,'drought weather',www.forbes.com,en,0.1,Building The Resilience Economy: How Seneca’s Firefighting Drones Signal A New Era Of Climate Adaptation,Seneca’s firefighting drones show how adaptation tech is shaping a resilience economy amid rising climate risks and billion-dollar wildfire disasters.,https://www.forbes.com/sites/christophermarquis/2025/10/24/building-the-resilience-economy-how-senecas-firefighting-drones-signal-a-new-era-of-climate-adaptation/,https://imageio.forbes.com/specials-images/imageserve/68fb10d50e46fd90050a2b2a/0x0.jpg?format=jpg&height=900&width=1600&fit=bounds,,"Seneca founder Stu Landesberg stands with the companys autonomous firefighting dronesdesigned to stop wildfires in their critical early minutes.
Seneca
Climate change is no longer a remote future t… [+4506 chars]",,"Aufbau einer Resilienzökonomie: Wie Senecas Feuerwehrdrohnen eine neue Ära der Klimaanpassung einläuten. Senecas Löschdrohnen zeigen, wie Anpassungstechnologie eine widerstandsfähige Wirtschaft inmitten steigender Klimarisiken und milliardenschwerer Waldbrandkatastrophen prägt.",Building The Resilience Economy: How Seneca’s Firefighting Drones Signal A New Era Of Climate Adaptation. Seneca’s firefighting drones show how adaptation tech is shaping a resilience economy amid rising climate risks and billion-dollar wildfire disasters.,Aedificationem Resilientiae Oeconomia: Quomodo Seneca Firefighting Fuci Signum A New Era Of Climate adaptation. Pugnatoriae fuci Senecae ostendunt quomodo adaptatio technica mollitiam oeconomiae effingat in periculis climatis ortum et calamitates miliardis dollariorum incendiorum.,2025-10-24 20:43:20+00:00
f2ff90f5fa469371831f096a08a972bb,2025-10-24T14:45:57Z,'drought climate change',scienceblog.com,en,0.1,Extreme Droughts Could Wipe Out Centuries of Carbon Storage in Peatlands,A two-month drought in a Minnesota bog has revealed an unsettling vulnerability in one of Earth's most important carbon vaults. Despite covering just 3%,https://scienceblog.com/extreme-droughts-could-wipe-out-centuries-of-carbon-storage-in-peatlands/,https://scienceblog.com/wp-content/uploads/2025/10/1023_peatlands1.jpg,,"A two-month drought in a Minnesota bog has revealed an unsettling vulnerability in one of Earth’s most important carbon vaults. Despite covering just 3% of the planet’s land surface, peatlands store … [+5452 chars]",,Extreme Dürren könnten jahrhundertelange Kohlenstoffspeicher in Torfgebieten zerstören. Eine zweimonatige Dürre in einem Moor in Minnesota hat eine beunruhigende Schwachstelle in einem der wichtigsten Kohlenstoffspeicher der Erde offenbart. Obwohl es nur 3 % abdeckt,Extreme Droughts Could Wipe Out Centuries of Carbon Storage in Peatlands. A two-month drought in a Minnesota bog has revealed an unsettling vulnerability in one of Earth's most important carbon vaults. Despite covering just 3%,Extremae siccitates centuriae Carbonis Storage in Peatlands delere potuerunt. Duo menses siccitatis in Minnesota caeno patefecit instabilem vulnerabilitatem in una Telluris maximis fornices carbonis. Quamvis III% sicut covering,2025-10-24 20:43:20+00:00
351d1e8fda0eb41f39bbd6d622551558,2025-10-24T16:33:36Z,'drought reservoir',en.protothema.gr,en,0.1,Meeting at the Maximos Mansion under Mitsotakis on water scarcity in Attica,"During the preparatory meeting, immediate initiatives to address the looming risks were discussed – Announcements are expected in the coming weeks – Water reserves in Attica are sufficient for only one year
The post Meeting at the Maximos Mansion under Mitsot…",https://en.protothema.gr/2025/10/24/meeting-at-the-maximos-mansion-under-mitsotakis-on-water-scarcity-in-attica/,https://en.protothema.gr/wp-content/uploads/2025/10/mornos-mak-1.jpg-1.jpg,,"A preparatory meeting was held today at the Maximos Mansion under Prime Minister Kyriakos Mitsotakis, focusing on tackling the problem of water scarcity in Attica.
Government sources stated that the… [+3480 chars]",,"Treffen im Maximos-Herrenhaus unter Mitsotakis zum Thema Wasserknappheit in Attika. Während des Vorbereitungstreffens wurden Sofortinitiativen zur Bewältigung der drohenden Risiken besprochen – Ankündigungen werden in den kommenden Wochen erwartet – Die Wasserreserven in Attika reichen nur für ein Jahr
Der Beitrag Treffen im Maximos-Herrenhaus unter Mitsot…","Meeting at the Maximos Mansion under Mitsotakis on water scarcity in Attica. During the preparatory meeting, immediate initiatives to address the looming risks were discussed – Announcements are expected in the coming weeks – Water reserves in Attica are sufficient for only one year
The post Meeting at the Maximos Mansion under Mitsot…","Occurrens ad Maximos Mansio sub Mitsotakis super aquarum penuriam in Attica. In praeparatorio conventu, immediata incepta ad circumspicienda pericula discussa sunt - Annuntiationes exspectantur in hebdomadibus venientibus - Aquae in Attica subsidia unum tantum annum sufficiunt.
Post Conventum ad Maximos Mansio sub Mitsot…",2025-10-24 20:43:20+00:00
9e4019f2e61e8fa58a8e069737c0eccd,2025-10-24T18:55:06Z,'drought Iran',www.bostonherald.com,en,0.1,Iraq faces elections at a delicate moment in the Middle East,The Nov. 11 vote will determine whether Prime Minister Mohammed Shia al-Sudani gets another term.,https://www.bostonherald.com/2025/10/24/iraq-elections/,https://www.bostonherald.com/wp-content/uploads/2025/10/Iraq_Elections_02236.jpg?w=1024&h=728,,"By QASSIM ABDUL-ZAHRA
BAGHDAD (AP) Iraq is weeks away from parliamentary elections that will set the countrys course during one of the Middle Easts most delicate moments in years.
While the ceasefi… [+6649 chars]",,"Der Irak steht in einem heiklen Moment im Nahen Osten vor Wahlen. Die Abstimmung am 11. November wird darüber entscheiden, ob Premierminister Mohammed Shia al-Sudani eine weitere Amtszeit erhält.",Iraq faces elections at a delicate moment in the Middle East. The Nov. 11 vote will determine whether Prime Minister Mohammed Shia al-Sudani gets another term.,Iraquia electiones respicit momento in Medio Oriente. Ex suffragio 11. Nov. decernet utrum primus minister Mohammed Shia al-Sudani alium terminum acceperit.,2025-10-24 20:43:20+00:00
5beec51afd7b6fa8599e4b5c6373f8f6,2025-10-24T20:38:26Z,'drought weather',www.bostonherald.com,en,0.1,US coffee prices spike due to tariffs and poor weather,It’s getting more expensive for Americans to get their caffeine fix.,https://www.bostonherald.com/2025/10/24/coffee-prices-explained/,https://www.bostonherald.com/wp-content/uploads/2025/10/Coffee_Prices-Explainer_70557.jpg?w=1024&h=682,,"By DEE-ANN DURBIN and CHRIS RUGABER, AP Business Writers
Its getting more expensive for Americans to get their caffeine fix.
The average U.S. price of a pound of ground coffee hit $9.14 in Septembe… [+4232 chars]",,"Die Kaffeepreise in den USA steigen aufgrund von Zöllen und schlechtem Wetter. Für Amerikaner wird es immer teurer, ihren Koffeinschub zu bekommen.",US coffee prices spike due to tariffs and poor weather. It’s getting more expensive for Americans to get their caffeine fix.,Pretium capulus US clavum ob portoriis et tempestatibus inops. Plus carus est pro Americanis ut eorum Julius fix.,2025-10-24 20:43:20+00:00
06d8031487845e19701ca7ed7c2de48b,2025-10-24T21:52:20Z,'water management',www.yahoo.com,en,0.1,"Trump administration tells Colorado wolves must come from U.S. Rockies states, not Canada","The Trump administration is telling Colorado to stop importing gray wolves from Canada as part of the state’s efforts to restore the predators, a shift that ...",https://www.yahoo.com/news/articles/trump-administration-tells-colorado-wolves-215220035.html,https://media.zenfs.com/en/ap.org/d97f3fc99833fc415f0ec7e3e7951154,,"FORT COLLINS, Colo. (AP) The Trump administration is telling Colorado to stop importing gray wolves from Canada as part of the states efforts to restore the predators, a shift that could hinder plans… [+3000 chars]",,"Die Trump-Regierung teilt mit, dass Colorado-Wölfe aus den US-amerikanischen Rockies-Staaten und nicht aus Kanada stammen müssen. Die Trump-Regierung fordert Colorado auf, den Import grauer Wölfe aus Kanada einzustellen, als Teil der Bemühungen des Staates, die Raubtiere wiederherzustellen, eine Änderung, die ...","Trump administration tells Colorado wolves must come from U.S. Rockies states, not Canada. The Trump administration is telling Colorado to stop importing gray wolves from Canada as part of the state’s efforts to restore the predators, a shift that ...","BUCINUM administratio narrat Colorado lupi ex civitatibus Americae Silicis, non Canadae venire debere. Administratio Trump narrat Colorado prohibere lupos griseos ex Canada importare ut partem nisus status in predatoribus restitueret, mutationem quae ...",2025-10-24 20:43:20+00:00
3ce9b3860e055e4fea08a9af3acece9d,2025-10-25T12:27:08Z,'drought Iran',www.npr.org,en,0.1,Drone photo winners will amaze your eyeballs: From a high-up horseman to a holy river,"The dazzling aerial photos honored by the 2025 Siena awards offer ""new ways of seeing familiar places,"" as one judge puts it.",https://www.npr.org/sections/goats-and-soda/2025/10/25/g-s1-94482/drone-photo-contest-winners,https://npr.brightspotcdn.com/dims3/default/strip/false/crop/1040x585+0+220/resize/1400/quality/100/format/jpeg/?url=http%3A%2F%2Fnpr-brightspot.s3.amazonaws.com%2Fab%2F5e%2Fc5972bab4262a2d898948c0743ca%2Fdrone-awards-2025-final-14.jpg,,"A solitary horseman, illuminated by a beam of light, stands on the snow, surrounded by eerie and jagged mountain peaks. It's an otherworldly image and it raises the question: How did a photographer m… [+6874 chars]",,"Die Gewinner der Drohnenfotos werden Ihre Augen in Erstaunen versetzen: Von einem hochgelegenen Reiter bis zu einem heiligen Fluss. Die umwerfenden Luftbilder, die mit den Siena Awards 2025 ausgezeichnet wurden, bieten „neue Möglichkeiten, vertraute Orte zu sehen“, wie ein Juror es ausdrückt.","Drone photo winners will amaze your eyeballs: From a high-up horseman to a holy river. The dazzling aerial photos honored by the 2025 Siena awards offer ""new ways of seeing familiar places,"" as one judge puts it.","Fusus photo victores oculi mirabuntur: Eques ab alto ad flumen sanctum. Imagines aereae splendidae a 2025 Senis honoratae praemia praebent ""novas vias videndi loca nota"" sicut unus iudex ponit.",2025-10-24 20:43:20+00:00
42c578f3e419c2a14ef9b3e92b58ec64,2025-10-26T00:58:37Z,'drought Iran',www.bbc.com,en,0.1,MS Swaminathan: The scientist who saved India from hunger,A new biography shows how MS Swaminathan helped India leap from hunger to food self-sufficiency.,https://www.bbc.com/news/articles/cn7eln1pm4ro?xtor=AL-72-%5Bpartner%5D-%5Byahoo.north.america%5D-%5Bheadline%5D-%5Bnews%5D-%5Bbizdev%5D-%5Bisapi%5D,https://media.zenfs.com/en/bbc_us_articles_995/d3dd5949217c84d26093f8f2c5cb88f1,,"The year was 1965.
On a Sunday in Jaunti, a small village on Delhi's outskirts, a hardened Indian farmer stretched out his hand to a visiting farm scientist.
""Dr sahib, we will take up your seed,"" … [+7087 chars]",,"MS Swaminathan: Der Wissenschaftler, der Indien vor dem Hunger rettete. Eine neue Biografie zeigt, wie MS Swaminathan Indien dabei half, vom Hunger zur Selbstversorgung mit Nahrungsmitteln zu gelangen.",MS Swaminathan: The scientist who saved India from hunger. A new biography shows how MS Swaminathan helped India leap from hunger to food self-sufficiency.,MS Swaminathan: physicus qui Indiam fame servavit. Nova biographia ostendit quomodo MS Swaminathan Indiam adiuvit ut fame ad cibi sui ipsius sufficientiam desiliret.,2025-10-24 20:43:20+00:00
89a55fd3002f92e8c599556ccc542466,2025-10-26T11:00:00Z,'water management',www.cnet.com,en,0.1,7 Discrete Gadgets to Boost Your Home Security Behind the Scenes,The tiniest home security devices can have the biggest impact. Here's what these hidden add-ons can do.,https://www.cnet.com/home/security/7-discrete-gadgets-to-boost-your-home-security-behind-the-scenes/,https://www.cnet.com/a/img/resize/85258d38e6778c63f1af8fe7b79fcdacb474e7d2/hub/2025/09/19/20d3e6d7-405a-47f0-a1f2-0106221a3035/level-lock-pro.jpg?auto=webp&fit=crop&height=675&width=1200,,"Not everyone needs a large, flashy security system to provide their home with the safety they want. Sometimes it's the smallest, least noticeable devices that can make the most difference or solve th… [+5545 chars]",,"7 diskrete Gadgets, die die Sicherheit Ihres Zuhauses hinter den Kulissen erhöhen. Die kleinsten Sicherheitsgeräte für Ihr Zuhause können die größte Wirkung haben. Hier erfahren Sie, was diese versteckten Add-ons leisten können.",7 Discrete Gadgets to Boost Your Home Security Behind the Scenes. The tiniest home security devices can have the biggest impact. Here's what these hidden add-ons can do.,7 Discrete Gadgets ut boost tua Domus Securitatis post scaenae. Minutissimae domus securitatis machinas maximum ictum habere possunt. Hic est quod latent additiones hae faciant.,2025-10-24 20:43:20+00:00
e62409baa5b38d85879315fa110f0288,2025-10-26T18:00:00Z,'water management',cheezburger.com,en,0.1,"Petty bakery manager ignores employee's input during graduation weekend, resulting in $1000 loss and 19 free cakes given to customers for free: 'Jill got demoted'","Every industry has at least one week out of the year when things get so busy that everyone feels like they're just barely treading water. 
Sometimes, these weeks are unavoidable and sudden, but other times, you can, at the very least, anticipate that they're…",https://cheezburger.com/42938885/petty-bakery-manager-ignores-employees-input-during-graduation-weekend-resulting-in-1000-loss-and-19,https://i.chzbgr.com/thumb1200/42938885/h092684CF/revenge-entitled-people-karma-entitled-people-toxic-work-environment-customer-service-42938885,,"Every industry has at least one week out of the year when things get so busy that everyone feels like they're just barely treading water. 
Sometimes, these weeks are unavoidable and sudden, but othe… [+1049 chars]",,"Kleiner Bäckerei-Manager ignoriert die Eingaben der Mitarbeiter während des Abschlusswochenendes, was zu einem Verlust von 1.000 US-Dollar und 19 Gratis-Kuchen an die Kunden führt: „Jill wurde degradiert“. In jeder Branche gibt es mindestens eine Woche im Jahr, in der es so hektisch zugeht, dass jeder das Gefühl hat, kaum auf der Stelle zu treten. 
Manchmal kommen diese Wochen unvermeidlich und plötzlich, aber manchmal kann man zumindest vorhersehen, dass sie ...","Petty bakery manager ignores employee's input during graduation weekend, resulting in $1000 loss and 19 free cakes given to customers for free: 'Jill got demoted'. Every industry has at least one week out of the year when things get so busy that everyone feels like they're just barely treading water. 
Sometimes, these weeks are unavoidable and sudden, but other times, you can, at the very least, anticipate that they're…","Procurator pistrinus minimus inputatio molestie volutpat vestibulum graduatio ignorat, inde in $ 1000 damnum et 19 placentas gratis datas clientibus: 'Jill got demoted'. Omnis industria saltem una septimana extra annum est cum res ita occupantur ut quisque sentit sicut aquam vix calcare. 
Aliquando hae septimanae inevitabiles sunt et subitae, sed alias, saltem antevenire potes.",2025-10-24 20:43:20+00:00
69c62f2773548e9b8f4ea4e8d23c8699,2025-10-27T08:55:00Z,'water management',thehackernews.com,en,0.1,Qilin Ransomware Combines Linux Payload With BYOVD Exploit in Hybrid Attack,"The ransomware group known as Qilin (aka Agenda, Gold Feather, and Water Galura) has claimed more than 40 victims every month since the start of 2025, barring January, with the number of postings on its data leak site touching a high of 100 cases in June.
The…",https://thehackernews.com/2025/10/qilin-ransomware-combines-linux-payload.html,https://blogger.googleusercontent.com/img/b/R29vZ2xl/AVvXsEh9EopwQw3Z0ZKEpgBMr6o1NnpTuZh32VqYXhHSIiYfDxDAJaPe2lUu0kTMYDMPwnytqXlofMPn2BNJpl1DEXihvRPAkofRn8kd5HwjaWGaaojcMZl67A3gj1sESX7PYipB5xqcUZt4HPPyv7W5UWFDlBXi7kYlvGP9MJC_N2BqnekOzdRbi2nVx-TFVtrX/s790-rw-e365/ransomware.jpg,,"The ransomware group known as Qilin (aka Agenda, Gold Feather, and Water Galura) has claimed more than 40 victims every month since the start of 2025, barring January, with the number of postings on … [+5490 chars]",,"Qilin Ransomware kombiniert Linux-Payload mit BYOVD-Exploit in einem Hybridangriff. Die als Qilin bekannte Ransomware-Gruppe (auch bekannt als Agenda, Gold Feather und Water Galura) hat seit Anfang 2025 jeden Monat mehr als 40 Opfer gefordert, außer im Januar, wobei die Zahl der Beiträge auf ihrer Datenleck-Website im Juni einen Höchststand von 100 Fällen erreichte.
Der…","Qilin Ransomware Combines Linux Payload With BYOVD Exploit in Hybrid Attack. The ransomware group known as Qilin (aka Agenda, Gold Feather, and Water Galura) has claimed more than 40 victims every month since the start of 2025, barring January, with the number of postings on its data leak site touching a high of 100 cases in June.
The…","Qilin Ransomware Combines Linux Payload Cum BYOVD Expletandum in Hybrid Impetum. Circulus redemptionis notus Qilin (alias Agenda, Aurum Pluma, et Aqua Galura) plus quam quadraginta victimas singulis mensibus ab initio 2025, obexiguo Ianuario, petivit, cum numerus commentariorum in situ suo datae Leak in altitudinem 100 casuum mense Iunio tangens.
The…",2025-10-24 20:43:20+00:00
5331ce10bf56081f4d2b822c700cdb51,2025-10-27T10:00:00Z,'water management',www.newyorker.com,en,0.1,Letters from Our Readers,Readers respond to Dana Goodyear’s piece about losing her home to the California wildfires.,https://www.newyorker.com/magazine/2025/11/03/letters-from-the-november-03-2025-issue,,,Dana Goodyears article about the loss of her home during the California wildfires earlier this year reminded me of when my family watched the 1991 Oakland Hills fire from our living room (Fire Season… [+3561 chars],,Briefe unserer Leser. Die Leser reagieren auf Dana Goodyears Artikel über den Verlust ihres Hauses durch die Waldbrände in Kalifornien.,Letters from Our Readers. Readers respond to Dana Goodyear’s piece about losing her home to the California wildfires.,Lectores nostri. Lectores respondent partes Dana Goodanni de domo sua in California incendia amissa.,2025-10-24 20:43:20+00:00
581aba81bceccdb51f7cbd0c7a95a965,2025-10-27T10:00:00Z,'water management',www.yahoo.com,en,0.1,Researchers reveal major key in hunting down Florida's invasive pythons: 'Significantly increase removal efficiency',It’s possible that their population numbers in the hundreds of thousands.,https://www.yahoo.com/news/articles/researchers-reveal-major-key-hunting-100000413.html,https://s.yimg.com/ny/api/res/1.2/9qbk3fVeb0Ed5DQ7n3IX4Q--/YXBwaWQ9aGlnaGxhbmRlcjt3PTEyMDA7aD02NzU7Y2Y9d2VicA--/https://media.zenfs.com/en/the_cool_down_737/1dc65a32cc60f42baafd39d4eefdf929,,"Burmese pythons have taken over the Florida Everglades in just a few decades, but there is hope that the invasive species can be pulled back. A new study reveals how that might be done.
Published in… [+2630 chars]",,"Forscher enthüllen den wichtigsten Schlüssel zur Jagd auf Floridas invasive Pythons: „Erhebliche Steigerung der Entfernungseffizienz“. Es ist möglich, dass ihre Bevölkerung Hunderttausende beträgt.",Researchers reveal major key in hunting down Florida's invasive pythons: 'Significantly increase removal efficiency'. It’s possible that their population numbers in the hundreds of thousands.,"Investigatores maiorem clavem ostendunt in pythonibus incursivis Floridae in venatione: ""Significanter augere remotionem efficientiam"". Fieri potest ut multitudo eorum in centenis milibus.",2025-10-24 20:43:20+00:00
f12c9ff3d5d5a13ba99caa437569d3cd,2025-10-27T13:34:08Z,'water management',www.palmbeachpost.com,en,0.1,Record rainfall in West Palm Beach and flooding shuts down Boca Raton Airport overnight,"While the Boca Raton Airport closed “due to severe flooding”, it was reopened as of 7 a.m. on Monday, Oct. 27.",https://www.palmbeachpost.com/story/weather/2025/10/27/rainfall-totals-in-west-palm-flooding-in-boca-ahead-of-cold-front/86925224007/,https://s.yimg.com/ny/api/res/1.2/8EdcjAUeLorUIh.39_SRWw--/YXBwaWQ9aGlnaGxhbmRlcjt3PTEyMDA7aD04NzI7Y2Y9d2VicA--/https://media.zenfs.com/en/palm-beach-daily-news/a30515e6b97b9ceb09b291b4d6ef76a6,,The skies opened and bellowed for hours with torrential thunderstorms shutting down the Boca Raton Airport and setting a record in West Palm Beach where 2.37 inches of rain fell in a 24-hour period b… [+4226 chars],,"Rekordniederschläge in West Palm Beach und Überschwemmungen legen den Flughafen Boca Raton über Nacht lahm. Während der Flughafen Boca Raton „wegen schwerer Überschwemmungen“ geschlossen wurde, wurde er am Montag, dem 27. Oktober, um 7 Uhr morgens wiedereröffnet.","Record rainfall in West Palm Beach and flooding shuts down Boca Raton Airport overnight. While the Boca Raton Airport closed “due to severe flooding”, it was reopened as of 7 a.m. on Monday, Oct. 27.","Record pluviae in West Palmae Beach et inundationes in Boca Raton Airport claudit et pernoctare. Dum Boca Raton Airport clausit ""ob inundationem gravem"", iterum die Lunae a.m. die 27 oct.",2025-10-24 20:43:20+00:00
4f5e772a552a69c96e8dcdef16351394,2025-10-27T17:23:16Z,'drought weather',www.cbsnews.com,en,0.1,"Why your beef, bananas and coffee beans have gotten so expensive","Americans are paying significantly more for these food staples, price inflation data shows. Will inflation ever relent?",https://www.cbsnews.com/news/inflation-beef-coffee-bananas-food-prices-cpi/?ftag=YHF4eb9d17,https://s.yimg.com/ny/api/res/1.2/tBcfq3TkUoiIc0i3lICsUQ--/YXBwaWQ9aGlnaGxhbmRlcjt3PTEyMDA7aD04MDE7Y2Y9d2VicA--/https://media.zenfs.com/en/cbs_news_897/b57a8d6d436ca68fb8e7215e047277c7,,"For evidence that the cost of food in the U.S. remains hard to stomach for many households, look no further than the price of bananas, beef and coffee.
Banana prices were up 6.9% in September from a… [+6354 chars]",,"Warum Ihr Rindfleisch, Ihre Bananen und Ihre Kaffeebohnen so teuer geworden sind. Wie Daten zur Preisinflation zeigen, zahlen die Amerikaner deutlich mehr für diese Grundnahrungsmittel. Wird die Inflation jemals nachlassen?","Why your beef, bananas and coffee beans have gotten so expensive. Americans are paying significantly more for these food staples, price inflation data shows. Will inflation ever relent?","Cur bubula, aliquet et faba capulus tam pretiosa sunt consecuta. Americani plus significanter dant pro his cibum stapellis, pretium notitiarum incrementi ostendit. Inflatio semper parcat?",2025-10-24 20:43:20+00:00
952b2debd17e988f94c7fc9d7f6d26e3,2025-10-27T17:42:23Z,'water management',www.asimov.press,en,0.1,Why Nigeria Accepted GMOs,"Genetically modified crops are finding a foothold in the Global South, producing some unlikely leaders in agritech.",https://www.asimov.press/p/nigeria-crops,"https://substackcdn.com/image/fetch/$s_!Cyb2!,w_1200,h_600,c_fill,f_jpg,q_auto:good,fl_progressive:steep,g_auto/https%3A%2F%2Fsubstack-post-media.s3.amazonaws.com%2Fpublic%2Fimages%2F023e6f06-8b09-4d6a-8bbb-d31bbf80b371_2000x1260.jpeg",,"Audio playback is not supported on your browser. Please upgrade.
By Dr. Alex Wakeman
Around 10,000 years ago, nomadic hunter-gatherers started to pick and eat the seeds of grasses, and the world ha… [+20469 chars]",,Warum Nigeria GVO akzeptierte. Gentechnisch veränderte Pflanzen halten im globalen Süden Fuß und bringen einige unwahrscheinliche Spitzenreiter in der Agrartechnologie hervor.,"Why Nigeria Accepted GMOs. Genetically modified crops are finding a foothold in the Global South, producing some unlikely leaders in agritech.","Quare Nigeria GMOs Acceptus est. Fruges genere mutationis in Global Meridionali fundamento reperiuntur, aliquos probabiles duces in agritech producentes.",2025-10-24 20:43:20+00:00
e80baead4b51bc07bbee942971de8e7c,2025-10-27T22:11:49Z,'drought weather',www.abc.net.au,en,0.1,Sport stars call for climate action as Brazil prepares to host COP30,"Ahead of next month's COP30 in Brazil, sports stars from around the world have helped to launch a campaign urging for action on climate change.",https://www.abc.net.au/news/2025-10-28/athletes-call-for-climate-action-ahead-of-cop30/105941094,https://live-production.wcms.abc-cdn.net.au/73f83992b361351d70b6edf6d12c6891?impolicy=wcms_watermark_news&cropH=960&cropW=1707&xPos=107&yPos=0&width=862&height=485&imformat=generic,,"Climate change is one of the toughest opponents athletes face, according to Brazilian soccer player Tamires Dias.
She is one of about 40 elite sportsmen and women involved in the launch of a new glo… [+3016 chars]",,"Sportstars fordern Klimaschutzmaßnahmen, während Brasilien sich auf die Ausrichtung der COP30 vorbereitet. Im Vorfeld der COP30 im nächsten Monat in Brasilien haben Sportstars aus der ganzen Welt dabei geholfen, eine Kampagne zu starten, die zu Maßnahmen gegen den Klimawandel aufruft.","Sport stars call for climate action as Brazil prepares to host COP30. Ahead of next month's COP30 in Brazil, sports stars from around the world have helped to launch a campaign urging for action on climate change.","Stellae lusus vocant actionem climatis sicut Brasilia hospitio COP30 parat. Ante proximum mensem COP30 in Brasilia, stellae e circum orbem ludis adiuverunt ad expeditionem ad agendum impellendum in mutatione climatis.",2025-10-24 20:43:20+00:00
758bd03c08c83c3bb7d76b6a55956dc2,2025-10-28T01:06:30Z,'drought weather',www.cbsnews.com,en,0.1,Iowa soybean farmers lost China as a buyer. Cattle was their backup plan.,"Trump administration officials say new trade deals and aid could ease the strain, but many farmers are struggling to stay afloat.",https://www.cbsnews.com/news/iowa-soybean-farmers-lost-china-as-a-buyer-cattle-was-their-backup-plan/,https://assets1.cbsnewsstatic.com/hub/i/r/2025/10/27/c98e18c8-1556-4952-a062-9bbba28f25fc/thumbnail/1200x630/ff57c3fd00bcab5b28a9435647bbe3a7/gettyimages-2213609068.jpg,,"After several years of losing money on cattle, Burleen and Pete Wobeter thought this would finally be the year things turned around. Their Iowa farm also grows corn and soybeans — crops that have bee… [+2720 chars]",,"Die Sojabauern in Iowa verloren China als Abnehmer. Vieh war ihr Ersatzplan. Beamte der Trump-Regierung sagen, neue Handelsabkommen und Hilfen könnten die Belastung lindern, aber viele Landwirte kämpfen darum, über Wasser zu bleiben.","Iowa soybean farmers lost China as a buyer. Cattle was their backup plan.. Trump administration officials say new trade deals and aid could ease the strain, but many farmers are struggling to stay afloat.",Iowa soybean agricolae Sinas emptorem amiserunt. Pecus eorum consilium tergum suum erat.,2025-10-24 20:43:20+00:00
08e43f482195c859a7dd8afc3e0dadf0,2025-10-28T08:30:00Z,'drought reservoir',www.cbc.ca,en,0.1,"After a dry summer, N.L. communities left worrying about future water problems","Newfoundland and Labrador experienced low rainfall and high heat this past summer, which decimated water supply levels. Now, community leaders are bracing for next year.",https://www.cbc.ca/news/canada/newfoundland-labrador/nl-water-problems-9.6955085,"https://i.cbc.ca/ais/430acbeb-7ef3-4dba-85e9-1afd77c28b3b,1761582868476/full/max/0/default.jpg?im=Crop%2Crect%3D%280%2C378%2C4032%2C2268%29%3BResize%3D620",,"After a summer of low rainfall and high temperatures, many communities across Newfoundland and Labrador experienced plummeting water levels.
Now, residents and community leaders are worried about th… [+3139 chars]",,"Nach einem trockenen Sommer, N.L. Die Gemeinden machten sich Sorgen über künftige Wasserprobleme. Neufundland und Labrador erlebten im vergangenen Sommer geringe Niederschläge und große Hitze, was die Wasserversorgung dezimierte. Jetzt bereiten sich die Gemeindevorsteher auf das nächste Jahr vor.","After a dry summer, N.L. communities left worrying about future water problems. Newfoundland and Labrador experienced low rainfall and high heat this past summer, which decimated water supply levels. Now, community leaders are bracing for next year.","Post siccitatem aestatis, N.L. Communitates reliquit cura futurae aquae problems. Terra Nova et Labrador pluviam humilem experti sunt et calorem altum hac aestate praeterita, quae copia aquae gradus decimavit. Iam duces communitatis annum proximum comprehendunt.",2025-10-24 20:43:20+00:00
4e2f5f0ed79e4aa7e03f07f0567d3712,2025-10-28T11:00:05Z,'water management',gizmodo.com,en,0.1,6 Wild Climate Fixes Scientists Are Actually Considering,"As global temperatures rise, some scientists believe we need to do everything we can to prevent catastrophic warming—no matter how crazy some potential solutions may sound.",https://gizmodo.com/6-wild-climate-fixes-scientists-are-actually-considering-2000677636,https://gizmodo.com/app/uploads/2025/10/penguin-1200x675.jpg,,"If global warming continues at its current rate, Earths average temperature is likely to rise 2.7 degrees Fahrenheit (1.5 degrees Celsius) above pre-industrial levels between 2030 and 2052. Experts b… [+7215 chars]",,"6 Lösungen für wildes Klima, über die Wissenschaftler tatsächlich nachdenken. Da die globalen Temperaturen steigen, glauben einige Wissenschaftler, dass wir alles tun müssen, um eine katastrophale Erwärmung zu verhindern – egal wie verrückt einige mögliche Lösungen klingen mögen.","6 Wild Climate Fixes Scientists Are Actually Considering. As global temperatures rise, some scientists believe we need to do everything we can to prevent catastrophic warming—no matter how crazy some potential solutions may sound.","6 Ferum Clima Fixes Scientists sunt actu considerantes. Cum global temperaturae oriuntur, quidam phisici credunt nos omnia facere nos debere ne catastrophicum calefactionem impedire — utcumque insanus aliquas solutiones potentiales sonare possit.",2025-10-24 20:43:20+00:00
6ac6a06c34c40e902d034e2393edcf4d,2025-10-28T13:38:54Z,'drought reservoir',www.aljazeera.com,en,0.1,‘Ticking environmental bomb’: Water crisis worsens in Russia-annexed Donbas,Residents say they do not have enough water for their basic needs while officials raise alarm as infections grow.,https://www.aljazeera.com/news/2025/10/28/ticking-environmental-bomb-water-crisis-worsens-in-russia-annexed-donbas,https://www.aljazeera.com/wp-content/uploads/2025/10/2025-10-27T144926Z_1632679933_RC2CKHAWL2E4_RTRMADP_3_UKRAINE-CRISIS-DONETSK-REGION-1761658213.jpg?resize=1920%2C1440,,"Kyiv, Ukraine To extract water from tree leaves, branches are wrapped in a plastic bag for several hours. The evaporated liquid is drinkable after boiling.
That is not a survivalist tip, but a life … [+8965 chars]",,"„Tickende Umweltbombe“: Wasserkrise im von Russland annektierten Donbas verschärft sich. Die Bewohner sagen, dass sie nicht genug Wasser für ihre Grundbedürfnisse haben, während die Behörden angesichts der zunehmenden Infektionen Alarm schlagen.",‘Ticking environmental bomb’: Water crisis worsens in Russia-annexed Donbas. Residents say they do not have enough water for their basic needs while officials raise alarm as infections grow.,"'Ticking bombae environmental': discrimen aquae in Russia adiunctis Donbas ingravescit. Incolae dicunt se aquam satis non habere propter postulata sua postulata, dum magistratus terrorem excitant ut contagione crescant.",2025-10-24 20:43:20+00:00
e77f451a4ee05913d2c9f15c24e373c8,2025-10-28T16:23:00Z,'drought Iran',www.bostonherald.com,en,0.1,"Americans’ top fears for 2025, according to a survey","Fear of public speaking ranked No. 46, right before murder by a stranger and after a devastating hurricane. Read on for the complete list of top fears.",https://www.bostonherald.com/2025/10/28/americans-top-fears-for-2025-according-to-a-chapman-university-survey/,https://www.bostonherald.com/wp-content/uploads/2025/10/GettyImages-1678097949.jpg?w=1024&h=648,,"With Halloween only days away, were looking at the findings of Chapman Universitys annual survey of what scares us.
The goal of the Chapman University Survey of American Fears is to collect data ann… [+6411 chars]",,"Laut einer Umfrage sind dies die größten Ängste der Amerikaner für 2025. Die Angst vor öffentlichen Reden stand auf Platz 46, kurz vor dem Mord durch einen Fremden und nach einem verheerenden Hurrikan. Lesen Sie weiter für die vollständige Liste der größten Ängste.","Americans’ top fears for 2025, according to a survey. Fear of public speaking ranked No. 46, right before murder by a stranger and after a devastating hurricane. Read on for the complete list of top fears.","Timores Americani top 2025, secundum percontationem. Metus forenses anteponebat N. XLVI, ante homicidium ab extraneo et post vastitatem turbinis. Read in the complete list of top metus.",2025-10-24 20:43:20+00:00
e180c49e38ec951c63ae026280953db8,2025-10-28T16:56:38Z,'drought weather',www.bostonherald.com,en,0.1,Bill Gates calls for climate fight to shift focus from curbing emissions to reducing human suffering,Every bit of additional warming correlates to more extreme weather.,https://www.bostonherald.com/2025/10/28/climate-bill-gates/,https://www.bostonherald.com/wp-content/uploads/2025/10/Climate_Bill_Gates_27482-1.jpg?w=1024&h=682,,"By JENNIFER McDERMOTT
NEW YORK (AP) Bill Gates thinks climate change is a serious problem but it wont be the end of civilization. He thinks scientific innovation will curb it, and its instead time f… [+6886 chars]",,Bill Gates fordert im Kampf gegen den Klimawandel eine Verlagerung des Schwerpunkts von der Eindämmung der Emissionen auf die Verringerung des menschlichen Leids. Jede zusätzliche Erwärmung korreliert mit extremerem Wetter.,Bill Gates calls for climate fight to shift focus from curbing emissions to reducing human suffering. Every bit of additional warming correlates to more extreme weather.,Bill Porta vocat pugnam climatis ut umbilicum transferat ab emissiones cohibendo ut dolorem humanum minuat. Singula calefactio additamenti ad extremam tempestatem magis pertinet.,2025-10-24 20:43:20+00:00
4dd902ff144438b62b0af142e35d8295,2025-10-28T18:58:01Z,'drought reservoir',statetimes.in,en,0.1,Towards Greening the Blue,Dr. Banarsi LalEcosystem services are the ecological functions and processes through which ecosystems contribute to human-well-being. Loss of ecosystem services is a serious concern in the present era with urbanisation and globalisation being key drivers that…,https://statetimes.in/towards-greening-the-blue/,https://statetimes.in/wp-content/uploads/2023/03/319526318_5727891263973556_9016205861254904172_n-1024x1024.jpg,,Dr. Banarsi LalEcosystem services are the ecological functions and processes through which ecosystems contribute to human-well-being. Loss of ecosystem services is a serious concern in the present er… [+6750 chars],,"Auf dem Weg zum Greening the Blue. Dr. Banarsi LalÖkosystemdienstleistungen sind die ökologischen Funktionen und Prozesse, durch die Ökosysteme zum menschlichen Wohlbefinden beitragen. Der Verlust von Ökosystemleistungen ist in der heutigen Zeit ein ernstes Problem, da Urbanisierung und Globalisierung die Haupttreiber sind, die…",Towards Greening the Blue. Dr. Banarsi LalEcosystem services are the ecological functions and processes through which ecosystems contribute to human-well-being. Loss of ecosystem services is a serious concern in the present era with urbanisation and globalisation being key drivers that…,"Versus Greening Venetus. Officia Dr. Banarsi LalEcosystem oecologica sunt functiones et processuum, per quae oecosystemata ad bene esse homini conferunt. Amissio officiorum oecosystematis gravis est cura in praesenti aetate cum urbanizationes et globalizationes clavium rectores qui…",2025-10-24 20:43:20+00:00
25ba9625df189e6622d13c73939a832b,2025-10-29T01:00:00Z,'drought weather',wattsupwiththat.com,en,0.1,"Tell the Truth, The Guardian and NBC, High Weather Disaster Costs Aren’t Due to Climate Change","As should be obvious to any honest observer exercising the least bit of common sense, the reason for rising disaster costs is clear, the expanding bullseye effect.",https://wattsupwiththat.com/2025/10/28/tell-the-truth-the-guardian-and-nbc-high-weather-disaster-costs-arent-due-to-climate-change/,https://i0.wp.com/wattsupwiththat.com/wp-content/uploads/2025/10/NBC-Guardian-false-reporting.webp?fit=1024%2C512&quality=75&ssl=1,,"From ClimateREALISM
By H. Sterling Burnett
Multiple mainstream media outlets published stories this week uncritically publicizing the claims of a climate change interest group, Climate Central (CC)… [+8630 chars]",,"Sagen Sie die Wahrheit, The Guardian und NBC: Die Kosten für hohe Wetterkatastrophen sind nicht auf den Klimawandel zurückzuführen. Für jeden ehrlichen Beobachter mit auch nur ein bisschen gesundem Menschenverstand sollte es offensichtlich sein, dass der Grund für die steigenden Katastrophenkosten klar ist: der zunehmende Bullseye-Effekt.","Tell the Truth, The Guardian and NBC, High Weather Disaster Costs Aren’t Due to Climate Change. As should be obvious to any honest observer exercising the least bit of common sense, the reason for rising disaster costs is clear, the expanding bullseye effect.","Dic Veritati, Custos et NBC, Maximum Tempestas Disaster Custus Non Ob Clima Mutationem. Ut pateat cuilibet honesto observatori exercenti minimam partem sensus communis, ratio calamitatis surgentis gratuita patet, effectus bullseye dilatandi.",2025-10-24 20:43:20+00:00
fd379f9a8402592d19873d6efb4501b7,2025-10-29T03:00:00Z,'water management',www.yahoo.com,en,0.1,Researchers issue warning on overlooked hazard that can harm human lungs — here's what you need to know,Scientists and governments worldwide are just starting to quantify the threat.,https://www.yahoo.com/news/articles/researchers-issue-warning-overlooked-hazard-030000466.html,https://s.yimg.com/ny/api/res/1.2/6uPVeyvp481lylDHz3_4ow--/YXBwaWQ9aGlnaGxhbmRlcjt3PTEyMDA7aD02ODM7Y2Y9d2VicA--/https://media.zenfs.com/en/the_cool_down_737/29ed916930bb825329cc2c9a7a9eb79d,,"As plastic pollution continues to accumulate globally, scientists are uncovering alarming evidence that the tiniest fragments called nanoplastics may harm lung tissue and threaten human health.
What… [+3583 chars]",,"Forscher warnen vor einer übersehenen Gefahr, die die menschliche Lunge schädigen kann – hier ist, was Sie wissen müssen. Wissenschaftler und Regierungen auf der ganzen Welt beginnen gerade erst, die Bedrohung zu quantifizieren.",Researchers issue warning on overlooked hazard that can harm human lungs — here's what you need to know. Scientists and governments worldwide are just starting to quantify the threat.,Investigatores monent de aleam neglectam quae pulmonibus humanis nocere potest — hic quod scire debes. Scientes et gubernationes orbis terrarum mox incipiebant ad minas quantitare.,2025-10-24 20:43:20+00:00
624919ddc9138c1d622a293ba6f24e40,2025-10-29T11:00:00Z,'water management',www.cnet.com,en,0.1,8 Common-Sense Benefits of Home Security Tech for Aging Relatives,"Today's home security devices are smart, easy to use and offer safety when aging in place -- these reasons will help you convince your relatives to adopt them.",https://www.cnet.com/home/security/8-common-sense-benefits-of-home-security-tech-for-aging-relatives/,https://www.cnet.com/a/img/resize/6476a98e90119e3ad2b82ff74ef931ad89a00aff/hub/2025/10/28/06fa9096-d660-4d79-8e3d-b7e5fc9e10f4/gettyimages-1391098825.jpg?auto=webp&fit=crop&height=675&width=1200,,"Smart home security devices, from alarm systems to door locks, have never been easier or more affordable to use. The problem is that older people don't always want to. They may be worried about priva… [+8874 chars]",,"8 vernünftige Vorteile der Heimsicherheitstechnologie für alternde Angehörige. Heutige Sicherheitsgeräte für Ihr Zuhause sind intelligent, einfach zu bedienen und bieten Sicherheit, wenn Sie an Ort und Stelle bleiben – diese Gründe werden Ihnen dabei helfen, Ihre Verwandten davon zu überzeugen, sie zu übernehmen.","8 Common-Sense Benefits of Home Security Tech for Aging Relatives. Today's home security devices are smart, easy to use and offer safety when aging in place -- these reasons will help you convince your relatives to adopt them.","8 Commune-Sensum Beneficia Domus Securitatis Tech pro Seneca Relativa. Hodiernae cogitationes domus securitatis sapiunt, facile utantur et salutem praebent cum senescit in loco -- hae rationes adiuvabunt ut cognatos tuos persuadeas ut eas capias.",2025-10-24 20:43:20+00:00
08c47c1dff04449c5d04413533263f0a,2025-10-29T11:35:12Z,'water management',www.espn.com,en,0.1,"Health, hot starts and early trends: Best and worst from the first week of NBA",Our insiders break down standout moments and answer the biggest questions from the first days of the NBA season.,https://www.espn.com/nba/story/_/id/46746761/best-worst-first-week-2025-2026-nba-season,https://a1.espncdn.com/combiner/i?img=%2Fphoto%2F2025%2F1028%2Fr1567421_1296x729_16%2D9.jpg,,"Oct 29, 2025, 07:00 AM ET
We're one week into the 2025-26 NBA season, and there are already plenty of intriguing storylines to follow.
Off the court, the league has been shaken by investigations re… [+19714 chars]",,"Gesundheit, heiße Starts und frühe Trends: Das Beste und das Schlechteste aus der ersten NBA-Woche. Unsere Insider schlüsseln herausragende Momente auf und beantworten die größten Fragen aus den ersten Tagen der NBA-Saison.","Health, hot starts and early trends: Best and worst from the first week of NBA. Our insiders break down standout moments and answer the biggest questions from the first days of the NBA season.","Sanitas, calida incipit et prima trenda: Optimus et pessime a prima septimana NBA. Insidentes nostri momenta fundamenta destruunt et quaestiones maximas respondent a primis diebus NBA temporis.",2025-10-24 20:43:20+00:00
02496ba4a997b816ea26abb52f26e18f,2025-10-29T13:35:56Z,'drought Iran',www.nakedcapitalism.com,en,0.1,The Diminishing Returns of ‘Victory’: Empire in the Age of Climate Tipping Points,All the US energy poured into imperial submission accelerates the gains of humanity’s greatest threat.,https://www.nakedcapitalism.com/2025/10/the-diminishing-returns-of-victory-empire-in-the-age-of-climate-tipping-points.html,https://www.nakedcapitalism.com/wp-content/uploads/2025/10/Screenshot-2025-10-28-at-9.10.48 AM-1024x611.png,,"Imperialism has always come with a high body count. That remains true today with U.S.efforts to retain what is left of its hegemony. Sanctions, warfare (either direct or proxy), genocides, and export… [+12756 chars]",,"Die abnehmenden Erträge des „Sieges“: Imperium im Zeitalter der Klimawendepunkte. Die gesamte Energie der USA, die in die imperiale Unterwerfung gesteckt wird, beschleunigt die Errungenschaften der größten Bedrohung der Menschheit.",The Diminishing Returns of ‘Victory’: Empire in the Age of Climate Tipping Points. All the US energy poured into imperial submission accelerates the gains of humanity’s greatest threat.,De reductionibus 'Victorii': Imperii in aetate puncta Clima Tipping. Omnis industria US in dicionem imperatoriam infusa lucra maximas humanitatis minas accelerat.,2025-10-24 20:43:20+00:00
13b6fc3dbeb9e651c675f6ccbe1664c0,2025-10-29T14:20:03Z,'drought weather',indianexpress.com,en,0.1,"India vs Australia, Women’s World Cup 2025 semifinal: Unstoppable force meets unpredictable object in Navi Mumbai","India have made it to the final-four but are yet to produce their best game, and it wouldn’t be Australia if they didn’t march their way into the semifinal.",https://indianexpress.com/article/sports/cricket/india-australia-womens-world-cup-semifinal-preview-10334445/,https://images.indianexpress.com/2025/10/australia-india-express-photo.jpg,,"It is yellow vs blue again. Serial winners against perennial underachievers. Unstoppable force meets a shaky yet unpredictable object. In the womens game, no contest raises the level of excitement am… [+4636 chars]",,"Indien vs. Australien, Halbfinale der Frauen-Weltmeisterschaft 2025: Unaufhaltsame Kraft trifft in Navi Mumbai auf unvorhersehbares Objekt. Indien hat es bis ins Finale geschafft, muss aber noch sein bestes Spiel abliefern, und es wäre nicht Australien, wenn es nicht bis ins Halbfinale vordringen würde.","India vs Australia, Women’s World Cup 2025 semifinal: Unstoppable force meets unpredictable object in Navi Mumbai. India have made it to the final-four but are yet to produce their best game, and it wouldn’t be Australia if they didn’t march their way into the semifinal.","India vs Australia, Women's World Cup 2025 semifinal: vis Unstoppable obiecto vagus occurrit in Navi Mumbai. India eam quattuor finalibus fecit sed optimum ludum producere adhuc debet, et Australia non esset si in semifinalem iter non iter facerent.",2025-10-24 20:43:20+00:00
e9ef635ea2b94c9aa4aea23d87253829,2025-10-29T16:00:00Z,'water management',cheezburger.com,en,0.1,"Company instates new B2B project management and communication software that clients despise, boss insists that it be used anyway, causing problems with key client who gets the CEO involved: 'The client called [the CEO] directly'","Just because something is new and shiny doesn't always make it better.
Just think of all of the ""AI-powered"" products we're getting that demand higher subscription costs for—what exactly? We have smart appliances that are ""AI-powered,"" yet they can't seem to…",https://cheezburger.com/42936837/company-instates-new-b2b-project-management-and-communication-software-that-clients-despise-boss,https://i.chzbgr.com/original/42936837/h3CAE748A/customers-workplace-workplace-malicious-compliance-employment-in-the-workplace-workplace-42936837,,"Just because something is new and shiny doesn't always make it better.
Just think of all of the ""AI-powered"" products we're getting that demand higher subscription costs forwhat exactly? We have sma… [+1526 chars]",,"Das Unternehmen führt eine neue B2B-Projektmanagement- und Kommunikationssoftware ein, die von den Kunden verachtet wird. Der Chef besteht darauf, dass sie trotzdem verwendet wird, was zu Problemen mit dem Hauptkunden führt, der den CEO einbezieht: „Der Kunde hat [den CEO] direkt angerufen.“ Nur weil etwas neu und glänzend ist, ist es nicht immer besser.
Denken Sie nur an all die „KI-gestützten“ Produkte, die wir bekommen und für die höhere Abonnementkosten anfallen – was genau? Wir haben intelligente Geräte, die „KI-betrieben“ sind, aber scheinbar nicht in der Lage sind …","Company instates new B2B project management and communication software that clients despise, boss insists that it be used anyway, causing problems with key client who gets the CEO involved: 'The client called [the CEO] directly'. Just because something is new and shiny doesn't always make it better.
Just think of all of the ""AI-powered"" products we're getting that demand higher subscription costs for—what exactly? We have smart appliances that are ""AI-powered,"" yet they can't seem to…","Societas novum B2B administrationem project ac programmata communicationis clientes contemnit, bulla instat uti usquam, causando difficultates cum cliente clavibus qui CEO implicatur: ""Cliens dicitur [CEO] directe"". Sicut quod novum est et lucidum, non semper melius facit.
Vide modo de omnibus ""AI-potestatis"" productis questus es qui altiorem subscriptionem impensam postulant pro-quidnam? Adjumenta callidi sumus quae ""AI-powered"", sed non videntur...",2025-10-24 20:43:20+00:00
ff2de4818e8dc7186d57d2eab585af01,2025-10-29T18:37:00Z,'drought reservoir',news.sky.com,en,0.1,What we know about the hurricane that has killed dozens in the Caribbean,"Hurricane Melissa, one of the strongest Atlantic hurricanes ever, caused devastation in the Caribbean, killing at least 34 people.",https://news.sky.com/story/hurricane-melissa-what-we-know-about-the-powerful-storm-that-has-torn-through-the-caribbean-13459190,https://e3.365dm.com/25/10/1600x900/skynews-cuba-melissa-hurricane_7066571.jpg?20251030070657,,"Hurricane Melissa, one of the strongest Atlantic hurricanes ever, caused devastation in the Caribbean, killing at least 34 people.
The storm made landfall in Jamaica on Tuesday with wind speeds of 1… [+8350 chars]",,"Was wir über den Hurrikan wissen, der Dutzende Menschen in der Karibik getötet hat. Hurrikan Melissa, einer der stärksten Atlantik-Hurrikane aller Zeiten, richtete in der Karibik verheerende Schäden an und tötete mindestens 34 Menschen.","What we know about the hurricane that has killed dozens in the Caribbean. Hurricane Melissa, one of the strongest Atlantic hurricanes ever, caused devastation in the Caribbean, killing at least 34 people.","Quod scimus de procella quae justos in Caribbean occidit. Procellae Melissa, unus e fortissimis turbinum Atlanticorum, in Caribbean devastationem fecit, saltem 34 homines occisis.",2025-10-24 20:43:20+00:00
efdb1e9d81481cea626ae1399cfd0047,2025-10-30T05:35:03Z,'drought reservoir',skepticalscience.com,en,0.1,Skeptical Science New Research for Week #43 2025,"Open access notables
Hourly Precipitation Intensities at 4-km Resolution Show Statistically Significant Increasing Trends From 1991 to 2022 in the CONUS-404 Hydroclimate Reanalysis, Guilloteau et al., Geophysical Research Letters

Trends in hourly and daily p…",https://skepticalscience.com/new_research_2025_44.html,https://skepticalscience.com/public/assets/images/og/button_sks_200.jpg,,"Posted on 30 October 2025 by Doug Bostrom, Marc Kodack
Open access notables
Hourly Precipitation Intensities at 4-km Resolution Show Statistically Significant Increasing Trends From 1991 to 2022 in… [+44028 chars]",,"Neue Forschungsergebnisse von Skeptical Science für Woche Nr. 43 2025. Open-Access-Prominente
Stündliche Niederschlagsintensitäten bei einer Auflösung von 4 km zeigen statistisch signifikant steigende Trends von 1991 bis 2022 in der CONUS-404 Hydroclimate Reanalysis, Guilloteau et al., Geophysical Research Letters

Trends im stündlichen und täglichen P…","Skeptical Science New Research for Week #43 2025. Open access notables
Hourly Precipitation Intensities at 4-km Resolution Show Statistically Significant Increasing Trends From 1991 to 2022 in the CONUS-404 Hydroclimate Reanalysis, Guilloteau et al., Geophysical Research Letters

Trends in hourly and daily p…","Sceptical Science New Research for Week #43 2025. Open access notables
Hourly Praecipitatio Intensities ad 4-km Resolution Ostende Statistically Insignes Trends Augendae Ab 1991 ad 2022 in CONUS-404 Hydroclimate Reanalysis, Guilloteau et al., Litterae investigationis Geophysicae

Trends in hourly and daily p…",2025-10-24 20:43:20+00:00
337a355ff92209ad12e86e43b5f01883,2025-10-30T05:56:44Z,'water management',www.bbc.com,en,0.1,Despairing homeowners plagued by damp urge government to fix 'botched' insulation,Insulation installation schemes damaged many homes and left a legacy of health problems for residents.,https://www.bbc.com/news/articles/ce8g3018krro,https://ichef.bbci.co.uk/news/1024/branded_news/5a9f/live/3a98a5f0-b4b8-11f0-ba75-093eca1ac29b.jpg,,"Bushra Rashid from Fishwick says that 2013 insulation work has damaged her health and her property
Homeowners who say that botched insulation under government schemes left them living in mouldy cond… [+9829 chars]",,"Verzweifelte Hausbesitzer, die von Feuchtigkeit geplagt werden, fordern die Regierung auf, „verpfuschte“ Isolierungen zu reparieren. Durch die Installation von Dämmstoffen wurden viele Häuser beschädigt und gesundheitliche Probleme bei den Bewohnern hinterlassen.",Despairing homeowners plagued by damp urge government to fix 'botched' insulation. Insulation installation schemes damaged many homes and left a legacy of health problems for residents.,"Domestici desperantes imperio umido urgente percussi imperium ad ""botched' insulationem figere. Insulatio technicae institutionis multas domos afflixit et legatum de quaestionibus sanitatis residentibus reliquit.",2025-10-24 20:43:20+00:00
74eb34e05b53fe7c582d07905352ee2b,2025-10-30T08:51:46Z,'drought reservoir',lenscratch.com,en,0.1,Art of Documentary Photography: Elliot Ross,The photographers we are featuring this week are exceptional documentary photographers and photojournalists. What really stands out is their ability to capture reality and translate it into something poetic and powerful. They are successful because of their e…,http://lenscratch.com/2025/10/art-of-documentary-photography-elliot-ross/,http://lenscratch.com/wp-content/uploads/2025/10/01_Ross.jpg,,"©Eliott Ross, Tim and the First Rain In Monument Valley, Tim Holiday embraces the first rain in monthssignalling the arrival of monsoon season. The Navajo Nation as well as neighboring Washington Cou… [+12422 chars]",,"Kunst der Dokumentarfotografie: Elliot Ross. Die Fotografen, die wir diese Woche vorstellen, sind außergewöhnliche Dokumentarfotografen und Fotojournalisten. Was wirklich herausragt, ist ihre Fähigkeit, die Realität einzufangen und sie in etwas Poetisches und Kraftvolles zu übersetzen. Sie sind erfolgreich, weil sie …",Art of Documentary Photography: Elliot Ross. The photographers we are featuring this week are exceptional documentary photographers and photojournalists. What really stands out is their ability to capture reality and translate it into something poetic and powerful. They are successful because of their e…,"Art of Documentary Photography: Elliot Ross. Plures quam hac septimana muscamus sumus, eximiae photographiatae documentales sunt et photojournalistae. Quod revera eminet, facultas est capiendi rem et transferendi in aliquid poeticum et potentem. Prospera sunt propter eorum e…",2025-10-24 20:43:20+00:00
8afffbace72cf816b728f4b4fab56d99,2025-10-30T16:14:51Z,'water management',kotaku.com,en,0.1,Jurassic World Evolution 3 Is The Best Jurassic Park Game Ever Made,"The latest entry in the prehistoric park builder adds baby dinos, advanced customization, and more
The post Jurassic World Evolution 3 Is The Best Jurassic Park Game Ever Made appeared first on Kotaku.",https://kotaku.com/jurassic-world-evolution-3-best-jurassic-park-game-ever-pc-park-sim-baby-dinosaurs-2000639737,https://kotaku.com/app/uploads/2025/10/ss_0b20ad87376b89e206f5f32da3ee9-1200x675.jpg,,"Jurassic World Evolution 3 is the best video game based on the Jurassic Park franchise ever made. That might not be the highest bar to clear, but it does so. What’s more surprising is that it’s also … [+5721 chars]",,"Jurassic World Evolution 3 ist das beste Jurassic Park-Spiel aller Zeiten. Der neueste Eintrag im prähistorischen Park-Builder bietet Baby-Dinos, erweiterte Anpassungsmöglichkeiten und mehr
Der Beitrag „Jurassic World Evolution 3 ist das beste Jurassic Park-Spiel aller Zeiten“ erschien zuerst auf Kotaku.","Jurassic World Evolution 3 Is The Best Jurassic Park Game Ever Made. The latest entry in the prehistoric park builder adds baby dinos, advanced customization, and more
The post Jurassic World Evolution 3 Is The Best Jurassic Park Game Ever Made appeared first on Kotaku.","Jurassic Orbis Terrarum Evolutionis 3 Est Optimus Jurassic Park Ludus umquam factus. Novissima viscus in parco prehistorico aedificator addit infantem dinos, customizationem provectus, et plus
Post Jurassic Orbis Terrarum Evolutionis 3 Est optimus Jurassic Park Ludus umquam factus primus in Kotaku.",2025-10-24 20:43:20+00:00
3514d53b63bc810a37579d23d6695b66,2025-10-30T16:16:35Z,'drought reservoir',www.cbc.ca,en,0.1,"Corner Brook mill hitting pause on newsprint, citing low water levels having impact on power supply",Corner Brook Pulp and Paper will temporarily pause newsprint production starting Monday due to low water levels impacting the ability of Deer Lake Power to supply sufficient energy to operate the mill.,https://www.cbc.ca/news/canada/newfoundland-labrador/corner-brook-pulp-paper-water-level-9.6960100,"https://i.cbc.ca/ais/72ec1632-3cb9-415f-a325-b8c922aaaf09,1755202509191/full/max/0/default.jpg?im=Crop%2Crect%3D%280%2C0%2C1920%2C1080%29%3BResize%3D620",,Corner Brook Pulp and Paper will temporarily pause newsprint production starting Monday due to low water levels impacting the ability of Deer Lake Power to supply sufficient energy to operate the mil… [+1155 chars],,"Das Werk Corner Brook legt beim Zeitungspapier eine Pause ein, da der niedrige Wasserstand Auswirkungen auf die Stromversorgung hat. Corner Brook Pulp and Paper wird ab Montag die Produktion von Zeitungsdruckpapier vorübergehend einstellen, da der niedrige Wasserstand die Fähigkeit von Deer Lake Power beeinträchtigt, ausreichend Energie für den Betrieb des Werks bereitzustellen.","Corner Brook mill hitting pause on newsprint, citing low water levels having impact on power supply. Corner Brook Pulp and Paper will temporarily pause newsprint production starting Monday due to low water levels impacting the ability of Deer Lake Power to supply sufficient energy to operate the mill.","Corner Brook molendini ferendi moras in divulgatione divulgavit, dicens humilem aquam gradus vim in copia copiarum habentium. Corner Brook Pulp et Paper, ad tempus productionis nuntii printi intersint Lunae incipiens ob aquae humilis gradus impacting facultatem Deer Lake Power ut sufficientem industriam ad molam operandam praebeat.",2025-10-24 20:43:20+00:00
f5d95ddd706665f7afecd49c9d154307,2025-10-30T17:17:58Z,'drought reservoir',theconversation.com,en,0.1,Dam disasters of the 1920s made reservoirs safer – now the climate crisis is increasing risk again,"Since Dolgarrog, the UK has had an excellent reservoir safety record but disasters do still occur.",https://theconversation.com/dam-disasters-of-the-1920s-made-reservoirs-safer-now-the-climate-crisis-is-increasing-risk-again-267449,https://images.theconversation.com/files/698861/original/file-20251028-56-6amozt.JPG?ixlib=rb-4.1.0&rect=0%2C128%2C3999%2C1999&q=45&auto=format&w=1356&h=668&fit=crop,,"One hundred years ago, a catastrophic flood carrying enormous boulders swept through part of Dolgarrog village, north Wales, destroying several homes, a bridge and the local chapel. Ten adults and si… [+5422 chars]",,"Staudammkatastrophen der 1920er Jahre machten Stauseen sicherer – nun erhöht die Klimakrise das Risiko erneut. Seit Dolgarrog hat das Vereinigte Königreich eine ausgezeichnete Sicherheitsbilanz bei den Stauseen, dennoch kommt es immer noch zu Katastrophen.","Dam disasters of the 1920s made reservoirs safer – now the climate crisis is increasing risk again. Since Dolgarrog, the UK has had an excellent reservoir safety record but disasters do still occur.","Dam clades 1920s receptacularum tutiora facta sunt – nunc discrimen climatis iterum periculum ingravescit. Cum Dolgarrog, in UK optimam receptaculum salutis recordum habuit, sed clades adhuc occurrunt.",2025-10-24 20:43:20+00:00
b89a5543cbd3595ba0a3dd3f453b9d7e,2025-10-30T23:01:37Z,'water management',abcnews.go.com,en,0.1,"Submerged vehicles, flooded subways in New York City following record-breaking rain","Flash flood warnings had been issued for Brooklyn, Queens and the Bronx.",https://abcnews.go.com/US/submerged-vehicles-flooded-subways-new-york-city-record/story?id=127038674,https://i.abcnewsfe.com/a/c0766896-0c92-413b-9718-e81a7d6e3faa/flooding-2-ht-er-251030_1761860359057_hpMain_16x9.jpg?w=1600,,"Parts of New York City saw record rainfall on Thursday, and the deluge flooded some streets and subway stations. 
According to NYC Emergency Management, the National Weather Service reported that 1.… [+1210 chars]",,"Überschwemmte Fahrzeuge und überflutete U-Bahnen in New York City nach rekordverdächtigem Regen. Für Brooklyn, Queens und die Bronx wurden Sturzflutwarnungen ausgegeben.","Submerged vehicles, flooded subways in New York City following record-breaking rain. Flash flood warnings had been issued for Brooklyn, Queens and the Bronx.","Vehicula submersa, submersae inundatae in urbe New York, post pluviam praevaricationem. Monitiones Flash diluvii editae sunt pro Brooklyn, Reginae et Bronx.",2025-10-24 20:43:20+00:00
005879baf085c71544ad880d868187fc,2025-10-31T00:00:00Z,'dry soil',www.nature.com,en,0.1,Is apparent optimum soil moisture equivalent to field capacity?,Nature Communications - Is apparent optimum soil moisture equivalent to field capacity?,https://www.nature.com/articles/s41467-025-65470-z,https://media.springernature.com/m685/springer-static/image/art%3A10.1038%2Fs41467-025-65470-z/MediaObjects/41467_2025_65470_Fig1_HTML.png,,"arising from J. Peng et al. Nature Communicationshttps://doi.org/10.1038/s41467-024-54156-7 (2024)
Ecosystem gross primary productivity (GPP) is strongly influenced by soil moisture (SM), yet the ex… [+9029 chars]",,Entspricht die scheinbare optimale Bodenfeuchtigkeit der Feldkapazität? Nature Communications – Entspricht die scheinbare optimale Bodenfeuchtigkeit der Feldkapazität?,Is apparent optimum soil moisture equivalent to field capacity?. Nature Communications - Is apparent optimum soil moisture equivalent to field capacity?,Apparet optimum solum umorem aequipollentem agri capacitati? Natura Communicationum - Utrum apparet optimum solum umorem aequipollentem capacitati agri?,2025-10-24 20:43:20+00:00
b76b78f9b4773d3bbed610d84d293afb,2025-10-31T00:02:30Z,'dry soil',www.abc.net.au,en,0.1,Golden crop brings new opportunities for Queensland farmers,"While they are a long way off from rivalling the plantings in Western Australia or New South Wales, growers in Queensland are experimenting with canola and reaping the rewards.",https://www.abc.net.au/news/2025-10-31/queensland-growers-trial-canola-with-strong-prices/105948370,https://live-production.wcms.abc-cdn.net.au/7f6e2557aa09cde505fdb95e24cc336a?impolicy=wcms_watermark_news&cropH=1080&cropW=1920&xPos=0&yPos=0&width=862&height=485&imformat=generic,,"Comparatively strong prices and new heat tolerant varieties have encouraged Queensland farmers to expand into growing canola.
The oilseed, used to produce cooking oil and biofuels, is predominantly … [+2905 chars]",,"Goldene Ernte bringt neue Möglichkeiten für Landwirte in Queensland. Während sie weit davon entfernt sind, mit den Anpflanzungen in Westaustralien oder New South Wales mithalten zu können, experimentieren die Erzeuger in Queensland mit Raps und ernten die Früchte.","Golden crop brings new opportunities for Queensland farmers. While they are a long way off from rivalling the plantings in Western Australia or New South Wales, growers in Queensland are experimenting with canola and reaping the rewards.","Aurea seges novas opportunitates agricolae Reginensis affert. Dum longe absunt ab aemulatione plantationum in Australia occidentali vel in Nova Wallia Australi, in Queensland elit experimenta sunt canola et praemia metendi.",2025-10-24 20:43:20+00:00
341f3fdda0eff477809c09a86ab873f2,2025-10-31T03:35:46Z,'dry soil',economictimes.indiatimes.com,en,0.1,"Why you’re still seeing hairfall even after using ""good"" hair products","Even with premium hair products, persistent hair fall can stem from internal issues like hormonal imbalances or nutritional deficiencies.  Scalp health, diet, environmental factors, and realistic expectations also play crucial roles. Consulting a dermatologis…",https://economictimes.indiatimes.com/news/new-updates/why-youre-still-seeing-hairfall-even-after-using-good-hair-products/articleshow/124982130.cms,"https://img.etimg.com/thumb/msid-124982367,width-1200,height-630,imgsize-1329817,overlay-economictimes/articleshow.jpg",,"Hairfall can be heartbreaking, especially when youre doing everything right. From expensive shampoos and conditioners to hair oils and serums, you may have tried every product that promises thicker, … [+5356 chars]",,"Warum Sie auch nach der Verwendung „guter“ Haarprodukte immer noch Haarausfall bemerken. Selbst bei hochwertigen Haarprodukten kann anhaltender Haarausfall auf interne Probleme wie hormonelle Ungleichgewichte oder Nährstoffmängel zurückzuführen sein.  Auch die Gesundheit der Kopfhaut, die Ernährung, Umweltfaktoren und realistische Erwartungen spielen eine entscheidende Rolle. Konsultation eines Dermatologen…","Why you’re still seeing hairfall even after using ""good"" hair products. Even with premium hair products, persistent hair fall can stem from internal issues like hormonal imbalances or nutritional deficiencies.  Scalp health, diet, environmental factors, and realistic expectations also play crucial roles. Consulting a dermatologis…","Cur capillum etiam cum ""bonum"" capillorum productorum utere adhuc vidisti. Etiam cum producta capillorum premium, cadentes pili persistentes possunt ab internis exitibus sicut inaequalitates hormonales vel defectus nutritionis derivare.  Cutis salutem, victu, factores environmental, et exspectationes realisticas etiam partes agere crucialit. Consultatio dermatologis…",2025-10-24 20:43:20+00:00
f1a6259f6436c748fbcb4530dc2870c1,2025-10-31T10:00:00Z,'water management',www.yahoo.com,en,0.1,"Scientists make remarkable discovery after examining nearly 4,000-year-old buried wood: 'Direct evidence for the viability'",Researchers still need to investigate other wood and soil types to determine the wide-scale viability of the carbon capture method.,https://www.yahoo.com/news/articles/scientists-remarkable-discovery-examining-nearly-100000875.html,https://s.yimg.com/ny/api/res/1.2/oBixUuDRBX2.Kh1P.bqW.w--/YXBwaWQ9aGlnaGxhbmRlcjt3PTEyMDA7aD04MDA7Y2Y9d2VicA--/https://media.zenfs.com/en/the_cool_down_737/1cbe75c3e424f489060cbe260b77a7e2,,"The discovery of a nearly 4,000-year-old piece of wood suggests that helping to reduce carbon in our atmosphere may be a simple matter of burying items to slow down decomposition.
As detailed by The… [+2919 chars]",,"Wissenschaftler machen eine bemerkenswerte Entdeckung, nachdem sie fast 4.000 Jahre altes vergrabenes Holz untersucht haben: „Direkter Beweis für die Lebensfähigkeit“. Forscher müssen noch andere Holz- und Bodenarten untersuchen, um festzustellen, ob die Methode zur Kohlenstoffabscheidung im großen Maßstab realisierbar ist.","Scientists make remarkable discovery after examining nearly 4,000-year-old buried wood: 'Direct evidence for the viability'. Researchers still need to investigate other wood and soil types to determine the wide-scale viability of the carbon capture method.",Scientistae mirabilem inventionem faciunt postquam lignum defossum 4000 annorum examinant: 'Substantia directa de viability'. Investigatores adhuc necesse est alias species ligni et soli investigare ad viability carbonii captivitatis methodi latae modum determinare.,2025-10-24 20:43:20+00:00
3ae05ab10334030c4167fdbba7e60120,2025-10-31T11:45:00Z,'drought weather',www.forbes.com,en,0.1,Why Regenerating Coffee Farms May Be One Of Climate’s Most Practical Wins,"Andrea Illy shares why regenerative agriculture—not high-tech fixes—may be coffee’s best bet against climate change, offering benefits for soil, biodiversity, and flavor.",https://www.forbes.com/sites/christophermarquis/2025/10/31/why-regenerating-coffee-farms-may-be-one-of-climates-most-practical-wins/,https://imageio.forbes.com/specials-images/imageserve/6901049017178ef3b39bb6ab/0x0.jpg?format=jpg&height=900&width=1600&fit=bounds,,"Coffee rows in Brazils Cerrado Mineiro, where illycaffè practices regenerative farmingrebuilding soil health, boosting biodiversity, and improving flavor from the ground up.
 ManfredoPinzauti/Luzpho… [+7269 chars]",,"Warum die Regeneration von Kaffeeplantagen einer der praktischsten Vorteile für das Klima sein könnte. Andrea Illy erklärt, warum regenerative Landwirtschaft – und nicht High-Tech-Lösungen – möglicherweise die beste Wahl für Kaffee gegen den Klimawandel ist und Vorteile für den Boden, die Artenvielfalt und den Geschmack bietet.","Why Regenerating Coffee Farms May Be One Of Climate’s Most Practical Wins. Andrea Illy shares why regenerative agriculture—not high-tech fixes—may be coffee’s best bet against climate change, offering benefits for soil, biodiversity, and flavor.","Cur Coffee Farms Regenerating Sit unus Of Climatis Most Practical Wins. Andrea Illy communicat cur agriculturam regenerativam - non altae technicae fixe - capulus optimum esse possit contra mutationem climatis, beneficia terrae, biodiversitatis et saporis offerre.",2025-10-24 20:43:20+00:00
40f111ab9c875f91d6bcf429dc315c5a,2025-10-31T13:04:00Z,'water management',www.prevention.com,en,0.1,Can Drinking Water Lower Blood Pressure? Doctors Reveal the Answer,"Doctors explain if drinking water lowers blood pressure—plus, the role dehydration plays in high blood pressure and heart health and ways to lower BP...",https://www.prevention.com/health/a69203177/can-drinking-water-lower-blood-pressure/,https://s.yimg.com/ny/api/res/1.2/SNDXLgxUU2l54_14OanbSw--/YXBwaWQ9aGlnaGxhbmRlcjt3PTEyMDA7aD02NzU-/https://media.zenfs.com/en/hearst_prevention_66/5969584854902e8201ca8f5f3c533b1f,,"""Hearst Magazines and Yahoo may earn commission or revenue on some items through these links.""
It's no secret that water plays an enormous role in your overall health, helping to regulate your body … [+7054 chars]",,"Kann Trinkwasser den Blutdruck senken? Ärzte enthüllen die Antwort. Ärzte erklären, ob Trinkwasser den Blutdruck senkt – und welche Rolle Dehydrierung bei Bluthochdruck und Herzgesundheit spielt und wie man den Blutdruck senken kann …","Can Drinking Water Lower Blood Pressure? Doctors Reveal the Answer. Doctors explain if drinking water lowers blood pressure—plus, the role dehydration plays in high blood pressure and heart health and ways to lower BP...","Potest bibere aquam inferioris sanguinis pressionem? Doctores Responsio revela. Doctores explicant si aqua bibens pressuram sanguinis demittit - plus, munus siccitatis agit in pressione sanguinis et cordis sanitate ac modis demittere BP...",2025-10-24 20:43:20+00:00
f8fd93d23f2cc9baefe3fb61d655faa7,2025-10-31T14:00:00Z,'dry soil',journals.plos.org,en,0.1,Biochemical and molecular assessment of the superoxide dismutase (SOD) antioxidant enzyme regulation within Medicago truncatula root in response to iron deficiency,Iron (Fe) deficiency is a major nutritional stress affecting plant growth and metabolism. This study was conducted on three Medicago truncatula genotypes (TN8.20 and A17 as tolerant and T1.11 as a sensible genotype) cultivated in optimal and Fe-deficient cond…,https://journals.plos.org/plosone/article?id=10.1371/journal.pone.0335634,https://journals.plos.org/plosone/article/figure/image?id=10.1371/journal.pone.0335634.g006&size=inline,,"Abstract
Iron (Fe) deficiency is a major nutritional stress affecting plant growth and metabolism. This study was conducted on three Medicago truncatula genotypes (TN8.20 and A17 as tolerant and T1.… [+47076 chars]",,"Biochemische und molekulare Bewertung der Regulierung des antioxidativen Enzyms Superoxiddismutase (SOD) in der Medicago truncatula-Wurzel als Reaktion auf Eisenmangel. Eisenmangel (Fe) ist eine große ernährungsbedingte Belastung, die das Pflanzenwachstum und den Stoffwechsel beeinträchtigt. Diese Studie wurde an drei Medicago truncatula-Genotypen (TN8.20 und A17 als toleranter und T1.11 als sensibler Genotyp) durchgeführt, die unter optimalen Bedingungen und mit Fe-Mangel kultiviert wurden.",Biochemical and molecular assessment of the superoxide dismutase (SOD) antioxidant enzyme regulation within Medicago truncatula root in response to iron deficiency. Iron (Fe) deficiency is a major nutritional stress affecting plant growth and metabolism. This study was conducted on three Medicago truncatula genotypes (TN8.20 and A17 as tolerant and T1.11 as a sensible genotype) cultivated in optimal and Fe-deficient cond…,"Biochemical et hypothetica aestimatio superoxide dismutasi (SOD) regulatio enzyme antioxidantis intra radicem Medicam truncatulam responsionis ad defectum ferri. Ferrum (Fe) defectus maior est accentus nutritionis incrementum plantae et metabolismi afficiens. Hoc studium in tribus Medicago truncatula genotypes (TN8.20 et A17 ut genotypum sensibile patienti et T1.11) gestum est, in meliorem et Fe deficientem cond.",2025-10-24 20:43:20+00:00
c64a8abe3e7453f26f68bee6c5e72e72,2025-10-31T14:00:00Z,'drought weather',journals.plos.org,en,0.1,Bone weathering in a Mediterranean climate region: An experimental case study from Doñana National Park (Spain),"Bone weathering constitutes a highly informative and commonly studied variable in taphonomic analyses. Vertebrate paleontologists, zoo-archeologists and forensic anthropologists have used weathering as a taphonomic clock to ascertain the exposure time of a bo…",https://journals.plos.org/plosone/article?id=10.1371/journal.pone.0335508,https://journals.plos.org/plosone/article/figure/image?id=10.1371/journal.pone.0335508.g009&size=inline,,"Abstract
Bone weathering constitutes a highly informative and commonly studied variable in taphonomic analyses. Vertebrate paleontologists, zoo-archeologists and forensic anthropologists have used w… [+52097 chars]",,"Knochenverwitterung in einer mediterranen Klimaregion: Eine experimentelle Fallstudie aus dem Doñana-Nationalpark (Spanien). Die Knochenverwitterung stellt eine äußerst informative und häufig untersuchte Variable in taphonomischen Analysen dar. Wirbeltierpaläontologen, Zooarchäologen und forensische Anthropologen haben die Verwitterung als taphonomische Uhr genutzt, um die Expositionszeit eines Tieres zu bestimmen …","Bone weathering in a Mediterranean climate region: An experimental case study from Doñana National Park (Spain). Bone weathering constitutes a highly informative and commonly studied variable in taphonomic analyses. Vertebrate paleontologists, zoo-archeologists and forensic anthropologists have used weathering as a taphonomic clock to ascertain the exposure time of a bo…","Tempestas ossis in regione climatis mediterranei: Causa experimentalis e studio Donana National Park (Hispania). Tempestas ossis magni momenti informativum et in analysibus taphonomicis variabile investigatum est. Paleontologi vertebrate, zoo-archeologi et anthropologi forenses usi tempestatibus ut horologium taphonomicum ad cognoscendum tempus nuditatis bo...",2025-10-24 20:43:20+00:00
2ad3839f4b9730bcbf6d47f90a81e194,2025-10-31T14:00:00Z,'dry soil',journals.plos.org,en,0.1,Metagenomic analysis reveals the abundance changes of bacterial communities and antibiotic resistance genes in the influent and effluent of hospital wastewater,The presence of substantial quantities of antibiotics and their metabolites in hospital wastewater can lead to the accumulation of antibiotic-resistant bacteria (ARB) and antibiotic resistance genes (ARGs). Research on the influent and effluent sewage of hosp…,https://journals.plos.org/plosone/article?id=10.1371/journal.pone.0335723,https://journals.plos.org/plosone/article/figure/image?id=10.1371/journal.pone.0335723.g006&size=inline,,"Citation: Jia X, Peng J, Lv J, Li Y, Luo Z, Xiang J, et al. (2025) Metagenomic analysis reveals the abundance changes of bacterial communities and antibiotic resistance genes in the influent and effl… [+62331 chars]",,Die metagenomische Analyse zeigt die Häufigkeitsveränderungen von Bakteriengemeinschaften und Antibiotikaresistenzgenen im Zu- und Abfluss von Krankenhausabwasser. Das Vorhandensein erheblicher Mengen an Antibiotika und ihren Metaboliten im Krankenhausabwasser kann zur Anhäufung antibiotikaresistenter Bakterien (ARB) und Antibiotikaresistenzgenen (ARGs) führen. Forschung zum Zu- und Abwasser von Krankenhäusern …,Metagenomic analysis reveals the abundance changes of bacterial communities and antibiotic resistance genes in the influent and effluent of hospital wastewater. The presence of substantial quantities of antibiotics and their metabolites in hospital wastewater can lead to the accumulation of antibiotic-resistant bacteria (ARB) and antibiotic resistance genes (ARGs). Research on the influent and effluent sewage of hosp…,Analysis metagenomica abundantiam communitatum bacterialium et resistentiae antibioticae genesis manifestat in influentia et effluente aquae vastae valetudinariorum. Praesentia quantitatum substantialium antibioticorum et eorum metabolitarum in vastitate valetudinariorum potest ducere ad coacervationem bacteria antibiotico-resistentia (ARB) et resistentiae antibioticae genesis (ARGs). Investigationes de influxu et effluente purgamentorum hosp…,2025-10-24 20:43:20+00:00
3383bdeada512f2e36973fd278b0e64b,2025-10-31T14:18:46Z,'dry soil',www.boredpanda.com,en,0.1,Urgent Investigation Launched After Hundreds Of Piles Of Human Remains Discovered In Las Vegas Desert,"""The mob is alive and well in Las Vegas""",https://www.boredpanda.com/urgent-investigation-launched-after-hundreds-of-piles-of-human-remains-discovered-in-desert/,https://www.boredpanda.com/blog/wp-content/uploads/2025/10/urgent-investigation-launched-after-hundreds-of-piles-of-human-remains-discovered-in-desert-fb.png,,"A disturbing discovery led to piles of human remains being found in a quiet stretch of desert outside Las Vegas.
Authorities launched an investigation to find out who dumped the human remains in the… [+9875 chars]",,"Dringende Untersuchung eingeleitet, nachdem in der Wüste von Las Vegas Hunderte Haufen menschlicher Überreste entdeckt wurden. „Der Mob lebt und es geht ihm gut in Las Vegas“","Urgent Investigation Launched After Hundreds Of Piles Of Human Remains Discovered In Las Vegas Desert. ""The mob is alive and well in Las Vegas""","Urgente Inquisitione Deductae Post Centum Sublicae Humanae Reliquiae Inventae In Las Vegas Deserto. ""Vivitur et bene in Las Vegas""",2025-10-24 20:43:20+00:00
82b935cc0cb3b851e7734d958cc88574,2025-10-31T14:37:11Z,'water management',www.androidpolice.com,en,0.1,Google needs to seriously rethink its foldable strategy,"Google's Pixel 10 Pro Fold is its most refined foldable yet, but it still lags behind global competition in terms of design, performance, battery life",https://www.androidpolice.com/google-needs-to-seriously-rethink-its-foldable-strategy/,https://static0.anpoimages.com/wordpress/wp-content/uploads/2025/10/several-pixel-fold-smartphones-floating-around-a-large-google-logo-with-a-warning-sign.png?w=1600&h=900&fit=crop,,"Foldables remain the ultimate test of smartphone engineering. These smartphones redefine design, usability, and performance in a single form factor.
With expansive inner displays and pocketable oute… [+7939 chars]",,"Google muss seine faltbare Strategie ernsthaft überdenken. Das Pixel 10 Pro Fold von Google ist das bisher raffinierteste faltbare Gerät, aber es bleibt in puncto Design, Leistung und Akkulaufzeit immer noch hinter der globalen Konkurrenz zurück","Google needs to seriously rethink its foldable strategy. Google's Pixel 10 Pro Fold is its most refined foldable yet, but it still lags behind global competition in terms of design, performance, battery life","Google necesse est graviter cogitare suum consilium duplicabile. Google Pixel 10 Pro Ovile subtilissimum est eius complicabile adhuc, sed adhuc tardus in certatione globali secundum consilium, effectum, altilium vitam",2025-10-24 20:43:20+00:00
cf0cad3be9907eae1b53558219337bc2,2025-10-31T16:00:00Z,'dry soil',www.nzherald.co.nz,en,0.1,How to plant and care for citrus trees at home this spring - Gareth Carter,OPINION: Now’s the perfect time to plant citrus that will fruit through winter.,https://www.nzherald.co.nz/whanganui-chronicle/lifestyle/how-to-plant-and-care-for-citrus-trees-at-home-this-spring-gareth-carter/ABI4HKEFLRBKLNFXWGJNUMZBLM/,https://www.nzherald.co.nz/resizer/v2/4GK4HBNKVJAAHLK4LQMJWM643E.jpg?auth=5435043f80aa13369699aa983c42fc1b2031c045fe33e2a6695bdddd3977c138&width=1200&height=675&quality=70&focal=716%2C1000&smart=false,,"There are many subtropical plants such as banana, passionfruit, avocado, tamarillo, cape gooseberry which will all grow well in sheltered frost-free pockets of home gardens.
It is the ideal time to … [+3771 chars]",,"Wie man diesen Frühling zu Hause Zitrusbäume pflanzt und pflegt – Gareth Carter. MEINUNG: Jetzt ist der perfekte Zeitpunkt, Zitrusfrüchte zu pflanzen, die den ganzen Winter über Früchte tragen.",How to plant and care for citrus trees at home this spring - Gareth Carter. OPINION: Now’s the perfect time to plant citrus that will fruit through winter.,Quomodo plantandi et curandi ligna citri domi huius fontis - Gareth Carter. OPINIO: Tempus perfectum est nunc serere citrum quod per hiemem dabit.,2025-10-24 20:43:20+00:00
60d86564a6fd91e0b033b2bdc76d75b5,2025-10-31T18:42:36Z,'dry soil',statetimes.in,en,0.1,Organic Production of Dragon Fruit (Pitaya) in the Jammu Region,"PROF. (DR.) PARSHANT BAKSHIDragon fruit (Hylocereus spp.) has emerged as a sustainable and profitable venture for in many subtropical pockets of India including the Jammu region because it adapts well to warm subtropical climates, requires comparatively littl…",https://statetimes.in/organic-production-of-dragon-fruit-pitaya-in-the-jammu-region/,https://statetimes.in/wp-content/uploads/2025/11/Untitled-2-1024x574.jpg,,PROF. (DR.) PARSHANT BAKSHIDragon fruit (Hylocereus spp.) has emerged as a sustainable and profitable venture for in many subtropical pockets of India including the Jammu region because it adapts wel… [+10265 chars],,"Ökologischer Anbau von Drachenfrüchten (Pitaya) in der Region Jammu. PROF. (DR.) PARSHANT BAKSHIDrachenfrucht (Hylocereus spp.) hat sich in vielen subtropischen Gebieten Indiens, einschließlich der Jammu-Region, zu einem nachhaltigen und profitablen Unterfangen entwickelt, da sie sich gut an warme subtropische Klimazonen anpasst und vergleichsweise wenig benötigt…","Organic Production of Dragon Fruit (Pitaya) in the Jammu Region. PROF. (DR.) PARSHANT BAKSHIDragon fruit (Hylocereus spp.) has emerged as a sustainable and profitable venture for in many subtropical pockets of India including the Jammu region because it adapts well to warm subtropical climates, requires comparatively littl…","Productio Organica Draco Fructus (Pitaya) in Regio Jammu. PROF. (DR.) PARSHANT BAKSHIDragon fructus (Hylocereus spp.) in ausum sustineri et fructuosum emersit, nam in multis sinubus subtropicis Indiae in regione Jammu includentibus, quia bene aptat climatibus subtropicis calefactis, comparate exiguum ...",2025-10-24 20:43:20+00:00
e04cc75d281843ed0cec8d98ac7746a5,2025-10-31T19:16:07Z,'dry soil',www.forbes.com,en,0.1,Graveyards And Spooky Geology,"Graveyards not only provide a peaceful place to remember our loved ones, but also offer an unique opportunity to contemplate geology.",https://www.forbes.com/sites/davidbressan/2025/10/31/graveyards-and-spooky-geology/,https://imageio.forbes.com/specials-images/imageserve/5f9d535fbeaf0ab82d6c04fa/0x0.jpg?format=jpg&height=900&width=1600&fit=bounds,,"Gravestones on a graveyard.
getty
Graveyards not only provide a peaceful place to remember our loved ones, but also offer an unique opportunity to contemplate geology.
A human life is short if com… [+3906 chars]",,"Friedhöfe und gruselige Geologie. Friedhöfe sind nicht nur ein friedlicher Ort zum Gedenken an unsere Lieben, sondern bieten auch eine einzigartige Gelegenheit, über die Geologie nachzudenken.","Graveyards And Spooky Geology. Graveyards not only provide a peaceful place to remember our loved ones, but also offer an unique opportunity to contemplate geology.","Graveyards And Spooky Geology. Sepulcra non solum locum quietum praebent ut dilectis nostris reminiscantur, sed etiam unicam praebeant facultatem contemplandi geologiam.",2025-10-24 20:43:20+00:00
0604a949b5bebdfbc4cb433351283913,2025-10-31T22:14:00Z,'drought reservoir',www.kpbs.org,en,0.1,Water rates hike; SD horror writers talk scary stories,"We break down a divided city council decision to increase the cost of water. Then, a panel of local horror writers shares some of the secrets they use to scare readers.",https://www.kpbs.org/podcasts/kpbs-roundtable/water-rates-hike-sd-horror-writers-talk-scary-stories,https://cdn.kpbs.org/dims4/default/40a4cab/2147483647/strip/true/crop/5712x2999+0+125/resize/1200x630!/quality/90/?url=http%3A%2F%2Fkpbs-brightspot.s3.us-west-2.amazonaws.com%2F20%2F8a%2F2a9c27634412bbdf6c88d10ab46b%2Fimg-3790.jpg,,"S1: Hey there , San Diego , it's time for KPBS roundtable. I'm Andrew Bracken. San Diego City Council voted to raise water rates this week , but held off on some cost increases down the line.
S2:
S… [+43550 chars]",,"Erhöhung der Wasserpreise; SD-Horrorautoren erzählen Gruselgeschichten. Wir brechen die geteilte Entscheidung des Stadtrats auf, die Wasserkosten zu erhöhen. Dann verrät eine Gruppe lokaler Horrorautoren einige der Geheimnisse, mit denen sie den Lesern Angst machen.","Water rates hike; SD horror writers talk scary stories. We break down a divided city council decision to increase the cost of water. Then, a panel of local horror writers shares some of the secrets they use to scare readers.",Aquae rates hike; Horrorem sd fabulas scriptores narrant FORMIDULOSUS. Consilium urbanum divisum destruimus sumptus aquae augendos. Dein decuriae locorum scriptorum horrorem communicat quidam secretorum lectorum ad terrendos usus.,2025-10-24 20:43:20+00:00
ba265cc0e559cd8b7928ebcc34066f46,2025-10-19T20:04:00Z,'drought reservoir',www.hurriyetdailynews.com,en,0.8,Türkiye debates alternative methods to fight drought,"With Türkiye facing shrinking reservoirs and a looming water crisis, experts are investigating innovative solutions like cloud seeding, rainwater harvesting and desalination to address the growing threat of drought.",https://www.hurriyetdailynews.com/turkiye-debates-alternative-methods-to-fight-drought-214826,https://image.hurimg.com/i/hurriyet/75/200x200/68f544bb56617a12eccf3aaf.jpg,,"ISTANBUL
With Türkiye facing shrinking reservoirs and a looming water crisis, experts are investigating innovative solutions like cloud seeding, rainwater harvesting and desalination to address the … [+2118 chars]",,"Türkiye debattiert über alternative Methoden zur Dürrebekämpfung. Da Türkiye mit schrumpfenden Stauseen und einer drohenden Wasserkrise konfrontiert ist, untersuchen Experten innovative Lösungen wie Cloud Seeding, Regenwassernutzung und Entsalzung, um der wachsenden Dürregefahr zu begegnen.","Türkiye debates alternative methods to fight drought. With Türkiye facing shrinking reservoirs and a looming water crisis, experts are investigating innovative solutions like cloud seeding, rainwater harvesting and desalination to address the growing threat of drought.","Türkiye disputat alternando modos pugnandi siti. Cum Türkiye adversus receptacula contracta et discrimen aquae imminens, periti investigant solutiones amet porttitor ut nubes seminis, aquae pluviae messe et desalinationem ad augendam siccitatis comminationem.",2025-10-24 20:43:20+00:00
d327e939f5dd19c7f2496e026f35d6d5,2025-10-23T18:00:18Z,'drought reservoir',phys.org,en,0.8,"Peatlands' 'huge reservoir' of carbon at risk of release, researchers warn","Peatlands make up just 3% of Earth's land surface but store more than 30% of the world's soil carbon, preserving organic matter and sequestering its carbon for tens of thousands of years. A new study sounds the alarm that an extreme drought event could quadru…",https://phys.org/news/2025-10-peatlands-huge-reservoir-carbon.html,https://scx2.b-cdn.net/gfx/news/hires/2023/peatland.jpg,,"Peatlands make up just 3% of Earth's land surface but store more than 30% of the world's soil carbon, preserving organic matter and sequestering its carbon for tens of thousands of years. A new study… [+5034 chars]",,"Forscher warnen: „Riesiges Kohlenstoffreservoir“ in Torfgebieten droht, freigesetzt zu werden. Torfmoore machen nur 3 % der Landoberfläche der Erde aus, speichern aber mehr als 30 % des weltweiten Bodenkohlenstoffs, bewahren organisches Material und binden seinen Kohlenstoff über Zehntausende von Jahren. Eine neue Studie schlägt Alarm, dass sich ein extremes Dürreereignis vervierfachen könnte …","Peatlands' 'huge reservoir' of carbon at risk of release, researchers warn. Peatlands make up just 3% of Earth's land surface but store more than 30% of the world's soil carbon, preserving organic matter and sequestering its carbon for tens of thousands of years. A new study sounds the alarm that an extreme drought event could quadru…","Peatlands 'alveus ingens' carbonis in periculo emissionis investigatores monent. Peatlandae solum 3% terrae superficiei terrae constituunt, sed plus quam 30% carbonis terrae mundi reponunt, materiam organicam conservans et carbo eius secernens per decem milia annorum. Novum studium terrorem sonat quod res extremae siccitatis quadr.",2025-10-24 20:43:20+00:00
ed82a030371b80cd83832b418a7047c5,2025-10-31T09:20:21Z,'drought weather',www.gov.uk,en,0.8,Drought likely to continue into 2026 due to record dry weather,"Despite recent rainfall, a large part of the country remains in drought across England as we enter winter.",https://www.gov.uk/government/news/drought-likely-to-continue-into-2026-due-to-record-dry-weather,https://www.gov.uk/assets/frontend/govuk-opengraph-image-4196a4d6333cf92aaf720047f56cfd91b3532d7635fc21ebcf0d5897df6b5f77.png,,"The National Drought Group has warned England must prepare for an ongoing drought in 2026, unless there is significant rain this autumn and winter.    
There are concerns about the countrys water re… [+10581 chars]",,Aufgrund der Rekordtrockenheit wird die Dürre voraussichtlich bis ins Jahr 2026 andauern. Trotz der jüngsten Regenfälle herrscht zu Beginn des Winters in ganz England noch immer ein großer Teil des Landes Dürre.,"Drought likely to continue into 2026 due to record dry weather. Despite recent rainfall, a large part of the country remains in drought across England as we enter winter.","Siccitas verisimile pergere in 2026 ob siccitatem recordationis. Quamvis recentibus pluviis, magna pars patriae in siccitate trans Angliam dum hiemem ingredimur, manet.",2025-10-24 20:43:20+00:00
7a2d43a881dd572492c74f0565f12baf,2025-10-10T08:00:00Z,'drought weather',www.cbc.ca,en,1.0,"As drought conditions persist, some wells running dry in rural Ottawa","As dry weather persists this fall, some residents living in rural Ottawa say the private wells they rely on for water are running empty.",https://www.cbc.ca/news/canada/ottawa/private-wells-running-empty-rural-ottawa-9.6932225,"https://i.cbc.ca/ais/5f3427c6-6712-4d1a-a0e4-690569f737e6,1760044325970/full/max/0/default.jpg?im=Crop%2Crect%3D%280%2C211%2C4240%2C2385%29%3BResize%3D620",http://web.archive.org/web/20251010111030/https://www.cbc.ca/news/canada/ottawa/private-wells-running-empty-rural-ottawa-9.6932225,"As dry weather persists this fall, some residents living in rural Ottawa say the private wells they rely on for water are running empty.
In Kinburn, a community in rural west Ottawa, Tammy Johnstone… [+4081 chars]",,"Aufgrund der anhaltenden Dürre versiegen einige Brunnen im ländlichen Ottawa. Da das Wetter in diesem Herbst weiterhin trocken ist, sagen einige Bewohner im ländlichen Ottawa, dass die privaten Brunnen, auf die sie für die Wasserversorgung angewiesen sind, leer sind.","As drought conditions persist, some wells running dry in rural Ottawa. As dry weather persists this fall, some residents living in rural Ottawa say the private wells they rely on for water are running empty.","Cum siccitas conditiones perseverent, quidam putei sicci in Ottawa ruris manantes. Cum siccitas huius ruinae persistat, quidam Ottawa ruris habitantes habitant dicunt puteis privatis innitentes, quia aquam inanem currunt.",2025-10-24 20:43:20+00:00
e1235d4212c51e8012c5b08ee87eed18,2025-10-22T15:36:22Z,'drought climate change',www.forbes.com,en,1.0,Not Enough Water: What Is The Future Of Santorini’s Wines?,"Santorini’s ancient vineyards face crisis as drought, tourism, and climate change threaten Assyrtiko’s future. Discover the island’s unique wines and growers’ struggle.",https://www.forbes.com/sites/paulcaputo/2025/10/22/not-enough-water-what-is-the-future-of-santorinis-wines/,https://imageio.forbes.com/specials-images/imageserve/68e4ec2c2c3a7c96de532c3f/0x0.jpg?format=jpg&height=900&width=1600&fit=bounds,,"The dry, arid vineyard parcels on the island of Santorini.
Gravallas Winery
Santorini, the crescent-shaped rim of a caldera island in the middle of the Aegean Sea, is home to some of the worlds mos… [+8695 chars]",,"Nicht genug Wasser: Wie sieht die Zukunft der Weine von Santorin aus? Die alten Weinberge von Santorin stehen vor einer Krise, da Dürre, Tourismus und Klimawandel die Zukunft von Assyrtiko gefährden. Entdecken Sie die einzigartigen Weine der Insel und den Kampf der Winzer.","Not Enough Water: What Is The Future Of Santorini’s Wines?. Santorini’s ancient vineyards face crisis as drought, tourism, and climate change threaten Assyrtiko’s future. Discover the island’s unique wines and growers’ struggle.","Non satis aquae: Quid est vinum Santorini Future?. Antiquae vineae Santorini discrimine faciem siccitatis, voluptuaria similesve, mutatio climatis futuram Assyrtiko minantur. Singularia vina et elit certamen insulae detege.",2025-10-24 20:43:20+00:00
6e1a821434684ef9325ec5c8e3f88faa,2025-10-28T10:29:56Z,'cloud seeding',www.yahoo.com,en,0.2,India conducts cloud-seeding trial to clear New Delhi's smog,Indian authorities on Tuesday carried out a cloud-seeding experiment over smog-choked New Delhi in an attempt to induce rainfall and clear the city’s toxic...,https://www.yahoo.com/news/articles/india-conducts-cloud-seeding-trial-102956385.html,https://s.yimg.com/ny/api/res/1.2/Ojs4t8RKBJ5lHaRVr55wlw--/YXBwaWQ9aGlnaGxhbmRlcjt3PTEyMDA7aD04MDA7Y2Y9d2VicA--/https://media.zenfs.com/en/ap.org/476b70a10267671f785a43a69b407549,,"NEW DELHI (AP) Indian authorities on Tuesday carried out a cloud-seeding experiment over smog-choked New Delhi in an attempt to induce rainfall and clear the citys toxic air, which has sparked anger … [+2404 chars]",,"Indien führt einen Cloud-Seeding-Versuch durch, um den Smog in Neu-Delhi zu beseitigen. Indische Behörden führten am Dienstag ein Wolkenexperiment über dem smoggeplagten Neu-Delhi durch, um Regen auszulösen und die giftigen Schadstoffe in der Stadt zu beseitigen...",India conducts cloud-seeding trial to clear New Delhi's smog. Indian authorities on Tuesday carried out a cloud-seeding experiment over smog-choked New Delhi in an attempt to induce rainfall and clear the city’s toxic...,India nubes-seminis iudicium facit ut smog Novi Delhi purgaret. Auctoritates Indianae die Martis per experimentum nubilum seminis super smog-chotum Nova Delhi perduxerunt in conatum pluviam inducere et toxicum urbis purgare...,2025-11-23 20:43:20+00:00
0d24c8f3f6d9c11393181b45ff2175ce,2025-10-03T06:52:57Z,veryUnusualAndNeverUsedKeyword,www.aljazeera.com,en,0.8,Death of a rainmaker: When drought means murder in South Sudan,"For a group of people whose job means life, climate change can spell death.",https://www.aljazeera.com/features/2025/10/3/death-of-a-rainmaker-when-drought-means-murder-in-south-sudan,https://www.aljazeera.com/wp-content/uploads/2025/08/IMG_2695-1755762024.jpg?resize=1920%2C1440,http://web.archive.org/web/20251003230916/https://www.aljazeera.com/features/2025/10/3/death-of-a-rainmaker-when-drought-means-murder-in-south-sudan,"Torit, South Sudan Solomon Oture was on the run.
As a rainmaker, his job was to summon rain the lifeblood of his small farming community through prayer and ritual.
list of 3 itemsend of list

But a… [+19086 chars]",,"Tod eines Regenmachers: Wenn Dürre im Südsudan Mord bedeutet. Für eine Gruppe von Menschen, deren Arbeit Leben bedeutet, kann der Klimawandel den Tod bedeuten.","Death of a rainmaker: When drought means murder in South Sudan. For a group of people whose job means life, climate change can spell death.","Mors pluvialis: Cum siccitas significat caedem in South Sudan. Coetus enim hominum, cuius officium vitam significat, mutationem climatis mortem allicere potest.",2025-11-26 16:12:06+00:00
d87990df7c16d155c8370002f37bfcc1,2025-10-09T14:34:42Z,'drought weather',financialpost.com,en,0.8,La Niña Emerges Raising Drought Risks for California and Brazil,"A weather-changing La Niña has emerged in the Pacific Ocean, increasing the risk of drought in California and crop-growing regions in Brazil and Argentina while also bringing cold to the US Midwest and a milder winter to New York and the US East Coast.",https://financialpost.com/pmn/business-pmn/la-nina-emerges-raising-drought-risks-for-california-and-brazil,,,"(Bloomberg) A weather-changing La Niña has emerged in the Pacific Ocean, increasing the risk of drought in California and crop-growing regions in Brazil and Argentina while also bringing cold to the … [+4225 chars]",,"La Niña entsteht und erhöht das Dürrerisiko für Kalifornien und Brasilien. Im Pazifischen Ozean ist eine wetterverändernde La Niña entstanden, die das Risiko einer Dürre in Kalifornien und in den Getreideanbaugebieten in Brasilien und Argentinien erhöht und gleichzeitig für Kälte im Mittleren Westen der USA und einen milderen Winter in New York und an der Ostküste der USA sorgt.","La Niña Emerges Raising Drought Risks for California and Brazil. A weather-changing La Niña has emerged in the Pacific Ocean, increasing the risk of drought in California and crop-growing regions in Brazil and Argentina while also bringing cold to the US Midwest and a milder winter to New York and the US East Coast.","La Niña emergit siccitatis Risks ad California et Brasiliam suscitans. Tempestas commutatio La Niña in Oceano Pacifico orta est, augens periculum siccitatis in California et regiones segetes in Brasilia et Argentina, dum etiam frigus ad US Midwest et hiemem mitiorem Novi Eboraci et US Orientalis Coast ferens.",2025-11-26 16:12:06+00:00
f3f9b5407fbab8446f571c9a966fc2d0,2025-10-28T10:33:39Z,'cloud seeding',financialpost.com,en,0.8,India conducts cloud-seeding trial to clear New Delhi’s smog,"NEW DELHI (AP) — Indian authorities on Tuesday carried out a cloud-seeding experiment over smog-choked New Delhi in an attempt to induce rainfall and clear the city’s toxic air, which has sparked anger among residents. A plane sprayed chemicals into clouds ov…",https://financialpost.com/pmn/india-conducts-cloud-seeding-trial-to-clear-new-delhis-smog,,,"NEW DELHI (AP) Indian authorities on Tuesday carried out a cloud-seeding experiment over smog-choked New Delhi in an attempt to induce rainfall and clear the citys toxic air, which has sparked anger … [+4616 chars]",,"Indien führt einen Cloud-Seeding-Versuch durch, um den Smog in Neu-Delhi zu beseitigen. NEU-DELHI (AP) – Indische Behörden führten am Dienstag ein Wolkenexperiment über dem smoggeplagten Neu-Delhi durch, um Regen auszulösen und die giftige Luft der Stadt zu reinigen, was bei den Bewohnern Ärger ausgelöst hat. Ein Flugzeug versprühte Chemikalien in Wolken über …","India conducts cloud-seeding trial to clear New Delhi’s smog. NEW DELHI (AP) — Indian authorities on Tuesday carried out a cloud-seeding experiment over smog-choked New Delhi in an attempt to induce rainfall and clear the city’s toxic air, which has sparked anger among residents. A plane sprayed chemicals into clouds ov…","India nubes-seminis iudicium facit ut smog Novi Delhi purgaret. NEW DELHI (AP) - Auctoritates Indianae die Martis per experimentum nubilum seminis super smog-chotum Nova Delhi perfecerunt in conatu pluviam inducere et toxicum urbis aerem purgare, qui iram inter incolas commovit. A chemicals iniecto in nubibus ov ...",2025-11-28 08:52:06+00:00
23212fac52b019d8a7cacc2ceae1e37f,2025-10-28T12:12:00Z,'cloud seeding',news.sky.com,en,0.8,India launches cloud-seeding trial over smog-choked New Delhi,A cloud-seeding experiment has been conducted over New Delhi to induce rainfall and clear the city's smog-filled air - with the move sparking anger among residents.,https://news.sky.com/story/india-launches-cloud-seeding-trial-over-smog-choked-new-delhi-13459286,https://e3.365dm.com/25/10/1600x900/skynews-aircraft-smog-new-delhi_7064749.jpg?20251028131027,,"A cloud-seeding experiment has been conducted over New Delhi to induce rainfall and clear the city's smog-filled air - with the move sparking anger among residents.
A plane sprayed chemicals into cl… [+2922 chars]",,"Indien startet Cloud-Seeding-Versuch über dem smoggeplagten Neu-Delhi. Über Neu-Delhi wurde ein Cloud-Seeding-Experiment durchgeführt, um Regen auszulösen und die smoghaltige Luft der Stadt zu reinigen – dieser Schritt löste bei den Bewohnern Verärgerung aus.",India launches cloud-seeding trial over smog-choked New Delhi. A cloud-seeding experiment has been conducted over New Delhi to induce rainfall and clear the city's smog-filled air - with the move sparking anger among residents.,India nubes-seminis iudicium inducit super smog-chotum Nova Delhi. Experimentum nubilum seminis in Nova Delhi gestum est ut pluviam inducat et purgationem aeris repleti smog urbis - cum ira movente scintillante inter incolas.,2025-11-28 08:52:06+00:00
d9573d73de16e829e6f1334c1e530760,2025-10-28T12:16:24Z,'cloud seeding',biztoc.com,en,0.8,India conducts cloud-seeding trial to clear New Delhi's smog,Indian authorities have conducted a cloud-seeding experiment over New Delhi to induce rainfall and clear the city’s toxic air,https://biztoc.com/x/fc37ce02948c73c3,https://biztoc.com/cdn/fc37ce02948c73c3_s.webp,,"Indian authorities have conducted a cloud-seeding experiment over New Delhi to induce rainfall and clear the citys toxic air
This story appeared on abcnews.go.com, 2025-10-28 11:58:03.",,"Indien führt einen Cloud-Seeding-Versuch durch, um den Smog in Neu-Delhi zu beseitigen. Indische Behörden haben über Neu-Delhi ein Wolkenexperiment durchgeführt, um Regen auszulösen und die giftige Luft der Stadt zu reinigen",India conducts cloud-seeding trial to clear New Delhi's smog. Indian authorities have conducted a cloud-seeding experiment over New Delhi to induce rainfall and clear the city’s toxic air,India nubes-seminis iudicium facit ut smog Novi Delhi purgaret. Auctoritates Indianae experimentum nubilum in Nova Delhi deduxerunt ad pluviam inducendam et toxicum civitatis aerem purgandum.,2025-11-28 08:52:06+00:00
630f9e66ce0156befc26269eff3fd9cf,2025-10-29T03:46:04Z,'cloud seeding',biztoc.com,en,0.8,India conducts cloud-seeding trial to clear New Delhi's smog,,https://biztoc.com/x/9c1cbdb924407a47,https://biztoc.com/cdn/950/og.png,,"{ window.open(this.href, '_blank'); }, 200); return false;""&gt;Why did Amazon announce 14,000 layoffs? { window.open(this.href, '_blank'); }, 200); return false;""&gt;How is Nvidia impacting AI chip m… [+711 chars]",,"Indien führt einen Cloud-Seeding-Versuch durch, um den Smog in Neu-Delhi zu beseitigen.",India conducts cloud-seeding trial to clear New Delhi's smog. ,India nubes-seminis iudicium facit ut smog Novi Delhi purgaret.,2025-11-28 08:52:06+00:00
7f84fd191535a5f5778d888ccc16a913,2025-10-28T03:15:13Z,'cloud seeding',economictimes.indiatimes.com,en,0.9,Delhi to conduct 1st cloud seeding trial today. What to expect?,"Delhi Environment Minister Manjinder Singh Sirsa on Tuesday said the city’s first cloud seeding trial will take place today once the aircraft arrives from Kanpur, where low visibility has delayed its take-off. “The flight will arrive in Delhi once the visibil…",https://economictimes.indiatimes.com/news/india/delhi-to-conduct-1st-cloud-seeding-trial-today-what-to-expect/articleshow/124862922.cms,"https://img.etimg.com/thumb/msid-124862953,width-1200,height-630,imgsize-52310,overlay-economictimes/articleshow.jpg",,Delhi Environment minister Manjinder Singh Sirsa said Tuesday the first cloud seeding trial will be conducted in the capital today after the aircraft equipped to carry out the exercise arrives from K… [+2908 chars],,"Delhi führt heute den ersten Cloud-Seeding-Versuch durch. Was erwartet Sie? Der Umweltminister von Delhi, Manjinder Singh Sirsa, sagte am Dienstag, der erste Cloud-Seeding-Versuch der Stadt werde heute stattfinden, sobald das Flugzeug aus Kanpur ankomme, wo schlechte Sicht den Start verzögert habe. „Der Flug wird in Delhi ankommen, sobald die Sichtbarkeit…","Delhi to conduct 1st cloud seeding trial today. What to expect?. Delhi Environment Minister Manjinder Singh Sirsa on Tuesday said the city’s first cloud seeding trial will take place today once the aircraft arrives from Kanpur, where low visibility has delayed its take-off. “The flight will arrive in Delhi once the visibil…","Delhi ducere 1st nubes seminis iudicii hodie. Quid sperem. Delhi Environment Minister Manjinder Singh Sirsa die Martis dixit primum nubes seminis iudicii urbis hodie fient, cum aircraft de Kanpur advenit, ubi humilis visibilitas suum remotionem distulit. ""Fuga in Delhi semel visibile perveniet…",2025-11-28 08:52:06+00:00
ede6b00bdf0c69e65ab2985befaabae4,2025-10-28T03:22:32Z,'cloud seeding',www.thehindubusinessline.com,en,0.9,Delhi to conduct 1st cloud seeding trial today once aircraft arrives from Kanpur: Minister Sirsa,"Minister said the visibility in Kanpur is currently at 2,000 metres and once it reaches 5,000 metres, the plane will take off for the trial.",https://www.thehindubusinessline.com/news/national/delhi-to-conduct-1st-cloud-seeding-trial-today-once-aircraft-arrives-from-kanpur-minister-sirsa/article70211007.ece,https://bl-i.thgim.com/public/incoming/e7zs4c/article70211010.ece/alternates/LANDSCAPE_1200/Trial-flight-foGIFF2KFQN.3.jpg.jpg,,Delhi Environment minister Manjinder Singh Sirsa said Tuesday the first cloud seeding trial will be conducted in the capital today after the aircraft equipped to carry out the exercise arrives from K… [+2950 chars],,"Delhi wird heute den ersten Cloud-Seeding-Versuch durchführen, sobald das Flugzeug aus Kanpur eintrifft: Minister Sirsa. Der Minister sagte, die Sichtweite in Kanpur liege derzeit bei 2.000 Metern und sobald sie 5.000 Meter erreicht habe, werde das Flugzeug zum Test starten.","Delhi to conduct 1st cloud seeding trial today once aircraft arrives from Kanpur: Minister Sirsa. Minister said the visibility in Kanpur is currently at 2,000 metres and once it reaches 5,000 metres, the plane will take off for the trial.","Delhi ducere 1 nubem seminis iudicii hodie semel a Kanpur aircraft advenit: Minister Sirsa. Minister visibilis in Kanpur dixit ad 2,000 metra praesens esse et semel ad 5,000 metra pervenit, planum iudicium tollet.",2025-11-28 08:52:06+00:00
1a459eb9f5aa734ec81fe32ea6d7922b,2025-10-29T03:39:26Z,'cloud seeding',economictimes.indiatimes.com,en,0.9,"Three rounds of cloud seeding conducted in Delhi, says minister","Delhi has conducted three rounds of cloud seeding, costing Rs 3.21 crore, to combat severe air pollution.  A modified aircraft dispersed a salt-based mix, with two more trials planned for Wednesday.  While no rain has been reported yet, the government hopes e…",https://economictimes.indiatimes.com/news/india/three-rounds-of-cloud-seeding-conducted-in-delhi-says-minister/articleshow/124888058.cms,"https://img.etimg.com/thumb/msid-124888052,width-1200,height-630,imgsize-69720,overlay-economictimes/articleshow.jpg",,"New Delhi: Three rounds of cloud seeding aimed at producing artificial rains have so far been carried out in the national capital, Delhi environment minister Manjinder Singh Sirsa told ET. The first … [+2492 chars]",,"Laut Minister wurden in Delhi drei Runden Cloud-Seeding durchgeführt. Delhi hat drei Runden Cloud-Seeding durchgeführt, die 3,21 Millionen Rupien kosten, um die schwere Luftverschmutzung zu bekämpfen.  Ein modifiziertes Flugzeug verteilte eine salzbasierte Mischung. Für Mittwoch sind zwei weitere Versuche geplant.  Obwohl noch kein Regen gemeldet wurde, hofft die Regierung, dass …","Three rounds of cloud seeding conducted in Delhi, says minister. Delhi has conducted three rounds of cloud seeding, costing Rs 3.21 crore, to combat severe air pollution.  A modified aircraft dispersed a salt-based mix, with two more trials planned for Wednesday.  While no rain has been reported yet, the government hopes e…","Tres orbes nubis seminis Delhi celebrati, dicit minister. Delhi tres ordines nubis seminis gessit, sumptus Rs 3.21 crore, ad pugnam gravis aeris pollutio.  Elit temperata mixta salsa substructio mixta dispersit cum duabus iudiciis Mercurii die destinatis.  Dum nulla pluvia adhuc nuntiata est, imperium spes e…",2025-11-28 08:52:06+00:00
8f20ea9cb81eab47f3d482a2a079ce12,2025-10-30T09:25:47Z,'cloud seeding',indianexpress.com,en,0.8,‘Baarish Dilli se chori hui hai’: Delhi Pradesh Youth Congress files theft complaint against government,"Delhi conducted its first cloud-seeding experiment to combat worsening air pollution, targeting pollution hotspots in Northwest Delhi.",https://indianexpress.com/article/cities/delhi/baarish-dilli-se-chori-hui-hai-delhi-pradesh-youth-congress-theft-complaint-10335838/,https://images.indianexpress.com/2025/10/cloud-seeding-4.jpg,,"A day after no rain was recorded after the cloud seeding efforts in the Capital, Delhi Pradesh Youth Congress president Akshay Lakra filed a police complaint of rain theft against the Chief Minister … [+1638 chars]",,„Baarish Dilli se chori hui hai“: Der Jugendkongress von Delhi Pradesh reicht Diebstahlsbeschwerde gegen die Regierung ein. Delhi führte sein erstes Cloud-Seeding-Experiment zur Bekämpfung der zunehmenden Luftverschmutzung durch und zielte dabei auf Verschmutzungs-Hotspots im Nordwesten Delhis ab.,"‘Baarish Dilli se chori hui hai’: Delhi Pradesh Youth Congress files theft complaint against government. Delhi conducted its first cloud-seeding experiment to combat worsening air pollution, targeting pollution hotspots in Northwest Delhi.","'Baarish Dilli se chori hui hai': Delhi Pradesh Congressus Iuventutis furtum queritur contra regimen. Delhi primum experimentum nubilum seminis deduxit ad pugnandum inquinatio aeris crescens, pollutio calidorum in Delhi aquilone.",2025-11-30 14:41:52+00:00
fd08c96345b90b2c2afafdbe598ce201,2025-10-30T04:12:06Z,'cloud seeding',www.linksdv.com,en,0.9,India trials Delhi cloud seeding to clean air in world’s most polluted city,"Bharatiya Janata party launches first test flight as brown haze blankets city after Diwali – but experts decry ‘gimmick’
 Enviado por admin en Social el",https://www.linksdv.com/24677,https://www.linksdv.com/cache/imagenlink/2025/10/0bfc96b5e29728f01cb9e5e55f779f07.webp,,"Links de Viernes
Bienvenido a Links de Viernes, LinksDV, LDV, comunidad de linksharing donde compartimos los enlaces que más nos gustan de la red.Podés registrate y sumar tus enlaces, votar, comenta… [+35 chars]",,"Indien testet Cloud-Seeding in Delhi, um die Luft in der am stärksten verschmutzten Stadt der Welt zu reinigen. Bharatiya Janata Party startet ersten Testflug, während nach Diwali brauner Dunst die Stadt bedeckt – aber Experten verurteilen „Spielerei“
 Enviado por admin en Social el","India trials Delhi cloud seeding to clean air in world’s most polluted city. Bharatiya Janata party launches first test flight as brown haze blankets city after Diwali – but experts decry ‘gimmick’
 Enviado por admin en Social el","Indiae probationes Delhi nubes seminis ad aerem mundandum in urbe mundi pollutissima. Bharatiya Janata factio primam fugam testium obducto stragulis civitatis post Diwali incitat - sed periti declamant 'gimmick'
 Enviado por admin en Social el",2025-11-30 14:41:52+00:00
9f4b90208f598e1fa17226577952e4fc,2025-10-30T07:46:08Z,'cloud seeding',indianexpress.com,en,0.9,Did Delhi’s pollution dip after cloud seeding? Here’s what data shows,Both Delhi Environment Minister Manjinder Singh Sirsa and IIT-Kanpur have said Tuesday’s double trials helped reduce particulate matter.,https://indianexpress.com/article/cities/delhi/delhi-pollution-dip-cloud-seeding-data-10335630/,https://images.indianexpress.com/2025/10/cloud-seeding-5.jpg,,"Two days ago, Delhi made two attempts at creating artificial rain to help curb pollution levels. No rain, however, was recorded in Delhi after the trials, which were conducted in association with IIT… [+3123 chars]",,"Ist die Luftverschmutzung in Delhi nach der Wolkenbildung zurückgegangen? Das zeigen die Daten. Sowohl der Umweltminister von Delhi, Manjinder Singh Sirsa, als auch das IIT-Kanpur sagten, die Doppelversuche am Dienstag hätten zur Reduzierung von Feinstaub beigetragen.",Did Delhi’s pollution dip after cloud seeding? Here’s what data shows. Both Delhi Environment Minister Manjinder Singh Sirsa and IIT-Kanpur have said Tuesday’s double trials helped reduce particulate matter.,Nonne pollutio Delhi post nubem seminis tingit? Hic ostendit quid notitia est. Tam Delhi Environment Minister Manjinder Singh Sirsa et IIT-Kanpur dixerunt Martis duplices probationes adiuvisse materiam particulatam minuere.,2025-11-30 14:41:52+00:00
2665a64a5df599f3f4b9537c06eaf2b8,2025-10-08T10:55:45Z,'drought World Weather Attribution',www.nakedcapitalism.com,en,0.3,Links 10/8/2025,"Our foxy daily links: >1 ton pumpkin, ineffective opioid, ocean heating, China chips advance, India econ questions, Dems to oppose Venezuela warmaking? France crisis, Iran drought, Russia battlefield account, Auerlien on operational failure, Fed worker shutdo…",https://www.nakedcapitalism.com/2025/10/links-10-8-2025.html,https://www.nakedcapitalism.com/wp-content/uploads/2025/10/Screenshot-2025-10-08-at-3.48.02 PM.png,http://web.archive.org/web/20251008193101/https://www.nakedcapitalism.com/2025/10/links-10-8-2025.html,"This is Naked Capitalism fundraising week. 1190 donors have already invested in our efforts to combat corruption and predatory conduct, particularly in the financial realm. Please join us and partici… [+10013 chars]",,"Links 08.10.2025. Unsere cleveren täglichen Links: >1 Tonne Kürbis, unwirksames Opioid, Meereserwärmung, China-Chips-Vormarsch, Indiens Wirtschaftsfragen, Demokraten wollen sich gegen die Kriegsführung in Venezuela stellen? Krise in Frankreich, Dürre im Iran, Bilanz Russlands auf dem Schlachtfeld, Auerlien über Betriebsversagen, Schließung von Fed-Mitarbeitern …","Links 10/8/2025. Our foxy daily links: >1 ton pumpkin, ineffective opioid, ocean heating, China chips advance, India econ questions, Dems to oppose Venezuela warmaking? France crisis, Iran drought, Russia battlefield account, Auerlien on operational failure, Fed worker shutdo…","Vincula 10/8/2025. Nostri nexus quotidiani vulpes: >1 ton cucurbita, inefficax opioidis, calefactio oceani, Sinarum xxxiii progrediuntur, quaestiones oeconomiae Indiae, Dems contra Venezuela calefaciendi? Discrimen Franciae, Irania siccitas, Russia campi proelii ratio, Auerlien in operational defectione, shutdo operarius H",2025-12-17 20:47:40+00:00
09ecee0a3ba0e047272d0e33d5efc039,2025-10-24T19:13:06Z,'drought World Weather Attribution',www.npr.org,en,0.3,"Coffee-driven deforestation is making it harder to grow coffee, watchdog group says","In Brazil's coffee-producing areas, more than 42,000 square miles of forest have disappeared over about two decades, says Coffee Watch. Deforestation leads to drought, which harms crop yields.",https://www.npr.org/2025/10/24/nx-s1-5582781/coffee-deforestation-brazil-forest,https://npr.brightspotcdn.com/dims3/default/strip/false/crop/8256x4644+0+352/resize/1400/quality/100/format/jpeg/?url=http%3A%2F%2Fnpr-brightspot.s3.amazonaws.com%2F18%2F36%2F1382da3b4c938b2b2c91b49bdfe2%2Fgettyimages-1244199932.jpg,,"As the world's thirst for coffee shows no signs of slowing down, widely used practices to ramp up the crop's production have become self-defeating, according to a nonprofit watchdog group.
In Brazil… [+3765 chars]",,"Die durch Kaffee verursachte Abholzung erschwert den Kaffeeanbau, sagt eine Überwachungsgruppe. Laut Coffee Watch sind in den Kaffeeanbaugebieten Brasiliens im Laufe von etwa zwei Jahrzehnten mehr als 42.000 Quadratmeilen Wald verschwunden. Die Abholzung der Wälder führt zu Dürre, die sich negativ auf die Ernteerträge auswirkt.","Coffee-driven deforestation is making it harder to grow coffee, watchdog group says. In Brazil's coffee-producing areas, more than 42,000 square miles of forest have disappeared over about two decades, says Coffee Watch. Deforestation leads to drought, which harms crop yields.","Deforestation Coffee agitatae facit difficilius ut capulus crescat, caterva dicit vigil. In areis capulus Brasiliae producentibus plus quam 42,000 quadrata milia silvarum plus duobus decenniis interisse dicit Coffee Watch. Deforestation siccitatem ducit, quae segeti nocet.",2025-12-17 20:47:40+00:00
